
> aura-monorepo@0.3.3 ci
> npm run check:format && npm run test:bench-scalable-runtime && npm run test:bench-numeric-arrays && npm run test:bench-release-performance && npm run test:bench-direct-integer-loops && npm run test:bench-binary-size && npm run test:rust-baselines && npm run test:release-packaging && npm run test:identity && npm run test:rust && npm run test:backend-parity && npm run test:lsp && npm run check:extension && npm run test:extension && npm run coverage:compiler:check && npm run coverage:lsp:check && npm run check:reference && npm run check:tutorials && npm run docs:build && npm run check:audit && npm run check:clippy && npm run check:hygiene


> aura-monorepo@0.3.3 check:format
> cargo fmt --all --check


> aura-monorepo@0.3.3 test:bench-scalable-runtime
> python3 -m unittest scripts/test_bench_scalable_runtime.py

........................................................
----------------------------------------------------------------------
Ran 56 tests in 8.470s

OK

> aura-monorepo@0.3.3 test:bench-numeric-arrays
> python3 -m unittest scripts/test_bench_numeric_arrays.py

...........
----------------------------------------------------------------------
Ran 11 tests in 0.005s

OK

> aura-monorepo@0.3.3 test:bench-release-performance
> python3 -m unittest scripts/test_bench_release_performance.py

........................
----------------------------------------------------------------------
Ran 24 tests in 0.224s

OK

> aura-monorepo@0.3.3 test:bench-direct-integer-loops
> python3 -m unittest scripts/test_bench_direct_integer_loops.py

..
----------------------------------------------------------------------
Ran 2 tests in 0.000s

OK

> aura-monorepo@0.3.3 test:bench-binary-size
> python3 -m unittest scripts/test_bench_binary_size.py

........
----------------------------------------------------------------------
Ran 8 tests in 0.013s

OK

> aura-monorepo@0.3.3 test:rust-baselines
> python3 -m unittest scripts/test_rust_baselines.py && python3 scripts/rust_baselines.py

..
----------------------------------------------------------------------
Ran 2 tests in 0.004s

OK
PASS fib30: exact protocol and checksum
PASS tasks_10000: exact protocol and checksum
PASS tcp_fanout: exact protocol and checksum
PASS retrying_worker: exact protocol and checksum
PASS int32_loop: exact protocol and checksum
PASS int64_loop: exact protocol and checksum
PASS startup: exact protocol and checksum
PASS float64_add: exact protocol and checksum
PASS float64_sum: exact protocol and checksum

> aura-monorepo@0.3.3 test:release-packaging
> python3 -m unittest scripts/test_release_packaging.py

....................................
----------------------------------------------------------------------
Ran 36 tests in 1.945s

OK

> aura-monorepo@0.3.3 test:identity
> python3 -m unittest scripts/test_aura_identity.py

...............
----------------------------------------------------------------------
Ran 15 tests in 17.126s

OK

> aura-monorepo@0.3.3 test:rust
> RUST_MIN_STACK=33554432 cargo test

   Compiling aura-compiler v0.3.3 (/Users/johnolafenwa/source2/Aurora/crates/aura-compiler)
   Compiling aura v0.3.3 (/Users/johnolafenwa/source2/Aurora/crates/aura)
    Finished `test` profile [unoptimized + debuginfo] target(s) in 14.13s
     Running unittests src/main.rs (target/debug/deps/aura-57e94fce03086619)

running 34 tests
test tests::macos_executable_shape_errors_invalidate_native_cache_entries ... ok
test tests::forced_direct_backend_never_invokes_fallback ... ok
test tests::auto_backend_reports_direct_failure_when_falling_back ... ok
test tests::lsp_service_rejects_a_client_from_another_semantic_schema ... ok
test tests::every_lsp_service_error_identifies_the_compiler_semantic_schema ... ok
test tests::native_link_arg_capture_rejects_remaining_control_characters_by_token ... ok
test tests::native_link_arg_capture_rejects_malformed_ansi_sequences ... ok
test tests::native_link_arg_capture_strips_complete_ansi_string_controls ... ok
test tests::coverage_builds_isolate_uninstrumented_native_runtime_artifacts ... ok
test tests::native_build_lock_rejects_symlinks_and_shared_writable_files ... ok
test tests::native_runtime_identity_preserves_archive_and_ordered_link_inputs ... ok
test tests::only_auto_run_degrades_to_the_mir_runtime ... ok
test tests::native_cache_rejects_group_or_world_writable_roots ... ok
test tests::parse_static_library_artifact_path_prefers_cargo_reported_archive ... ok
test tests::installed_runtime_artifacts_resolve_relative_to_packaged_executable ... ok
test tests::cache_invalidation_does_not_delete_a_replacement_entry ... ok
test tests::run_backend_parsing_defaults_to_mir_and_accepts_every_selector ... ok
test tests::native_cache_cleanup_removes_only_old_dead_exact_transients ... ok
test tests::runtime_archive_memo_stamp_detects_same_size_same_mtime_replacement ... ok
test tests::stale_verified_launch_cleanup_never_removes_a_live_owner ... ok
test tests::user_binary_link_flags_collect_unused_sections_on_supported_hosts ... ok
test tests::resolve_static_library_path_uses_single_hashed_archive_when_primary_missing ... ok
test tests::resolve_static_library_path_prefers_primary_staticlib ... ok
test tests::user_binary_strip_command_keeps_global_symbols_for_ffi ... ok
test tests::write_unique_temp_file_removes_partial_file_when_write_fails ... ok
test tests::write_unique_temp_file_rejects_existing_paths ... ok
test tests::native_signal_termination_is_a_hard_post_launch_failure ... ok
test tests::private_native_diagnostic_channel_distinguishes_status_from_a_trap ... ok
test tests::resolve_static_library_path_rejects_ambiguous_hashed_archives ... ok
test tests::native_cache_key_independently_tracks_the_semantic_interface_schema ... ok
test tests::private_native_diagnostic_channel_rejects_malformed_multiple_and_oversized_records ... ok
test tests::native_link_arg_capture_overrides_inherited_always_color_and_strips_ansi ... ok
test tests::verified_launch_lease_survives_parent_handle_until_native_child_exits ... ok
test tests::stripped_direct_and_mir_launchers_keep_source_frames_without_source_files ... ok

test result: ok. 34 passed; 0 failed; 0 ignored; 0 measured; 0 filtered out; finished in 17.36s

     Running tests/backend_parity.rs (target/debug/deps/backend_parity-1cab2dbac83e5949)

running 3 tests
test forced_mir_and_direct_backends_match_every_runtime_fixture ... ignored, full forced-backend fixture matrix; invoked by npm run test:backend-parity
test packaged_parity_aura_uses_cargo_reported_runtime_archive ... ok
test equality_obligation_rejections_are_identical_across_forced_backends ... ok

test result: ok. 2 passed; 0 failed; 1 ignored; 0 measured; 0 filtered out; finished in 1.08s

     Running tests/cli.rs (target/debug/deps/cli-2705f31dbe382fa0)

running 378 tests
test analyze_recovers_symbols_for_dangling_dot_stdin_buffers ... ok
test analyze_recovers_symbols_for_dangling_dot_at_eof_stdin_buffers ... ok
test analyze_stdin_resolves_local_module_imports ... ok
test ast_exits_cleanly_when_stdout_pipe_closes ... ok
test analyze_recovers_symbols_for_multiple_dangling_dots_with_imports ... ok
test ast_json_preserves_named_and_loop_shapes_while_exposing_tuples ... ok
test aura_test_discovers_test_functions_and_keeps_main_files_working ... ok
test aura_test_expands_parameter_registrations_before_filtering ... ok
test aura_test_filter_is_literal_case_sensitive_and_validates_usage ... ok
test aura_test_ignores_class_trait_and_impl_methods_named_like_hooks ... ok
test aura_test_json_is_one_ordered_schema_versioned_document ... ok
test aura_test_hook_failures_preserve_primary_and_report_teardown_secondarily ... ok
test aura_test_lifecycle_order_is_observable_through_external_side_effects ... ok
test aura_test_maintained_assertions_example_pins_the_runner_contract ... ok
test aura_test_non_function_hook_collisions_are_structured_diagnostics ... ok
test aura_test_preserves_manifest_authorized_ffi_across_lifecycle_phases ... ok
test aura_test_preserves_source_declaration_order_and_normalizes_reported_paths ... ok
test aura_test_registration_type_rejects_capturing_closures ... ok
test aura_test_reuses_one_checked_module_when_setup_rewrites_the_source ... ok
test all_benchmark_inputs_pass_checking ... ok
test aura_test_json_runner_failures_use_reason_and_do_not_leak_program_stdout ... ok
test aura_test_treats_file_level_assertions_as_test_results ... ok
test aura_test_runs_setup_and_teardown_for_each_selected_case ... ok
test aura_test_validates_parameter_labels_and_allows_empty_registration ... ok
test aura_test_registration_timeout_retains_stdout_in_the_single_json_document ... ok
test assertion_introspection_is_once_only_and_byte_identical_across_backends ... ok
test assertion_failure_remains_primary_when_cleanup_also_traps ... ok
test build_executes_multiple_specialized_trait_impl_dispatch ... ok
test assertions_evaluate_condition_once_and_message_only_on_failure ... ok
test build_executes_nested_generic_trait_bound_dispatch ... ok
test build_json_buffers_concurrent_wait_notice_into_one_failure_document ... ok
test build_executes_trait_impl_associated_methods ... ok
test assertion_introspection_json_matches_mir_and_direct_backends ... ok
test build_rejects_removed_mir_runtime_backend_option ... ok
test assertion_operand_traps_precede_assertion_failure ... ok
test build_from_stdin_produces_runnable_module_binary ... ok
test build_produces_a_runnable_binary ... ok
test build_produces_runnable_binary_for_program_with_local_modules ... ok
test build_with_direct_backend_flushes_notice_before_waiting_for_concurrent_build ... ok
test auto_run_json_fallback_preserves_native_progress_in_one_document ... ok
test build_produces_runnable_concurrency_binary ... ok
test build_runs_indirect_recursive_example ... ok
test bounded_blocking_pool_admission_preserves_scheduler_progress_on_every_runtime_path ... ok
test build_supports_task_result_returning_plain_classes ... ok
test build_with_auto_backend_falls_back_for_rich_match_example ... ok
test build_with_direct_backend_caps_fs_read_to_string_and_read_bytes ... ok
test build_with_direct_backend_prefers_more_specific_trait_impls ... ok
test build_with_direct_backend_preserves_scalar_return_values_through_with_cleanup ... ok
test build_with_direct_backend_prints_boolean_values_as_true_and_false ... ok
test assertions_preserve_exact_messages_in_run_and_direct_backends ... ok
test build_with_direct_backend_produces_runnable_binary_for_supported_program ... ok
test build_with_direct_backend_rejects_narrow_integer_overflow_at_runtime ... ok
test build_with_direct_backend_rejects_unsupported_programs ... ok
test build_with_direct_backend_runs_indirect_recursive_example ... ok
test build_with_direct_backend_runs_with_cleanup_on_normal_scope_exit ... ok
test build_with_direct_backend_supports_bare_none_unit_values ... ok
test build_with_direct_backend_supports_borrow_parameters_example ... ok
test build_with_direct_backend_supports_bytes_file_io_example ... ok
test build_with_direct_backend_supports_class_methods_example ... ok
test bounded_blocking_pool_timeout_and_cancellation_preserve_acceptance_boundary_parity has been running for over 60 seconds
test build_with_direct_backend_supports_concurrency_example ... ok
test build_with_direct_backend_supports_copy_return_selection_example ... ok
test build_with_direct_backend_supports_dict_basics_example ... ok
test build_with_direct_backend_supports_explicit_builtin_enum_type_args_example ... ok
test build_with_direct_backend_supports_file_io_example ... ok
test build_with_direct_backend_supports_float_comparisons_in_conditions ... ok
test build_with_direct_backend_supports_float_modulo ... ok
test build_with_direct_backend_supports_float_return_from_enum_match ... ok
test build_with_direct_backend_supports_for_range_example ... ok
test build_with_direct_backend_supports_full_range_uint128_example ... ok
test build_with_direct_backend_supports_generic_class_field_arithmetic ... ok
test bounded_blocking_pool_timeout_and_cancellation_preserve_acceptance_boundary_parity ... ok
test build_with_direct_backend_supports_generic_constructor_specialization_example ... ok
test build_with_direct_backend_supports_generic_data_example ... ok
test build_with_direct_backend_supports_generic_trait_bounds_example ... ok
test build_with_direct_backend_supports_generic_trait_impl_example ... ok
test build_with_direct_backend_supports_http_roundtrip_example ... ok
test build_with_direct_backend_supports_indexed_member_chains_and_fstring_indexing ... ok
test build_with_direct_backend_supports_inferred_enum_match_variants ... ok
test build_with_direct_backend_supports_list_basics_example ... ok
test build_with_direct_backend_supports_list_iteration_example ... ok
test build_with_direct_backend_supports_list_literals_and_iteration ... ok
test build_with_direct_backend_supports_list_methods_and_constructor ... ok
test build_with_direct_backend_supports_list_polish_example ... ok
test build_with_direct_backend_supports_literal_match_example ... ok
test build_with_direct_backend_supports_multi_payload_enum_variants ... ok
test build_with_direct_backend_supports_multi_type_trait_dispatch_example ... ok
test build_with_direct_backend_supports_mutating_methods_example ... ok
test build_with_direct_backend_supports_namespace_import_types_example ... ok
test build_with_direct_backend_supports_numeric_builtins_example ... ok
test build_with_direct_backend_supports_operator_traits_example ... ok
test build_with_direct_backend_supports_ordering_traits_example ... ok
test build_with_direct_backend_supports_point_example ... ok
test build_with_direct_backend_supports_queue_timeout_example ... ok
test build_with_direct_backend_supports_queue_timeout_matches ... ok
test build_with_direct_backend_supports_set_basics_example ... ok
test build_with_direct_backend_supports_simple_example ... ok
test build_with_direct_backend_supports_string_example ... ok
test build_with_direct_backend_supports_string_map_and_numeric_builtins ... ok
test build_with_direct_backend_supports_string_methods_example ... ok
test build_with_direct_backend_supports_string_parsing_and_formatting_example ... ok
test build_with_direct_backend_supports_task_result_returning_plain_classes ... ok
test build_with_direct_backend_supports_tcp_bytes_example ... ok
test build_with_direct_backend_supports_tcp_echo_example ... ok
test build_with_direct_backend_supports_trait_dispatch_example ... ok
test build_with_direct_backend_supports_trait_impls_on_builtin_types ... ok
test build_with_direct_backend_supports_try_and_result_example ... ok
test build_with_direct_backend_supports_udp_echo_example ... ok
test build_with_direct_backend_supports_unix_and_tls_example ... ok
test check_accepts_module_qualified_builtin_io_error_variants ... ok
test check_and_direct_backend_preserve_d6_own_parameter_guidance ... ok
test check_and_direct_backend_reject_queue_iteration_capability_modifiers ... ok
test check_and_direct_backend_reject_range_iteration_capability_modifiers ... ok
test check_and_forced_direct_reject_stale_field_match_binding ... ok
test check_rejects_huge_left_associative_expression_chains_without_crashing ... ok
test check_rejects_match_borrow_mut_binding_use_after_scrutinee_reassign ... ok
test check_reports_imported_module_syntax_errors_at_the_imported_file ... ok
test check_reports_match_expression_and_literal_pattern_diagnostics ... ok
test check_stdin_resolves_local_module_imports ... ok
test build_with_direct_backend_supports_websocket_roundtrip_example ... ok
test compile_commands_emit_the_shared_structured_diagnostic_schema ... ok
test complete_recovers_member_completions_for_dangling_dot_at_eof_stdin_buffers ... ok
test complete_recovers_member_completions_for_multiple_dangling_dots_with_imports ... ok
test complete_stdin_includes_imported_trait_methods ... ok
test complete_stdin_resolves_local_module_member_completions ... ok
test build_with_direct_backend_supports_with_cleanup_example ... ok
test built_binary_exits_cleanly_when_stdout_pipe_closes ... ok
test built_binary_runs_after_source_file_is_removed ... ok
test built_default_binaries_render_runtime_errors_with_source_context ... ok
test built_direct_binaries_render_runtime_errors_with_source_context ... ok
test cancelled_sleeping_children_resume_and_can_observe_cancellation ... ok
test cancelled_yields_for_cpu_bound_lightweight_tasks ... ok
test capture_free_function_values_cover_storage_copy_calls_and_task_targets_on_both_backends ... ok
test compile_commands_accept_membership_and_comparison_chains ... ok
test default_build_supports_bare_none_unit_values ... ok
test default_build_supports_bytes_file_io_example ... ok
test default_build_supports_copy_return_selection_example ... ok
test default_build_supports_dict_basics_example ... ok
test default_build_supports_explicit_builtin_enum_type_args_example ... ok
test default_build_supports_file_io_example ... ok
test default_build_supports_float_return_from_enum_match ... ok
test default_build_supports_generic_constructor_specialization_example ... ok
test default_build_supports_generic_trait_bounds_example ... ok
test default_build_supports_generic_trait_impl_example ... ok
test default_build_supports_http_roundtrip_example ... ok
test default_build_supports_list_basics_example ... ok
test default_build_supports_list_iteration_example ... ok
test default_build_supports_list_polish_example ... ok
test default_build_supports_literal_match_example ... ok
test default_build_supports_namespace_import_types_example ... ok
test default_build_supports_numeric_builtins_example ... ok
test default_build_supports_operator_traits_example ... ok
test default_build_supports_ordering_traits_example ... ok
test default_build_supports_queue_timeout_matches ... ok
test default_build_supports_set_basics_example ... ok
test default_build_supports_simple_example ... ok
test default_build_supports_string_methods_example ... ok
test default_build_supports_string_parsing_and_formatting_example ... ok
test default_build_supports_tcp_bytes_example ... ok
test default_build_supports_tcp_echo_example ... ok
test default_build_supports_udp_echo_example ... ok
test default_build_supports_unix_and_tls_example ... ok
test default_build_supports_websocket_roundtrip_example ... ok
test direct_backend_build_supports_advanced_io_and_network_surface ... ok
test direct_backend_build_supports_process_module_surface ... ok
test direct_backend_build_supports_unix_and_tls_network_surface ... ok
test direct_backend_callee_trap_cleanup_uses_current_resource_state ... ok
test direct_backend_metrics_int64_overflow_fails_at_runtime ... ok
test direct_cfg_view_identity_is_independent_of_block_storage_and_unreachable_metadata ... ok
test direct_backend_preserves_body_trap_when_cleanup_also_traps ... ok
test direct_backend_recursion_limit_uses_source_diagnostic ... ok
test direct_backend_recursion_with_with_frames_matches_run_cleanup_count ... ok
test direct_closure_writebacks_follow_cfg_and_snapshot_returned_view_selectors ... ok
test direct_backend_releases_owned_projected_receivers_on_every_dynamic_dispatch_path ... ok
test direct_backend_reports_recursion_overflow_without_signalling ... ok
test editor_stdin_analysis_and_completion_do_not_write_package_lockfile ... ok
test direct_backend_unwinds_with_resources_before_recursion_limit ... ok
test direct_backend_unwinds_with_resources_before_runtime_trap ... ok
test direct_backend_unwinds_with_resources_when_callee_traps ... ok
test dynamic_json_dumps_depth_limit_fits_forced_512_kib_tasks_on_both_backends ... ok
test fmt_is_idempotent_for_adr_0022_capability_syntax ... ok
test fmt_is_idempotent_for_extern_c_declarations ... ok
test fmt_is_idempotent_for_lambda_expression_syntax ... ok
test fmt_preserves_triple_quoted_string_bytes ... ok
test forced_direct_json_preserves_the_original_lowering_diagnostic ... ok
test explicit_four_worker_cancellation_and_task_failures_remain_isolated ... ok
test explicit_four_worker_queue_and_task_handles_match_backends ... ok
test explicit_four_worker_queue_stress_preserves_integrity_and_per_producer_fifo ... ok
test direct_json_channel_is_private_and_does_not_wait_for_a_grandchild ... ok
test help_flags_exit_successfully ... ok
test hosted_ci_safepoint_windows_scale_without_changing_local_windows ... ok
test direct_run_json_failure_remains_one_document_when_a_rebuild_is_needed ... ok
test direct_run_json_distinguishes_normal_nonzero_status_from_a_runtime_trap ... ok
test direct_run_json_buffers_wait_progress_into_one_document ... ok
test fixed_width_integer_methods_match_forced_mir_and_direct_backends ... ok
test four_worker_prints_are_complete_atomic_lines_on_both_backends ... ok
test fs_write_bytes_accepts_empty_lists_in_run_and_direct_backend ... ok
test generic_default_can_supply_a_function_value_for_calls_and_tasks_on_both_backends ... ok
test generic_tuple_substitution_runs_in_mir_and_direct_backends ... ok
test http_declared_response_above_fixed_cap_is_typed_on_both_backends ... ok
test imported_builtin_function_values_use_normal_dispatch_on_both_backends ... ok
test direct_run_json_transports_runtime_traps_on_cold_warm_and_auto_paths has been running for over 60 seconds
test inferred_function_values_preserve_mut_writeback_and_own_consumption_on_both_backends ... ok
test invalid_worker_override_is_au4006_on_mir_and_direct_backends ... ok
test lsp_service_handles_multiple_requests_in_one_process ... ok
test mir_and_forced_direct_reject_noncopy_internal_exposure ... ok
test large_http_responses_complete_without_timing_out ... ok
test mir_exits_cleanly_when_stdout_pipe_closes ... ok
test mir_stdin_resolves_local_module_imports ... ok
test list_insert_clamps_out_of_bounds_indices_on_run_and_direct_backends ... ok
test imported_builtin_function_values_retain_process_run_defaults_on_both_backends ... ok
test native_cache_format_carries_the_link_and_strip_construction_epoch ... ok
test loop_backedge_safepoints_prevent_socket_readiness_starvation ... ok
test imported_module_function_values_store_pass_and_call_on_both_backends ... ok
test loop_backedge_safepoints_prevent_timer_and_queue_starvation ... ok
test installed_direct_run_keeps_native_cache_optional_for_build_locking ... ok
test mir_and_forced_direct_support_one_thousand_simultaneously_suspended_tasks ... ok
test native_cache_creates_every_new_path_component_private_under_permissive_umask ... ok
test nested_package_module_can_be_analyzed_directly ... ok
test nested_package_module_can_be_checked_directly ... ok
test direct_run_json_transports_runtime_traps_on_cold_warm_and_auto_paths ... ok
test new_fmt_and_test_commands_cover_the_project_workflow ... ok
test module_qualified_spawn_target_runs_across_commands ... ok
test native_run_cache_preserves_verified_entry_when_private_launch_staging_fails ... ok
test nested_scheduler_spawns_preserve_outcomes_cleanup_and_backend_parity ... ok
test native_keep_symbols_skips_strip_and_separates_cached_programs ... ok
test numeric_array_all_dtypes_match_forced_mir_and_direct_backends ... ok
test native_run_cache_unrelated_warm_hit_does_not_wait_for_another_key ... ok
test numeric_array_composed_member_results_match_forced_mir_and_direct_backends ... ok
test native_run_cache_rejects_symlink_and_fifo_members_without_blocking_or_leaking ... ok
test numeric_array_nested_collection_copies_match_forced_mir_and_direct_backends ... ok
test numeric_array_operator_modes_match_forced_mir_and_direct_backends ... ok
test invalid_blocking_pool_configuration_is_au4006_before_user_code_on_every_runtime_path has been running for over 60 seconds
test numeric_array_invalid_shapes_match_forced_mir_and_direct_backends ... ok
test numeric_array_matrix_matches_forced_mir_and_direct_backends ... ok
test queue_consumers_share_work_fairly_on_one_worker ... ok
test owned_slice_matrix_matches_forced_mir_and_direct_backends ... ok
test process_completed_exposes_binary_stdout_bytes_in_run_and_direct_backend ... ok
test old_product_environment_names_are_not_honored ... ok
test owned_slice_au4003_traps_match_forced_mir_and_direct_backends ... ok
test process_completed_stdout_bytes_get_matches_short_option_patterns ... ok
test queue_get_or_without_timeout_returns_default_immediately ... ok
test queue_iteration_consumers_complete_with_more_cpu_burners_than_default_workers ... ok
test queue_iteration_exits_when_a_sibling_task_fails ... ok
test queue_iteration_exits_when_task_group_is_cancelled ... ok
test queue_iteration_exits_when_task_group_producers_return_cleanly ... ok
test queue_iteration_waits_for_standalone_task_group_producers ... ok
test native_run_cache_serializes_concurrent_cold_runs_into_one_build_and_verified_hits has been running for over 60 seconds
test queue_iteration_without_registered_producers_exits ... ok
test native_run_cache_verifies_artifacts_rebuilds_invalid_entries_and_keys_on_the_program has been running for over 60 seconds
test reference_tool_runner_package_has_pinned_output_on_both_backends ... ok
test retrying_network_worker_runs_with_computed_backoff_on_both_backends ... ok
test native_run_cache_serializes_concurrent_cold_runs_into_one_build_and_verified_hits ... ok
test run_and_built_programs_receive_arguments_and_environment ... ok
test run_and_direct_backend_allow_match_expression_value_scrutinee_first_use ... ok
test run_and_direct_backend_match_bare_none_in_indirect_option_field ... ok
test run_and_direct_backend_match_bare_none_literals_as_option_none ... ok
test run_and_direct_backend_match_d6_parameter_loop_and_task_defaults ... ok
test run_and_direct_backend_match_unannotated_get_or_none_and_result_or_none ... ok
test run_and_direct_backend_preserve_bare_none_in_collection_paths_and_nested_options ... ok
test run_and_direct_backend_preserve_builtin_module_enum_identity ... ok
test numeric_array_traps_match_forced_mir_and_direct_backends has been running for over 60 seconds
test run_and_direct_backend_preserve_field_match_writeback_across_sibling_mutation ... ok
test run_and_direct_backend_preserve_match_borrow_mut_writebacks_after_dead_branches ... ok
test run_and_direct_backends_backtrack_before_moving_match_expression_payloads ... ok
test run_and_direct_backends_compose_returned_view_descendants ... ok
test run_and_direct_backends_discover_queues_nested_in_task_arguments ... ok
test run_and_direct_backends_distinguish_exact_cast_from_rounding_conversion ... ok
test run_and_direct_backends_move_deep_fields_without_consuming_siblings ... ok
test run_and_direct_backends_move_noncopy_try_errors_through_from_conversion ... ok
test run_and_direct_backends_preserve_bounded_trait_dispatch_identity ... ok
test run_and_direct_backends_preserve_contextual_int32_literal_inference ... ok
test run_and_direct_backends_preserve_default_int64_to_uint64_negation_failure ... ok
test run_and_direct_backends_preserve_default_integer_generic_dispatch ... ok
test run_and_direct_backends_preserve_dynamic_returned_view_closure_writeback ... ok
test invalid_blocking_pool_configuration_is_au4006_before_user_code_on_every_runtime_path ... ok
test run_and_direct_backends_preserve_false_fs_exists_results ... ok
test run_and_direct_backends_preserve_float_context_integer_literals ... ok
test run_and_direct_backends_preserve_floor_division_across_integer_widths_and_places ... ok
test run_and_direct_backends_preserve_floor_division_and_modulo ... ok
test run_and_direct_backends_preserve_generic_numeric_receiver_dispatch ... ok
test run_and_direct_backends_preserve_int64_defaulting_boundaries_aliases_and_casts ... ok
test run_and_direct_backends_preserve_integer_call_equality_contexts ... ok
test run_and_direct_backends_preserve_integer_to_float_expression_contexts ... ok
test run_and_direct_backends_preserve_integer_to_float_rounding ... ok
test run_and_direct_backends_preserve_nested_numeric_generic_dispatch ... ok
test run_and_direct_backends_preserve_shortest_roundtrip_float_printing ... ok
test run_and_direct_backends_preserve_the_dynamic_json_surface ... ok
test run_and_direct_backends_preserve_the_numbers_example ... ok
test run_and_direct_backends_preserve_try_error_conversion_width ... ok
test run_and_direct_backends_preserve_vec_algorithm_order_stability_and_ownership ... ok
test run_and_direct_backends_support_immediate_mutable_returned_view_receivers ... ok
test run_and_direct_backends_support_loop_local_mutable_closures ... ok
test run_and_direct_backends_preserve_specialized_returned_view_trait_identity_in_both_impl_orders ... ok
test run_and_direct_backends_transfer_json_task_results_and_clean_up_unobserved_values ... ok
test run_and_direct_backends_transfer_structural_values_across_task_boundaries ... ok
test run_and_direct_backends_trap_boxed_int128_floor_division_overflow ... ok
test run_and_direct_backends_trap_float_floor_division_by_zero ... ok
test run_and_direct_backends_trap_signed_floor_division_overflow ... ok
test run_and_direct_filesystem_read_to_string_accepts_above_retired_cap ... ok
test run_caps_fs_read_to_string_and_read_bytes ... ok
test run_executes_bytes_file_io_example ... ok
test run_executes_copy_return_selection_example ... ok
test run_executes_dict_basics_example ... ok
test run_executes_file_io_example ... ok
test run_executes_generic_constructor_specialization_example ... ok
test run_executes_generic_trait_bounds_example ... ok
test run_executes_generic_trait_impl_example ... ok
test run_executes_http_roundtrip_example ... ok
test run_executes_list_basics_example ... ok
test run_executes_list_iteration_example ... ok
test run_executes_list_literals_and_iteration ... ok
test run_executes_list_polish_example ... ok
test run_executes_literal_match_example ... ok
test run_executes_numeric_builtins_example ... ok
test run_executes_operator_traits_example ... ok
test run_executes_ordering_traits_example ... ok
test run_executes_programs_with_local_modules ... ok
test run_executes_set_basics_example ... ok
test run_executes_string_map_and_numeric_builtins ... ok
test run_executes_string_methods_example ... ok
test run_executes_string_parsing_and_formatting_example ... ok
test run_executes_supported_programs ... ok
test run_executes_tcp_bytes_example ... ok
test run_executes_tcp_echo_example ... ok
test run_executes_try_example ... ok
test run_executes_udp_echo_example ... ok
test run_executes_unix_and_tls_roundtrip_example ... ok
test run_executes_vec_methods_and_constructor ... ok
test run_executes_websocket_roundtrip_example ... ok
test run_executes_with_example ... ok
test run_flushes_stdout_before_sigkill ... ok
test run_handles_long_binary_expression_chains_quickly ... ok
test run_mir_command_is_rejected ... ok
test run_preserves_buffered_stdout_on_runtime_error ... ok
test run_stdin_resolves_local_module_imports ... ok
test run_stdin_with_path_resolves_local_module_imports ... ok
test run_and_direct_backends_publish_mutable_call_writebacks_before_trap_cleanup ... ok
test native_run_cache_verifies_artifacts_rebuilds_invalid_entries_and_keys_on_the_program ... ok
test run_backend_selector_matches_across_mir_direct_and_auto ... ok
test run_backends_drop_partial_comprehension_before_propagating_trap ... ok
test run_backends_lower_comprehensions_in_function_and_field_defaults ... ok
test runtime_selected_function_value_traps_keep_the_dynamic_target_frame_on_both_backends ... ok
test run_backends_match_eager_comprehension_behavior ... ok
test run_backends_match_full_comprehension_runtime_matrix ... ok
test run_backends_publish_mutable_match_guard_writeback_before_trap_cleanup ... ok
test runtime_selected_task_target_traps_name_the_chosen_target_and_spawn_ancestry ... ok
test s1_float32_power_and_python_surface_match_mir_and_direct_backends ... ok
test s1_narrow_operators_format_sort_and_guarded_patterns_match_backends ... ok
test s1_string_to_bytes_matches_mir_and_direct_backends ... ok
test scheduler_mixed_wakeups_complete_in_mir_and_direct_backends ... ok
test self_receiver_method_result_can_bind_to_a_name ... ok
test single_worker_queue_stress_preserves_integrity_without_promising_consumer_fairness ... ok
test string_lengths_and_negative_list_indices_match_run_and_direct_backends ... ok
test task_group_join_detects_cross_join_cycles_after_multiple_cleanup_probes ... ok
test task_group_join_does_not_treat_the_joining_parent_as_a_queue_waker ... ok
test task_group_join_keeps_reachable_queue_producers_alive_under_cpu_load ... ok
test task_group_join_still_cancels_a_queue_wait_without_a_reachable_waker ... ok
test task_group_join_tracks_queue_handles_received_after_task_start ... ok
test task_group_scope_exit_cancels_blocked_children ... ok
test task_group_stack_overrides_preserve_bounds_argument_order_and_backend_parity ... ok
test numeric_array_traps_match_forced_mir_and_direct_backends ... ok
test task_group_stack_overrides_reject_dynamic_out_of_range_values_on_both_backends ... ok
test task_result_or_without_timeout_returns_fallback_immediately ... ok
test s1_discarded_collection_capacity_failures_match_mir_and_direct_backends ... ok
test upgrade_downloads_and_runs_the_official_installer_for_the_active_prefix ... ok
test upgrade_rejects_arguments_and_the_unratified_update_alias ... ok
test task_results_surface_errors_without_aborting_the_program ... ok
test too_negative_list_index_traps_on_run_and_direct_backends ... ok
test trapping_function_value_defaults_report_the_public_target_on_both_backends ... ok
test version_flags_exit_successfully ... ok
test typed_select_negative_deadline_is_au4001_on_both_backends_with_four_workers ... ok
test typed_select_nested_queue_payload_types_match_on_both_backends ... ok
test typed_select_nonrepeatable_task_delivery_matches_with_four_workers ... ok
test typed_select_pending_queue_task_deadline_and_cancellation_match_with_four_workers ... ok
test typed_select_queue_priority_and_loser_preservation_match_with_four_workers ... ok
test unread_task_failures_abort_task_group_scope ... ok
test vec_remove_out_of_bounds_is_a_runtime_error ... ok
test vec_set_out_of_bounds_is_a_runtime_error ... ok
test vec_swap_out_of_bounds_is_a_runtime_error ... ok
test wait_any_without_tasks_times_out_immediately ... ok
test with_task_group_joins_start_soon_before_scope_exit ... ok
test yield_now_fairness_remains_observable_on_one_worker ... ok
test zero_sized_udp_reads_return_typed_invalid_input_in_mir_and_direct_backends ... ok

test result: ok. 378 passed; 0 failed; 0 ignored; 0 measured; 0 filtered out; finished in 525.44s

     Running tests/control_retry.rs (target/debug/deps/control_retry-3c7e175d7513300c)

running 6 tests
test retry_rejects_nonzero_arity_and_non_result_workers_with_teaching_diagnostics ... ok
test specialized_retry_function_value_preserves_retry_semantics_on_both_backends ... ok
test retry_propagates_worker_traps_without_retrying_on_both_backends ... ok
test retry_propagates_task_cancellation_instead_of_returning_the_last_error ... ok
test retry_reaches_a_later_success_and_doubles_delays_on_both_backends ... ok
test retry_validates_arguments_before_invoking_the_worker_on_both_backends ... ok

test result: ok. 6 passed; 0 failed; 0 ignored; 0 measured; 0 filtered out; finished in 12.20s

     Running tests/ffi_acceptance.rs (target/debug/deps/ffi_acceptance-02fccf109e14dd64)

running 5 tests
test same_clock_tick_temp_packages_remain_isolated ... ok
test package_ffi_requires_explicit_manifest_opt_in ... ok
test manifest_authorized_ffi_test_function_runs_through_the_trusted_path_api ... ok
test maintained_getpid_example_runs_with_backend_parity ... ok
test getpid_binding_runs_with_backend_parity ... ok

test result: ok. 5 passed; 0 failed; 0 ignored; 0 measured; 0 filtered out; finished in 3.53s

     Running tests/lambda_acceptance.rs (target/debug/deps/lambda_acceptance-53c1d69dc4e92be7)

running 2 tests
test imported_lambdas_at_the_same_source_position_keep_distinct_closure_ids ... ok
test closures_and_lambda_powered_apis_match_on_both_backends ... ok

test result: ok. 2 passed; 0 failed; 0 ignored; 0 measured; 0 filtered out; finished in 3.80s

     Running tests/mir_backtraces.rs (target/debug/deps/mir_backtraces-d919f2facd93ee8f)

running 6 tests
test aura_run_renders_nested_call_and_child_task_backtraces ... ok
test standalone_direct_human_trap_keeps_frames_and_runs_cleanup_once ... ok
test direct_json_stdin_preserves_the_virtual_path_in_typed_frames ... ok
test mir_and_direct_json_preserve_exact_nested_task_ancestry ... ok
test structured_frames_keep_imported_function_paths_on_both_backends ... ok
test mir_and_direct_json_use_the_same_typed_call_and_task_frames ... ok

test result: ok. 6 passed; 0 failed; 0 ignored; 0 measured; 0 filtered out; finished in 9.83s

     Running tests/native_codegen_acceptance.rs (target/debug/deps/native_codegen_acceptance-8c62d88eef592fb7)

running 1 test
test public_object_codegen_infers_host_and_wait_result_types ... ok

test result: ok. 1 passed; 0 failed; 0 ignored; 0 measured; 0 filtered out; finished in 0.02s

     Running tests/packages.rs (target/debug/deps/packages-faa1cea841716fc3)

running 8 tests
test deps_update_preserves_the_compiler_diagnostic_code ... ok
test manifest_aware_stdin_analysis_and_completion_support_path_dependencies ... ok
test manifest_aware_stdin_analysis_and_completion_support_git_dependencies ... ok
test deps_update_refreshes_a_specific_git_dependency_only ... ok
test deps_update_refreshes_all_git_dependencies_in_the_current_package ... ok
test manifest_aware_cli_commands_support_path_dependencies ... ok
test manifest_aware_cli_commands_support_git_dependencies ... ok
test maintained_package_examples_run_through_cli_commands ... ok

test result: ok. 8 passed; 0 failed; 0 ignored; 0 measured; 0 filtered out; finished in 6.69s

     Running tests/process_diagnostic_codes.rs (target/debug/deps/process_diagnostic_codes-7801298f21bec687)

running 1 test
test process_completed_text_decoding_is_au4005_on_mir_and_direct_backends ... ok

test result: ok. 1 passed; 0 failed; 0 ignored; 0 measured; 0 filtered out; finished in 4.19s

     Running unittests src/lib.rs (target/debug/deps/aura_compiler-a1af07a7215d2a39)

running 1885 tests
test analysis::tests::adr0038_analysis_view_source_helpers_cover_place_shapes_and_recovery ... ok
test analysis::tests::adr0038_analysis_resolves_unambiguous_bounded_trait_returned_view_methods ... ok
test analysis::tests::adr0038_analysis_traces_grouped_and_forwarded_view_origins ... ok
test analysis::tests::adr0038_analysis_exposes_view_provenance_and_return_contracts ... ok
test analysis::tests::adr0038_analysis_specializes_returned_view_methods_and_preserves_origins ... ok
test analysis::tests::adr0038_capture_recovery_ignores_quoted_delimiters_and_stale_capture_names ... ok
test analysis::tests::adr0038_analysis_callee_resolution_handles_grouping_shadowing_and_arity ... ok
test analysis::tests::analysis_and_completion_report_public_length_members_as_int64 ... ok
test analysis::tests::adr0038_analysis_substitutes_trait_arguments_and_grouped_specialized_callees ... ok
test analysis::tests::analysis_builtin_member_types_cover_io_network_and_process_surfaces ... ok
test analysis::tests::analysis_builtin_completion_and_statement_helpers_cover_remaining_branches ... ok
test analysis::tests::adr0038_completion_scope_retains_view_bindings_and_sources ... ok
test analysis::tests::analysis_helper_functions_cover_formatting_ranges_and_builtin_surface ... ok
test analysis::tests::adr0038_completion_recovers_multiline_lambda_capture_lists ... ok
test analysis::tests::analysis_ignores_builtin_omitted_defaults_outside_source_inference ... ok
test analysis::tests::analysis_infers_canonical_concrete_type_for_user_generic_specialization ... ok
test analysis::tests::analysis_import_and_match_resolution_helpers_cover_fallbacks ... ok
test analysis::tests::adr0038_analysis_tracks_capture_identifiers_and_recovers_partial_capture_completion ... ok
test analysis::tests::analysis_infers_enumerate_and_zip_loop_binding_types ... ok
test analysis::tests::analysis_exposes_structural_tuple_equality_without_consuming_operands ... ok
test analysis::tests::analysis_maps_tuple_ordering_diagnostic ... ok
test analysis::tests::analysis_records_enum_occurrences_nested_inside_tuple_patterns ... ok
test analysis::tests::analysis_member_assignment_without_source_field_range_does_not_emit_occurrence ... ok
test analysis::tests::adr0038_completion_recovers_multiline_capture_list_boundaries ... ok
test analysis::tests::analysis_completion_helpers_cover_top_level_module_and_enum_surfaces ... ok
test analysis::tests::analysis_recovery_helpers_stop_when_replacement_makes_no_progress ... ok
test analysis::tests::analysis_recovery_helpers_cover_placeholders_and_receiver_extraction ... ok
test analysis::tests::analysis_records_recursive_tuple_match_bindings_and_body_uses ... ok
test analysis::tests::analysis_recovery_only_classifies_code_dots_as_dangling_members ... ok
test analysis::tests::analysis_preserves_tuple_recovery_for_invalid_patterns_and_grouped_indices ... ok
test analysis::tests::analysis_records_variant_occurrences_inside_match_patterns ... ok
test analysis::tests::analysis_completion_and_inference_helpers_cover_builtin_collection_and_enum_surfaces ... ok
test analysis::tests::analysis_reports_collection_search_and_projection_result_types ... ok
test analysis::tests::builtin_variant_inference_helpers_cover_builtin_constructors_and_unknowns ... ok
test analysis::tests::analysis_trait_impl_helpers_cover_generic_bound_resolution ... ok
test analysis::tests::analysis_recovery_replaces_the_multiline_statement_owning_a_dangling_member ... ok
test analysis::tests::compiler_analysis_accepts_builtin_named_arguments ... ok
test analysis::tests::analysis_scope_and_call_inference_helpers_cover_methods_assignments_and_builtins ... ok
test analysis::tests::adr0038_analysis_resolves_imported_returned_views_and_nested_type_arguments ... ok
test analysis::tests::compiler_analysis_handles_named_wait_any_timeout ... ok
test analysis::tests::analysis_tracks_annotated_tuple_destructuring_index_types_and_completion_scope ... ok
test analysis::tests::closure_types_preserve_analysis_shape_unknown_detection_and_call_results ... ok
test analysis::tests::compiler_analysis_infers_round_and_divmod_results_and_builtin_hover ... ok
test analysis::tests::builtin_module_alias_analysis_uses_the_visible_name_and_canonical_members ... ok
test analysis::tests::analysis_resolves_canonical_enums_from_the_module_registry ... ok
test analysis::tests::compiler_member_completion_for_map_exposes_map_methods ... ok
test analysis::tests::compiler_member_completion_for_string_exposes_string_methods ... ok
test analysis::tests::compiler_member_completion_for_list_reports_insert_unit_detail ... ok
test analysis::tests::compiler_member_completion_includes_trait_impl_methods ... ok
test analysis::tests::compiler_member_completion_returns_class_fields ... ok
test analysis::tests::compiler_analysis_preserves_real_ownership_diagnostic_metadata ... ok
test analysis::tests::compiler_analysis_reports_provenance_for_representative_ownership_paths ... ok
test analysis::tests::compiler_duration_tooling_exposes_static_constructors_and_instance_conversions ... ok
test analysis::tests::array_analysis_infers_results_and_exposes_constructor_and_member_completions ... ok
test analysis::tests::compiler_member_completion_tolerates_dangling_dot_buffers ... ok
test analysis::tests::compiler_member_completion_tolerates_multiple_dangling_dot_buffers ... ok
test analysis::tests::analysis_recovery_helpers_cover_member_error_paths ... ok
test analysis::tests::compiler_member_completion_tolerates_dangling_dot_at_eof_buffers ... ok
test analysis::tests::compiler_top_level_completion_includes_keywords_and_builtins ... ok
test analysis::tests::completion_keeps_function_scope_through_a_multiline_final_statement ... ok
test analysis::tests::completion_scope_tracks_nested_statement_bindings ... ok
test analysis::tests::completion_scope_walks_past_if_else_and_while_blocks ... ok
test analysis::tests::compiler_member_completion_survives_a_closing_delimiter_and_unrelated_diagnostic ... ok
test analysis::tests::comprehension_analysis_infers_every_builtin_iterable_target_and_result_shape ... ok
test analysis::tests::compiler_completion_uses_nested_scopes_for_methods_match_for_and_trait_bounds ... ok
test analysis::tests::completion_preserves_array_types_through_group_call_index_and_slice_receivers ... ok
test analysis::tests::compiler_string_byte_tooling_separates_static_decode_from_instance_encode ... ok
test analysis::tests::comprehension_completion_finds_the_filter_keyword_by_source_token_position ... ok
test analysis::tests::conditional_expression_analysis_visits_all_operands_and_keeps_result_type ... ok
test analysis::tests::conditional_function_type_inference_prefers_concrete_nested_contracts ... ok
test analysis::tests::completion_uses_expression_and_nested_block_extents_for_final_statements ... ok
test analysis::tests::d3_analysis_reports_canonical_int64_for_aliases_and_defaulted_expressions ... ok
test analysis::tests::fixed_width_integer_completion_exposes_all_shift_arithmetic_modes ... ok
test analysis::tests::conditional_expression_result_type_drives_member_completion ... ok
test analysis::tests::d5_analysis_renders_canonical_receiver_modes_and_completes_own_keyword ... ok
test analysis::tests::comprehension_scope_composes_with_contextual_lambda_scope ... ok
test analysis::tests::d3_assert_analysis_visits_condition_and_lazy_message_without_defining_scope ... ok
test analysis::tests::conditional_expression_analysis_uses_the_contextual_arm_type ... ok
test analysis::tests::incomplete_expression_inference_preserves_stable_editor_types ... ok
test analysis::tests::d6_analysis_renders_source_parameter_and_transfer_ownership ... ok
test analysis::tests::lambda_analysis_displays_consuming_closure_bindings ... ok
test analysis::tests::function_value_analysis_preserves_symbol_contract_and_indirect_call_result ... ok
test analysis::tests::machine_readable_analysis_preserves_zero_based_runtime_frames ... ok
test analysis::tests::lambda_scope_navigation_follows_every_expression_container_to_its_structural_end ... ok
test analysis::tests::complete_path_source_recovers_imported_module_member_completion ... ok
test analysis::tests::lambda_analysis_resolves_parameters_captures_and_closure_bindings ... ok
test analysis::tests::machine_readable_analysis_recovers_symbols_for_dangling_dot_buffers ... ok
test analysis::tests::machine_readable_analysis_reports_diagnostics ... ok
test analysis::tests::lambda_scope_navigation_reaches_assignment_targets_and_assert_operands ... ok
test analysis::tests::machine_readable_analysis_recovers_symbols_for_dangling_dot_at_eof_buffers ... ok
test analysis::tests::machine_readable_analysis_recovers_symbols_for_multiple_dangling_dot_buffers ... ok
test analysis::tests::machine_readable_analysis_covers_symbols_and_occurrences ... ok
test analysis::tests::p64_extern_items_are_preserved_in_machine_readable_symbols ... ok
test analysis::tests::math_analysis_completes_and_hovers_the_exact_public_surface ... ok
test analysis::tests::module_constants_are_symbols_hover_targets_and_completions ... ok
test analysis::tests::math_analysis_exposes_qualified_and_aliased_constant_details ... ok
test analysis::tests::lambda_analysis_preserves_parameter_modes_and_vec_map_result_types ... ok
test analysis::tests::membership_and_comparison_chain_operands_keep_analysis_coverage ... ok
test analysis::tests::comprehension_analysis_uses_execution_scope_and_exact_target_spans ... ok
test analysis::tests::nested_written_function_types_drive_completion_scope_and_json_schema ... ok
test analysis::tests::path_aware_analysis_tracks_definitions_for_namespace_imported_symbols ... ok
test analysis::tests::p64_path_analysis_exposes_local_extern_completions_hovers_and_definitions ... ok
test analysis::tests::path_analysis_infers_imported_function_values_and_member_call_results ... ok
test analysis::tests::phase6_analysis_specializes_vec_map_and_explicit_generic_module_results ... ok
test analysis::tests::phase72_slice_analysis_visits_bounds_and_preserves_owned_result_types ... ok
test analysis::tests::phase72_slice_result_type_drives_member_completion_during_an_incomplete_edit ... ok
test analysis::tests::phase72_slice_completion_recovers_call_bases_and_delimiters_inside_strings ... ok
test analysis::tests::queue_timeout_analysis_does_not_treat_queue_receive_or_ms_as_unknown ... ok
test analysis::tests::s1_frontend_range_loop_analysis_matches_the_int64_index_domain ... ok
test analysis::tests::s1_frontend_analysis_resolves_trait_symbols_and_integer_round_results ... ok
test analysis::tests::path_aware_analysis_preserves_same_leaf_imported_generic_class_identity ... ok
test analysis::tests::p64_path_analysis_exposes_imported_extern_members_and_handle_types ... ok
test analysis::tests::path_aware_analysis_tracks_imported_function_field_and_trait_method_definitions ... ok
test analysis::tests::path_named_random_keeps_user_rng_analysis_distinct_from_the_builtin ... ok
test analysis::tests::top_level_completion_scope_respects_constant_initialization_phase ... ok
test analysis::tests::typed_select_analysis_withholds_types_for_invalid_or_ambiguous_sources ... ok
test ast::tests::adding_conditional_expressions_preserves_existing_expression_json_shapes ... ok
test ast::tests::conditional_expression_json_shape_names_all_three_operands ... ok
test ast::tests::dummy_helpers_cover_receiver_and_none_defaults ... ok
test ast::tests::function_type_convenience_constructor_preserves_parameter_spans_and_default_capability ... ok
test ast::tests::for_stmt_json_preserves_simple_binding_shape_and_exposes_tuple_targets ... ok
test analysis::tests::user_defined_rng_completion_uses_only_its_declared_surface ... ok
test ast::tests::function_type_pretty_json_preserves_the_public_wire_shape ... ok
test ast::tests::item_name_matches_decl_name ... ok
test ast::tests::membership_and_comparison_chain_json_shapes_are_stable ... ok
test ast::tests::owned_slice_json_keeps_omitted_endpoints_and_colon_span_explicit ... ok
test ast::tests::tuple_ast_nodes_are_structural_and_keep_binding_spans ... ok
test ast::tests::type_ref_json_preserves_named_tuple_and_function_shapes ... ok
test builtin_modules::tests::builtin_imported_binding_reports_unknown_builtin_module_paths ... ok
test builtin_modules::tests::builtin_type_lowering_preserves_nested_function_signatures ... ok
test builtin_modules::tests::builtin_imported_binding_resolves_exports_and_reports_missing_names ... ok
test analysis::tests::typed_select_analysis_exposes_inferred_outcomes_and_builtin_surface ... ok
test builtin_modules::tests::bytes_namespace_exposes_shared_byte_vector_codecs_and_typed_errors ... ok
test builtin_modules::tests::control_namespace_exposes_generic_retry_contract_and_defaults ... ok
test builtin_modules::tests::host_builtin_metadata_covers_module_functions_and_associated_string_codecs ... ok
test builtin_modules::tests::json_namespace_exposes_dynamic_tree_contract ... ok
test analysis::tests::written_function_type_aliases_are_canonical_in_completion_scope ... ok
test builtin_modules::tests::math_namespace_exposes_exact_generic_float64_constants ... ok
test builtin_modules::tests::random_namespace_exposes_one_opaque_rng_type_and_secure_functions ... ok
test bytes_codec::tests::base64_decoder_allocates_only_the_exact_decoded_length ... ok
test builtin_modules::tests::math_namespace_exposes_the_exact_float64_function_contract ... ok
test bytes_codec::tests::allocation_budget_and_host_capacity_failures_use_the_same_resource_category ... ok
test bytes_codec::tests::base64_decoding_requires_standard_canonical_encoding_and_exact_offsets ... ok
test bytes_codec::tests::base64_matches_the_rfc_4648_vectors ... ok
test bytes_codec::tests::codec_errors_have_stable_user_facing_messages_and_categories ... ok
test bytes_codec::tests::base64_round_trips_arbitrary_bytes ... ok
test bytes_codec::tests::expanded_length_checks_pin_the_exact_codec_safety_ceiling_without_allocating ... ok
test bytes_codec::tests::hex_decoding_is_strict_and_reports_byte_offsets_before_allocating ... ok
test bytes_codec::tests::every_byte_round_trips_through_hex ... ok
test bytes_codec::tests::every_allocating_operation_reports_a_resource_failure_without_partial_output ... ok
test bytes_codec::tests::hashing_a_string_uses_its_utf8_representation ... ok
test bytes_codec::tests::hex_encoding_is_lowercase_and_decoding_accepts_both_cases ... ok
test bytes_codec::tests::sha256_returns_raw_standard_digest_bytes ... ok
test bytes_codec::tests::string_conversion_uses_exact_utf8_bytes_and_does_not_modify_the_input ... ok
test bytes_codec::tests::string_from_bytes_rejects_invalid_utf8_at_the_first_invalid_byte ... ok
test call::tests::array_call_metadata_pins_constructors_members_and_integer_modes ... ok
test call::tests::builtin_function_call_shapes_expose_bare_shared_argument_metadata ... ok
test call::tests::builtin_function_bind_args_cover_remaining_variants ... ok
test call::tests::associated_call_metadata_covers_duration_constructors_and_string_byte_decoding ... ok
test call::tests::builtin_member_call_shapes_declare_receiver_argument_and_variadic_passing ... ok
test call::tests::builtin_function_metadata_and_binding_surface_are_stable ... ok
test call::tests::bind_call_arguments_reports_named_binding_errors ... ok
test call::tests::builtin_member_io_network_and_process_bindings_cover_argument_shapes ... ok
test call::tests::builtin_member_io_network_and_process_metadata_is_stable ... ok
test call::tests::call_binding_helpers_cover_argument_count_and_decl_metadata_paths ... ok
test call::tests::call_metadata_helpers_cover_argument_count_and_doc_surface ... ok
test call::tests::callable_params_follow_default_presence ... ok
test call::tests::concurrency_builtin_docs_teach_transfer_and_single_consumer_contracts ... ok
test call::tests::concurrency_builtin_surface_uses_structured_wait_helpers_only ... ok
test call::tests::integer_and_array_arithmetic_hover_contracts_name_each_operation ... ok
test call::tests::builtin_member_metadata_resolution_and_binding_surface_are_stable ... ok
test call::tests::keyword_only_binding_rejects_positional_arguments ... ok
test call::tests::list_indexed_mutation_hover_docs_match_runtime_behavior ... ok
test call::tests::positional_or_named_binding_orders_arguments ... ok
test call::tests::s1_frontend_canonical_collection_associated_metadata_is_exact_and_bindable ... ok
test call::tests::s1_frontend_canonical_membership_metadata_names_dict_and_set_behavior_plainly ... ok
test call::tests::random_call_metadata_covers_opaque_construction_and_mutating_members ... ok
test diag::tests::assertion_operand_values_are_bounded_to_4096_utf8_bytes ... ok
test diag::tests::an_empty_runtime_frame_snapshot_is_still_complete ... ok
test call::tests::variadic_task_group_binding_preserves_order_and_rejects_keyword_arguments ... ok
test diag::tests::diagnostic_code_registry_is_unique_banded_and_append_only_shaped ... ok
test diag::tests::assertion_operands_are_typed_structured_fields_and_human_notes ... ok
test diag::tests::renders_annotated_diagnostics_with_source_context ... ok
test analysis::tests::s1_frontend_specialized_collection_completion_reports_the_concrete_result_type ... ok
test diag::tests::renders_unspanned_and_out_of_range_diagnostics ... ok
test diag::tests::runtime_boundary_normalization_keeps_runtime_diagnostics_in_the_runtime_band ... ok
test diag::tests::structured_runtime_frames_use_the_report_path_when_source_paths_are_absent ... ok
test diag::tests::structured_diagnostics_preserve_codes_labels_help_and_edits ... ok
test analysis::tests::random_analysis_exposes_single_rng_binding_and_stateful_members ... ok
test diag::tests::structured_diagnostics_always_serialize_typed_runtime_frame_arrays ... ok
test diag::tests::runtime_frames_capture_once_clone_and_render_without_polluting_notes ... ok
test ffi::tests::empty_views_use_null_pointers_with_zero_lengths ... ok
test ffi::tests::marshals_every_fixed_width_scalar_argument ... ok
test diag::tests::uncoded_constructors_assign_stable_phase_banded_codes ... ok
test ffi::tests::mutable_byte_view_writes_back_without_allowing_a_length_change ... ok
test ffi::tests::mutable_view_writes_back_even_when_return_validation_fails ... ok
test ffi::tests::opaque_handle_round_trips_but_a_null_return_is_rejected ... ok
test ffi::tests::passes_utf8_strings_and_byte_vectors_as_pointer_length_views ... ok
test ffi::tests::rejected_argument_diagnostics_name_every_ffi_v0_boundary_type ... ok
test ffi::tests::rejects_arity_type_and_view_return_contract_errors_before_calling_host_code ... ok
test analysis::tests::import_alias_analysis_preserves_visible_names_and_canonical_definitions ... ok
test ffi::tests::unmarshals_every_fixed_width_scalar_return ... ok
test integer::tests::checked_arithmetic_preserves_common_width_and_exposes_out_of_width_results_for_validation ... ok
test integer::tests::d3_negative_literal_default_is_int64_and_does_not_widen_implicitly ... ok
test integer::tests::checked_integer_power_preserves_width_and_reports_domain_and_overflow ... ok
test integer::tests::fixed_width_bitwise_and_shift_helpers_obey_the_accepted_contract ... ok
test integer::tests::integer_floor_division_and_modulo_follow_the_divisor_sign ... ok
test ffi::tests::resolves_process_global_system_symbols_and_reports_lookup_failures ... ok
test integer::tests::every_integer_kind_validates_shift_counts_and_preserves_width_semantics ... ok
test integer::tests::runtime_integer_kinds_report_every_language_integer_name ... ok
test integer::tests::integer_value_helpers_cover_division_remainder_comparisons_and_bounds ... ok
test integer::tests::s1_frontend_bitwise_operations_preserve_every_runtime_integer_width ... ok
test integer::tests::s1_frontend_unsigned_integer_power_preserves_the_declared_runtime_width ... ok
test integer::tests::saturating_integer_arithmetic_clamps_to_the_declared_bounds ... ok
test integer::tests::typed_integer_constructors_enforce_each_declared_width ... ok
test integer::tests::width_arithmetic_obeys_every_declared_integer_boundary ... ok
test integer::tests::wrapping_integer_arithmetic_preserves_declared_width_and_wraps_at_both_bounds ... ok
test json_codec::tests::bounded_numeric_writer_flush_is_transparent_and_preserves_followup_writes ... ok
test json_codec::tests::codec_errors_have_stable_user_facing_messages ... ok
test json_codec::tests::depth_limit_precedes_later_parse_validation ... ok
test json_codec::tests::dump_object_sort_scratch_allocation_failure_is_reported ... ok
test json_codec::tests::decoder_adapter_diagnostics_remain_specific_and_source_anchored ... ok
test integer::tests::typed_integer_metadata_survives_copy_containers_and_serde ... ok
test json_codec::tests::dumps_uses_canonical_escapes_for_named_and_other_control_characters ... ok
test json_codec::tests::dumps_is_sorted_compact_or_exactly_indented_and_preserves_integer_spelling ... ok
test json_codec::tests::dumps_rejects_invalid_indent_nonfinite_values_depth_and_output_overflow ... ok
test json_codec::tests::empty_objects_parse_as_empty_objects ... ok
test json_codec::tests::duplicate_object_keys_keep_the_first_slot_and_last_value ... ok
test json_codec::tests::eof_syntax_errors_point_immediately_after_the_final_source_scalar ... ok
test json_codec::tests::exponent_lexemes_beyond_i128_preserve_overflow_and_underflow_semantics ... ok
test json_codec::tests::exact_number_lexemes_select_int_or_float_without_losing_i64_boundaries ... ok
test json_codec::tests::input_and_depth_limits_accept_the_exact_boundary_without_large_allocations ... ok
test json_codec::tests::iterative_dumps_handles_empty_and_nonempty_containers_in_both_layouts ... ok
test json_codec::tests::parse_errors_are_structured_with_exact_source_locations ... ok
test json_codec::tests::parse_materializes_every_json_value_kind_and_preserves_object_order ... ok
test json_codec::tests::syntax_errors_take_precedence_over_later_number_like_text ... ok
test json_codec::tests::serde_arbitrary_precision_marker_is_preserved_as_a_real_object_key ... ok
test json_codec::tests::tree_construction_allocation_failures_keep_the_allocation_error_category ... ok
test lexer::tests::d4_lexer_accepts_single_quoted_strings_with_shared_escape_semantics ... ok
test lexer::tests::d4_lexer_tracks_single_quoted_strings_inside_fstring_interpolations ... ok
test lexer::tests::delimited_match_layout_island_emits_only_the_match_suite_layout ... ok
test lexer::tests::d4_lexer_reports_single_quoted_string_diagnostics_at_the_literal_span ... ok
test lexer::tests::delimited_match_closer_indentation_is_continuation_formatting ... ok
test lexer::tests::delimiter_diagnostics_pair_closers_and_eof_with_the_opening_span ... ok
test lexer::tests::delimiters_inside_strings_fstrings_and_comments_do_not_affect_continuation ... ok
test lexer::tests::delimiter_nesting_limit_is_a_lexical_error_at_the_next_opener ... ok
test lexer::tests::duration_literals_scale_to_nonnegative_i128_nanoseconds_at_each_unit_boundary ... ok
test lexer::tests::fstring_prefix_diagnostics_teach_the_supported_single_line_form ... ok
test lexer::tests::lexer_decodes_extended_string_escape_sequences ... ok
test lexer::tests::lexer_ignores_a_utf8_bom_at_the_start_of_the_source ... ok
test lexer::tests::lexer_covers_successful_escape_decoding_and_signed_duration_range_failures ... ok
test lexer::tests::lexer_reports_exact_truncated_escape_and_numeric_boundary_diagnostics ... ok
test lexer::tests::lexer_reports_fstring_interpolation_depth_limit ... ok
test lexer::tests::lexer_covers_extended_escape_brace_float_and_identifier_edges ... ok
test lexer::tests::lexes_exact_triple_quoted_and_raw_string_values ... ok
test lexer::tests::lexes_indentation_and_skips_blank_or_comment_lines ... ok
test lexer::tests::lexer_reports_precise_spans_for_dedents_eof_and_errors ... ok
test lexer::tests::lexes_integer_base_prefixes_and_between_digit_separators ... ok
test lexer::tests::lexes_single_token_and_trailing_comment_cases ... ok
test lexer::tests::lexes_strings_fstrings_numbers_and_durations ... ok
test lexer::tests::lexes_keywords_operators_and_delimiters ... ok
test lexer::tests::lexes_nested_interpolations_and_reports_duration_overflow ... ok
test lexer::tests::newline_continuation_ignores_blank_and_comment_only_physical_lines ... ok
test lexer::tests::invalid_integer_base_digits_and_separator_positions_are_au1001 ... ok
test lexer::tests::newline_continuation_ignores_physical_indent_and_resumes_outer_layout ... ok
test lexer::tests::multiline_triple_string_escape_errors_point_at_the_later_physical_line ... ok
test lexer::tests::nested_delimiters_inside_a_delimited_match_arm_remain_continuations ... ok
test lexer::tests::newline_continuation_suppresses_layout_inside_all_delimiter_kinds ... ok
test lexer::tests::s1_frontend_fstrings_preserve_escaped_braces_and_decode_ordinary_escapes ... ok
test lexer::tests::s1_frontend_fstring_interpolation_keeps_braces_inside_triple_quoted_arguments ... ok
test lexer::tests::rejects_unterminated_triple_and_odd_terminal_raw_backslashes ... ok
test lexer::tests::reports_lex_errors_for_tabs_bad_indentation_and_invalid_sequences ... ok
test lexer::tests::physical_tabs_are_content_only_inside_triple_quoted_strings ... ok
test lexer::tests::s1_frontend_physical_tabs_in_single_line_string_forms_report_the_same_source_error ... ok
test lexer::tests::s1_frontend_numeric_literal_failures_name_overflow_and_duration_separator_rules ... ok
test lexer::tests::s1_frontend_raw_string_diagnostics_distinguish_unsupported_triples_and_missing_terminators ... ok
test mir::tests::adr0038_cleanup_ends_local_loans_before_early_exit ... ok
test mir::tests::adr0038_closure_capture_lowering_preserves_each_loan_mode ... ok
test mir::tests::adr0038_contextual_returned_call_projections_cross_control_flow_shapes ... ok
test analysis::tests::comprehension_completion_respects_token_boundaries_and_map_output_scope ... ok
test mir::tests::adr0038_branch_local_view_ids_and_existing_view_capture_sources_are_distinct ... ok
test mir::tests::adr0038_every_reachable_returned_view_path_requires_a_loan_handoff ... ok
test mir::tests::adr0038_generic_trait_views_and_early_return_cleanup_lower_without_panics ... ok
test mir::tests::adr0038_forwarded_returned_call_projections_use_composed_loans ... ok
test mir::tests::adr0038_loan_validator_rejects_alias_spelling_moves_and_use_after_end ... ok
test mir::tests::adr0038_malformed_mir_loan_instruction_diagnostics_are_specific ... ok
test mir::tests::adr0038_loan_validator_rejects_capability_forgery_and_unbalanced_paths ... ok
test mir::tests::adr0038_mir_reborrow_and_returned_projections_are_canonical_and_type_valid ... ok
test mir::tests::adr0038_member_effect_validation_uses_declared_receiver_passing ... ok
test mir::tests::adr0038_mir_structure_is_validated_before_reachability ... ok
test mir::tests::adr0038_imported_returned_view_forwarding_uses_the_declaration_owner ... ok
test mir::tests::adr0038_multi_alternative_returned_view_captures_resolve_the_selected_source ... ok
test mir::tests::adr0038_nested_fixed_places_render_without_placeholder_segments ... ok
test mir::tests::adr0038_module_qualified_returned_views_keep_exported_origin_metadata ... ok
test mir::tests::adr0038_mutable_member_receivers_cannot_redirect_writeback ... ok
test mir::tests::adr0038_public_mir_rejects_forged_function_and_method_declarations ... ok
test mir::tests::adr0038_deep_symbolic_returned_view_contracts_fail_closed_without_stack_overflow ... ok
test mir::tests::adr0038_public_mir_rejects_forged_call_argument_contracts ... ok
test mir::tests::adr0038_public_mir_rejects_mutable_capture_escalation_from_shared_input ... ok
test mir::tests::adr0038_public_mir_rejects_suspended_locked_and_overlapping_loan_accesses ... ok
test mir::tests::adr0038_public_mir_rejects_named_function_signature_forgery ... ok
test mir::tests::adr0038_public_mir_rejects_mutable_member_receiver_contract_forgery ... ok
test json_codec::tests::large_unique_objects_use_one_hash_index_probe_per_entry ... ok
test mir::tests::adr0038_public_mir_rejects_mutable_argument_writeback_forgery ... ok
test mir::tests::adr0038_recursive_returned_view_cycles_use_a_conservative_root_descriptor ... ok
test mir::tests::adr0038_loan_identifiers_and_active_descriptor_names_are_bounded ... ok
test mir::tests::adr0038_returned_loan_handoffs_may_narrow_authorized_projection_alternatives ... ok
test mir::tests::adr0038_returned_method_views_and_immediate_call_reborrows_lower_explicitly ... ok
test mir::tests::adr0038_returned_loan_handoffs_are_bound_to_the_exact_callee_contract ... ok
test mir::tests::adr0038_returned_view_descendant_captures_resolve_the_selected_source ... ok
test mir::tests::adr0038_returned_view_projection_helpers_cover_every_place_and_control_shape ... ok
test mir::tests::adr0038_return_loan_is_linear_and_returned_paths_are_bounded ... ok
test mir::tests::adr0038_returned_contract_analysis_bounds_cumulative_alias_expansion ... ok
test mir::tests::adr0038_symbolic_contract_budget_rejects_direct_resource_overflow ... ok
test mir::tests::adr0038_view_lowering_uses_explicit_loan_operations ... ok
test mir::tests::adr0038_unreachable_return_loans_cannot_expand_callee_authority ... ok
test mir::tests::array_and_builtin_associated_results_retain_checked_types_in_mir ... ok
test mir::tests::adr0038_reborrow_expansion_has_cumulative_work_and_active_state_budgets ... ok
test mir::tests::assertion_introspection_captures_supported_binary_and_membership_operands ... ok
test mir::tests::assertion_introspection_evaluates_once_left_to_right_and_renders_before_lazy_message ... ok
test mir::tests::assertion_introspection_excludes_conditions_without_two_operand_semantics ... ok
test mir::tests::assertions_lower_to_lazy_failure_blocks_with_keyword_spans ... ok
test mir::tests::adr0038_returned_contract_analysis_rejects_inconsistent_and_invalid_descriptors ... ok
test mir::tests::canonical_list_calls_preserve_value_types_and_widen_only_index_arguments ... ok
test mir::tests::closure_callbacks_and_task_targets_lower_through_shared_callable_contracts ... ok
test mir::tests::comprehensions_lower_to_owned_collection_literals_nested_loops_and_insertion_calls ... ok
test mir::tests::conditional_expressions_lower_to_a_typed_branch_and_join ... ok
test json_codec::tests::materialized_value_node_limit_accepts_the_exact_boundary_and_rejects_the_next_node ... ok
test mir::tests::assertion_introspection_requires_shared_custom_comparison_dispatch ... ok
test mir::tests::conditional_result_inference_uses_the_concrete_arm_in_either_position ... ok
test mir::tests::canonical_numeric_constants_formats_and_patterns_preserve_exact_mir_types ... ok
test mir::tests::comprehensions_preserve_checked_iterator_ownership_and_generated_lambda_context ... ok
test mir::tests::consuming_bind_only_tuple_patterns_do_not_clone_elements_during_matching ... ok
test mir::tests::consuming_match_uses_a_private_owner_and_destructive_payload_operands ... ok
test mir::tests::control_retry_lowers_to_shared_indirect_calls_and_runtime_policy_adapters ... ok
test mir::tests::consuming_mixed_tuple_patterns_take_owned_elements_and_copy_scalar_bindings ... ok
test mir::tests::d3_mir_canonicalizes_int_and_defaults_unhinted_integer_values_to_int64 ... ok
test mir::tests::contextual_none_equality_lowers_none_as_option_variants ... ok
test mir::tests::duration_builtin_operator_matrix_takes_precedence_over_traits ... ok
test mir::tests::d6_mir_uses_declaration_resolved_parameter_conventions ... ok
test mir::tests::control_retry_is_materialized_only_when_imported_and_has_a_real_callable_body ... ok
test mir::tests::copy_tuple_indexing_projects_without_partial_move_mir ... ok
test mir::tests::duration_constructors_and_conversions_lower_to_canonical_call_targets ... ok
test mir::tests::d6_shared_default_temporary_lives_through_the_call ... ok
test mir::tests::duration_nanoseconds_lower_to_an_exact_i128_operand ... ok
test mir::tests::every_ordinary_for_form_uses_a_fresh_scoped_target_slot ... ok
test mir::tests::duration_operators_with_integer_literals_keep_heterogeneous_builtin_types ... ok
test mir::tests::extern_view_and_shared_handle_calls_preserve_exact_mir_contracts ... ok
test mir::tests::generic_tuple_type_helpers_preserve_nested_parameters_and_structure ... ok
test mir::tests::extern_calls_lower_to_explicit_abi_metadata_without_synthetic_function_bodies ... ok
test mir::tests::every_for_loop_shape_has_exactly_one_safepoint_latch ... ok
test mir::tests::guarded_consuming_or_pattern_commits_with_destructive_payload_operands ... ok
test mir::tests::generic_operator_calls_retain_the_authoritative_trait_identity ... ok
test mir::tests::grouped_tuple_index_and_set_destructure_execute_through_mir ... ok
test mir::tests::imported_class_and_enum_lookup_rejects_ambiguous_unqualified_names ... ok
test mir::tests::heterogeneous_ordinary_for_bindings_use_distinct_scoped_typed_slots ... ok
test mir::tests::imported_comprehensions_resolve_owner_qualified_result_metadata ... ok
test mir::tests::imported_module_class_collection_walks_nested_namespaces ... ok
test mir::tests::imported_extern_calls_lower_from_and_qualified_names_without_wrapper_bodies ... ok
test mir::tests::imported_lambdas_resolve_owner_qualified_metadata_and_lifted_function_ids ... ok
test mir::tests::imported_task_targets_preserve_contextual_and_static_specialization ... ok
test mir::tests::imported_trait_impl_collection_deduplicates_equivalent_impls ... ok
test mir::tests::indexed_compound_assignment_results_keep_the_collection_element_type ... ok
test mir::tests::json_dumps_omitted_indent_materializes_option_none_in_checked_mir ... ok
test mir::tests::integer_call_equality_keeps_each_call_temporary_at_its_declared_type ... ok
test mir::tests::json_dump_failures_keep_their_documented_mir_trap_codes ... ok
test mir::tests::json_owned_accessors_lower_noncopy_places_without_snapshot_clones ... ok
test mir::tests::json_owned_accessors_accept_rvalue_temporaries ... ok
test mir::tests::json_named_and_default_arguments_preserve_source_evaluation_order ... ok
test mir::tests::json_runtime_enums_keep_their_module_qualified_identity ... ok
test mir::tests::list_algorithms_lower_callbacks_to_ordinary_indirect_calls_before_mutation ... ok
test mir::tests::json_parse_dump_and_accessors_execute_through_the_mir_runtime ... ok
test mir::tests::imported_generic_rng_holders_keep_distinct_canonical_mir_identities ... ok
test mir::tests::lowerer_constructor_inference_and_for_fallback_cover_unchecked_edges ... ok
test mir::tests::lowerer_direct_collection_literals_cover_uninferred_set_and_map_exprs ... ok
test mir::tests::lowerer_direct_pattern_helpers_cover_defensive_variant_and_literal_edges ... ok
test mir::tests::lower_path_to_mir_covers_imported_module_surface ... ok
test mir::tests::lower_source_to_mir_covers_broad_control_flow_and_collection_surface ... ok
test mir::tests::lowerer_module_resolution_and_rendering_helpers_cover_imported_paths ... ok
test mir::tests::list_algorithms_execute_stably_in_order_and_preserve_their_shared_source ... ok
test mir::tests::lowerer_trait_and_member_type_helpers_cover_trait_bounds_and_variants ... ok
test mir::tests::mir_closure_conversion_preserves_capture_metadata_and_uses_value_calls ... ok
test mir::tests::mir_function_value_lowering_preserves_defaults_and_capabilities ... ok
test mir::tests::mir_projection_and_unknown_type_helpers_preserve_fallback_contracts ... ok
test mir::tests::mir_function_value_helpers_preserve_nested_types_and_imported_specialization ... ok
test mir::tests::mir_types_public_length_members_as_int64 ... ok
test mir::tests::mir_helper_functions_cover_builtin_ops_and_type_lowering ... ok
test mir::tests::module_constant_index_receiver_metadata_tracks_the_materialized_collection ... ok
test mir::tests::mutable_guarded_or_match_expression_writes_back_before_the_next_arm ... ok
test mir::tests::module_constant_comprehension_receiver_metadata_tracks_the_materialized_collection ... ok
test mir::tests::mutable_vec_writeback_precedes_its_single_safepoint_latch ... ok
test mir::tests::mir_functions_preserve_defining_paths_with_source_only_fallback_remaining_absent ... ok
test mir::tests::nested_and_copy_tuple_patterns_preserve_binding_ownership ... ok
test mir::tests::non_copy_destructure_consumes_the_whole_source_then_takes_captured_elements ... ok
test mir::tests::nested_while_loops_have_distinct_single_safepoint_latches ... ok
test mir::tests::ordinary_for_target_scope_starts_after_iterable_evaluation ... ok
test mir::tests::nested_closure_conversion_nests_environment_types_and_lifted_call_abis ... ok
test mir::tests::noncopy_value_flow_lowers_to_explicit_moves_while_copy_payloads_stay_reads ... ok
test mir::tests::owned_conditional_values_move_only_the_selected_arm_into_the_join ... ok
test mir::tests::own_user_and_trait_receivers_lower_as_explicit_moves ... ok
test mir::tests::owned_slice_lowering_preserves_endpoint_presence_and_source_order ... ok
test mir::tests::projected_copy_member_receiver_metadata_tracks_the_materialized_value ... ok
test mir::tests::owned_operator_receiver_metadata_tracks_the_snapshot_operand ... ok
test mir::tests::queue_and_owned_collection_iteration_lower_destructive_yields ... ok
test mir::tests::random_rng_constructor_and_projected_shuffle_lower_with_mutable_writeback ... ok
test mir::tests::projected_source_reads_do_not_register_projection_paths_as_mir_locals ... ok
test mir::tests::queue_iteration_receiver_metadata_tracks_the_materialized_handle ... ok
test mir::tests::retained_process_and_http_builtin_arguments_lower_with_owned_operands ... ok
test mir::tests::path_named_random_keeps_local_and_imported_user_rng_classes_out_of_builtin_lowering ... ok
test mir::tests::task_group_stack_override_lowers_stack_operand_and_named_target_arguments ... ok
test mir::tests::task_group_captures_use_owned_operands_for_bare_and_own_target_params ... ok
test mir::tests::task_group_start_records_copyability_of_the_result_type ... ok
test mir::tests::task_group_generic_starts_preserve_specialized_result_types_and_repeatability ... ok
test mir::tests::task_observations_and_waits_move_only_nonrepeatable_rights ... ok
test mir::tests::task_target_inference_rejects_conflicting_argument_types_before_lowering ... ok
test mir::tests::tuple_literal_elements_use_the_explicit_tuple_annotation_context ... ok
test mir::tests::tuple_for_targets_project_the_iteration_value_before_the_body ... ok
test mir::tests::task_target_context_does_not_reinterpret_ordinary_or_invalid_indices ... ok
test mir::tests::tuple_literals_capture_each_element_left_to_right_before_construction ... ok
test mir::tests::tuple_patterns_lower_through_element_cfg_not_enum_match ... ok
test mir::tests::task_target_specialization_preserves_tuple_qualified_and_inferred_types ... ok
test mir::tests::while_backedge_paths_converge_at_one_safepoint_and_break_bypasses_it ... ok
test mir::tests::typed_select_lowers_sources_in_order_and_moves_only_nonrepeatable_task_rights ... ok
test mir::tests::typed_select_queue_and_deadline_outcomes_execute_through_mir ... ok
test mir_runtime::tests::adr0038_forwarded_returned_views_preserve_the_transferred_projection ... ok
test mir_runtime::tests::adr0038_dynamic_returned_view_closure_captures_keep_the_selected_descriptor ... ok
test mir_runtime::tests::adr0038_mir_loan_environment_covers_alias_resolution_and_nested_place_errors ... ok
test mir_runtime::tests::adr0038_mir_returned_loan_instruction_reports_handoff_errors_and_root_projection ... ok
test mir_runtime::tests::adr0038_condition_edges_and_branch_local_views_balance_the_runtime_ledger ... ok
test mir_runtime::tests::adr0038_grouped_specialized_forwarding_retains_its_projection ... ok
test mir_runtime::tests::adr0038_mutable_closure_capture_writes_back_to_its_live_source ... ok
test mir_runtime::tests::adr0038_generic_returned_view_forwarding_uses_declaration_context ... ok
test mir_runtime::tests::adr0038_mutable_views_write_through_and_reborrows_share_one_place ... ok
test mir_runtime::tests::adr0038_nested_and_projected_returned_calls_compose_descriptors ... ok
test mir_runtime::tests::adr0038_public_mir_runtime_validates_loan_authority_before_execution ... ok
test mir_runtime::tests::adr0038_parameterized_trait_forwarding_narrows_the_caller_descriptor ... ok
test mir_runtime::tests::adr0038_returned_view_descendants_compose_through_captures_and_forwarding ... ok
test mir_runtime::tests::adr0038_returned_view_handoffs_survive_reentrant_cleanup_calls ... ok
test mir_runtime::tests::adr0038_runtime_loan_ledger_enforces_capability_and_parent_lifecycle ... ok
test mir_runtime::tests::adr0038_runtime_loan_ledger_rejects_invalid_identity_and_shared_constant_moves ... ok
test mir_runtime::tests::adr0038_runtime_place_types_fall_back_to_values_and_reject_dynamic_projection ... ok
test mir_runtime::tests::adr0038_nested_last_uses_end_in_the_selected_control_flow_path ... ok
test mir_runtime::tests::adr0038_shared_reborrows_do_not_suspend_their_shared_parent ... ok
test mir_runtime::tests::borrow_mut_operator_writebacks_preserve_projected_places ... ok
test mir_runtime::tests::adr0038_return_cleanup_alias_forwarding_and_view_capture_remain_live ... ok
test mir_runtime::tests::adr0038_returned_views_keep_the_callers_origin ... ok
test mir_runtime::tests::adr0038_trapping_mutable_calls_publish_writebacks_before_cleanup ... ok
test mir_runtime::tests::builtin_math_constant_uses_once_initialized_shared_module_storage ... ok
test mir_runtime::tests::env_place_helpers_cover_nested_reads_and_writes ... ok
test mir_runtime::tests::contextual_none_rhs_equality_preserves_the_left_option_snapshot ... ok
test mir_runtime::tests::failed_module_constant_reads_replay_the_original_diagnostic ... ok
test mir_runtime::tests::canonical_list_index_absence_is_au4008_with_actionable_help ... ok
test mir_runtime::tests::mir_array_containing_vec_and_map_copies_are_independent ... ok
test mir_runtime::tests::guarded_or_pattern_expressions_preserve_owned_commit_and_mutable_writeback ... ok
test mir_runtime::tests::mir_array_place_operations_borrow_storage_and_mutate_in_place ... ok
test mir_runtime::tests::mir_arrays_preserve_named_argument_order_and_capturing_map_results ... ok
test mir_runtime::tests::mir_assert_fail_attaches_typed_bounded_operands_in_source_order ... ok
test mir_runtime::tests::mir_assert_fail_moves_an_owned_message_only_on_the_failure_path ... ok
test mir_runtime::tests::mir_assert_fail_preserves_default_custom_empty_and_whitespace_messages ... ok
test mir_runtime::tests::mir_assert_fail_rejects_malformed_capture_shapes_and_values ... ok
test mir_runtime::tests::mir_bytes_adapter_propagates_materialization_allocation_failure_as_au4005 ... ok
test mir_runtime::tests::mir_bytes_adapter_reports_binding_and_operand_diagnostics ... ok
test mir_runtime::tests::mir_arrays_execute_dense_members_kernels_and_row_major_callbacks ... ok
test mir_runtime::tests::mir_closure_behavior_callback_traps_preserve_partial_output_and_public_frames ... ok
test mir_runtime::tests::mir_closure_behavior_consuming_trap_follows_owned_transfer_with_complete_frames ... ok
test mir_runtime::tests::mir_closure_behavior_explicit_stack_tasks_handoff_captures_and_cleanup ... ok
test mir_runtime::tests::mir_closure_behavior_preserves_mut_writeback_owned_args_nested_moves_and_fresh_defaults ... ok
test mir_runtime::tests::mir_closure_behavior_retry_repeats_capture_and_returns_last_owned_error ... ok
test mir_runtime::tests::mir_closure_callbacks_keep_defaults_capture_snapshots_and_nested_environments ... ok
test mir_runtime::tests::mir_closure_selected_entry_and_runtime_hardening_preserve_exact_observable_contracts ... ok
test mir_runtime::tests::mir_closure_final_task_results_cover_ready_error_optional_poll_and_cleanup ... ok
test mir_runtime::tests::mir_dynamic_string_to_bytes_borrows_receiver_before_allocation_failure ... ok
test mir_runtime::tests::mir_f_string_format_variants_match_the_runtime_contract ... ok
test mir_runtime::tests::mir_failed_owned_place_moves_preserve_unmoved_state ... ok
test mir_runtime::tests::mir_closure_task_failure_surfaces_after_handoff_cleanup_with_task_ancestry ... ok
test mir_runtime::tests::canonical_collection_capacity_failures_have_stable_runtime_diagnostics ... ok
test mir_runtime::tests::mir_function_value_executes_dynamic_defaults_and_capability_handoffs ... ok
test mir_runtime::tests::mir_function_value_runtime_moves_owned_args_writes_back_mut_args_and_traps_bad_calls ... ok
test mir_runtime::tests::mir_function_value_process_run_selects_scheduler_only_when_source_materializes_it ... ok
test mir_runtime::tests::mir_function_value_runtime_rejects_missing_targets_defaults_and_malformed_task_args ... ok
test mir_runtime::tests::mir_function_value_runtime_type_parameter_discovery_descends_into_signatures ... ok
test mir_runtime::tests::mir_json_adapters_reject_inexact_runtime_metadata ... ok
test mir_runtime::tests::mir_function_value_member_and_index_task_targets_execute_selected_functions ... ok
test mir_runtime::tests::mir_json_borrowed_host_args_reference_the_existing_runtime_value ... ok
test mir_runtime::tests::mir_json_host_argument_errors_preserve_borrowed_sources ... ok
test mir_runtime::tests::mir_json_borrowed_calls_leave_source_allocations_in_place_on_success_and_error ... ok
test mir_runtime::tests::mir_json_into_accessors_move_payload_allocations_and_consume_places ... ok
test mir_runtime::tests::mir_json_owned_accessor_moves_a_nested_place_without_cloning_its_payload ... ok
test mir_runtime::tests::mir_json_parse_materialization_allocation_failure_is_au4005_and_preserves_source ... ok
test mir_runtime::tests::mir_json_variant_construction_moves_owned_payload_allocations ... ok
test mir_runtime::tests::mir_json_host_boundary_reports_malformed_values_without_hiding_consumption ... ok
test mir_runtime::tests::mir_json_wrong_variant_owned_accessor_still_consumes_the_source ... ok
test mir_runtime::tests::mir_length_map_len_borrows_receiver_without_snapshot_clone ... ok
test mir_runtime::tests::mir_length_set_len_borrows_receiver_without_snapshot_clone ... ok
test mir_runtime::tests::mir_length_string_byte_len_borrows_receiver_without_snapshot_clone ... ok
test mir_runtime::tests::mir_length_string_len_borrows_receiver_without_snapshot_clone ... ok
test mir_runtime::tests::mir_length_vec_len_borrows_receiver_without_snapshot_clone ... ok
test mir_runtime::tests::mir_length_free_len_delegation_borrows_receiver_without_snapshot_clone ... ok
test mir_runtime::tests::mir_literal_string_to_bytes_avoids_snapshot_before_allocation_failure ... ok
test mir_runtime::tests::mir_module_constant_reads_share_one_stored_non_copy_value ... ok
test mir_runtime::tests::mir_function_value_traps_report_selected_and_default_public_frames ... ok
test mir_runtime::tests::mir_move_variant_payload_preserves_allocation_and_marks_slot_consumed ... ok
test mir_runtime::tests::mir_nested_array_clone_allocation_failure_is_au4005_and_preserves_source ... ok
test mir_runtime::tests::mir_own_user_and_trait_receivers_transfer_the_original_allocation ... ok
test mir_runtime::tests::mir_owned_collection_mutators_do_not_clone_inserted_values ... ok
test mir_runtime::tests::mir_owned_process_and_http_decoders_transfer_string_allocations ... ok
test mir_runtime::tests::mir_owned_queue_and_task_fallback_adapters_preserve_allocations ... ok
test mir_runtime::tests::mir_owned_runtime_decoders_reject_malformed_values_without_partial_conversion ... ok
test mir_runtime::tests::mir_owned_slice_runtime_uses_scalar_bounds_and_preserves_au4003_spans ... ok
test mir_runtime::tests::mir_owned_vec_and_set_iteration_take_elements_from_the_private_source ... ok
test mir_runtime::tests::mir_place_reads_clone_and_preserve_copy_enum_payload_sources ... ok
test mir_runtime::tests::mir_public_numeric_parse_failure_and_bare_function_value_are_exact ... ok
test mir_runtime::tests::mir_rng_dispatches_nonbuiltin_traits_and_opaque_user_clone_methods ... ok
test mir_runtime::tests::mir_runtime_argument_binding_helpers_cover_named_and_positional_cases ... ok
test mir_runtime::tests::mir_runtime_builtin_call_surface_covers_named_and_error_paths ... ok
test mir_runtime::tests::mir_runtime_builtin_error_surface_covers_additional_builtin_branches ... ok
test mir_runtime::tests::mir_runtime_builtin_io_calls_cover_process_filesystem_and_network_paths ... ok
test mir_runtime::tests::mir_runtime_builtin_io_error_results_cover_filesystem_and_network_edges ... ok
test mir_runtime::tests::mir_runtime_captures_typed_frames_once_in_contract_order ... ok
test mir_runtime::tests::mir_runtime_cleanup_and_rvalue_helpers_cover_remaining_error_paths ... ok
test mir_runtime::tests::mir_runtime_closure_environment_is_by_value_repeatable_and_one_shot_when_consuming ... ok
test mir_runtime::tests::mir_numeric_overflow_closures_preserve_public_diagnostics_and_spans ... ok
test mir_runtime::tests::mir_runtime_collection_string_and_task_helpers_cover_remaining_paths ... ok
test mir_runtime::tests::mir_runtime_deadline_helper_rejects_overflowing_instants ... ok
test mir_runtime::tests::mir_runtime_duration_arithmetic_is_checked_exact_and_ordered ... ok
1
error[AU4001]: failed to deserialize embedded MIR: key must be a string at line 1 column 2
 --> /tmp/entry.au
test mir_runtime::tests::mir_runtime_entrypoint_and_env_helpers_cover_write_stream_and_place_edges ... ok
aura native runtime received a null input
embedded source path is not valid UTF-8: invalid utf-8 sequence of 1 bytes from index 0
embedded source is not valid UTF-8: invalid utf-8 sequence of 1 bytes from index 0
embedded MIR payload length 1073741825 exceeds the supported runtime limit of 1073741824 bytes
test mir_runtime::tests::mir_runtime_entrypoint_call_and_type_helpers_cover_remaining_edges ... ok
aura native runtime received a null input
test mir_runtime::tests::mir_runtime_env_and_entry_helpers_cover_additional_branch_paths ... ok
test mir_runtime::tests::mir_runtime_complexity_guard_rejects_excessive_instruction_counts ... ok
test mir_runtime::tests::mir_runtime_ffi_maps_noncanonical_bool_returns_to_au4001 ... ok
test mir_runtime::tests::mir_runtime_ffi_marshalling_preserves_boundaries_mutable_writeback_and_opaque_handles ... ok
test mir_runtime::tests::mir_runtime_ffi_marshals_every_scalar_and_shared_view_source_shape ... ok
test mir_runtime::tests::mir_runtime_ffi_rejects_forged_runtime_shapes_at_the_boundary ... ok
test mir_runtime::tests::mir_runtime_ffi_reports_runtime_abi_and_argument_binding_errors_before_dispatch ... ok
test mir_runtime::tests::mir_runtime_ffi_unmarshals_every_fixed_width_scalar_result ... ok
test mir_runtime::tests::mir_runtime_ffi_writes_mutable_views_back_before_foreign_and_result_errors ... ok
test mir_runtime::tests::mir_runtime_function_binding_reports_missing_and_invalid_writeback_arguments ... ok
test mir_runtime::tests::mir_runtime_helper_values_and_streams_cover_option_result_and_diagnostics ... ok
test mir_runtime::tests::mir_runtime_index_helpers_cover_error_paths ... ok
test mir_runtime::tests::mir_math_edges_preserve_values_signed_zero_and_au_classes ... ok
test mir_runtime::tests::mir_runtime_io_write_streams_to_stdout_sink ... ok
test mir_runtime::tests::mir_runtime_member_call_dispatch_covers_builtin_runtime_and_trait_receivers ... ok
test mir_runtime::tests::mir_runtime_member_error_surface_covers_remaining_dispatch_branches ... ok
test mir_runtime::tests::mir_runtime_missing_constant_initializer_is_a_bounded_diagnostic ... ok
test mir_runtime::tests::mir_runtime_ffi_calls_process_symbols_and_reports_missing_lookups ... ok
test mir_runtime::tests::mir_runtime_mutating_member_calls_write_back_receivers_and_params ... ok
test mir_runtime::tests::mir_runtime_normalizes_negative_vec_indices_for_every_indexed_operation ... ok
test mir_runtime::tests::mir_runtime_network_member_helpers_cover_closed_and_validation_edges ... ok
test mir_runtime::tests::mir_runtime_operator_and_task_helpers_cover_additional_branches ... ok
test mir_runtime::tests::mir_runtime_print_tolerates_poisoned_stdout_lock ... ok
test mir_runtime::tests::mir_runtime_process_capture_helpers_cover_success_and_malformed_results ... ok
test mir_runtime::tests::mir_runtime_process_builtins_cover_spawn_timeout_and_cancelled_edges ... ok
test mir_runtime::tests::mir_runtime_process_child_methods_cover_timeout_cancel_and_error_edges ... ok
test mir::tests::adr0038_generic_trait_member_calls_retain_authoritative_trait_identity ... ok
test mir_runtime::tests::mir_runtime_process_run_builtin_captures_stdio_under_scheduler ... ok
test mir_runtime::tests::mir_runtime_public_run_wrappers_cover_serialized_success_and_error_paths ... ok
test mir_runtime::tests::mir_runtime_range_and_type_substitution_helpers_cover_remaining_paths ... ok
test mir_runtime::tests::mir_runtime_range_rejects_unsigned_endpoints_outside_signed_index_space ... ok
test mir_runtime::tests::mir_runtime_process_supervisor_methods_cover_start_wait_and_cancel_edges ... ok
test mir_runtime::tests::mir_runtime_round_and_divmod_use_shared_checked_numeric_contracts ... ok
test mir_runtime::tests::mir_runtime_select_adapter_distinguishes_child_and_current_task_cancellation ... ok
test mir_runtime::tests::mir_runtime_select_adapter_preserves_source_order_and_queue_losers ... ok
test mir_runtime::tests::mir_runtime_select_adapter_rejects_invalid_deadlines_and_named_sources ... ok
test mir_runtime::tests::mir_runtime_select_adapter_reports_task_outcomes_and_claims_losers ... ok
test mir_runtime::tests::mir_runtime_select_adapter_validates_typed_source_descriptors_before_arbitration ... ok
test mir_runtime::tests::mir_runtime_single_consumer_task_results_claim_every_observing_attempt ... ok
error[AU4001]: failed to deserialize embedded MIR: expected ident at line 1 column 2
 --> /tmp/runtime_entry.au
embedded MIR payload length 1073741825 exceeds the supported runtime limit of 1073741824 bytes
test mir::tests::adr0038_returned_view_contracts_preserve_local_descriptor_suffixes ... ok
test mir_runtime::tests::mir_runtime_resource_member_helpers_cover_io_process_and_network_paths ... ok
test mir_runtime::tests::mir_runtime_task_detection_helpers_cover_task_and_process_shapes ... ok
test mir_runtime::tests::mir_runtime_process_resource_members_cover_completed_errors_and_pipe_edges ... ok
test mir_runtime::tests::mir_runtime_terminator_and_cleanup_helpers_cover_branch_and_error_paths ... ok
test mir_runtime::tests::mir_runtime_try_error_conversion_helpers_cover_context_and_from_paths ... ok
test mir_runtime::tests::mir_runtime_task_result_or_helpers_cover_nonblocking_shortcuts ... ok
test mir_runtime::tests::mir_runtime_wait_helpers_claim_distinct_nonrepeatable_tasks_before_observing ... ok
test mir_runtime::tests::mir_runtime_writeback_and_spawn_helpers_cover_borrow_mut_edges ... ok
test mir_runtime::tests::mir_secure_bytes_rejects_requests_above_the_resource_ceiling_with_au4005 ... ok
test mir_runtime::tests::mir_secure_random_diagnostics_preserve_validation_and_host_failures ... ok
test mir_runtime::tests::mir_runtime_wait_helpers_cover_task_lists_ready_error_timeout_and_cancel_paths ... ok
test mir_runtime::tests::mir_slice_internal_abi_rejects_malformed_endpoint_and_presence_operands ... ok
test mir_runtime::tests::mir_string_to_bytes_member_diagnostics_preserve_the_receiver ... ok
test mir_runtime::tests::mir_task_stack_override_accepts_contract_boundaries_and_reports_dynamic_violations ... ok
test mir_runtime::tests::mir_task_waits_report_unrepresentable_deadlines_and_completed_cancellation ... ok
test mir_runtime::tests::mir_runtime_stream_and_http_member_helpers_cover_resource_branches ... ok
test mir_runtime::tests::mir_tuple_coercion_preserves_owned_element_allocations_and_metadata ... ok
test mir_runtime::tests::mir_tuple_construct_project_and_take_preserve_ownership_boundaries ... ok
test mir_runtime::tests::mir_tuple_operations_reject_invalid_shape_and_places ... ok
test mir_runtime::tests::mir_trait_method_arguments_preserve_mutable_writeback_through_dispatch ... ok
test mir_runtime::tests::public_mir_execution_rejects_caller_supplied_ffi_metadata ... ok
test mir_runtime::tests::mir_runtime_infers_resource_value_types_for_runtime_backed_surfaces ... ok
test mir_runtime::tests::serialized_mir_helper_reports_invalid_payloads ... ok
test mir_runtime::tests::source_assertion_custom_message_is_lazy_and_borrows_a_bare_string ... ok
test mir_runtime::tests::mir_source_filesystem_reports_invalid_utf8_and_sorted_directory_entries ... ok
test native_codegen::tests::adr0038_direct_cfg_helpers_validate_reachability_order_and_selector_tags ... ok
test native_codegen::tests::adr0038_direct_cfg_join_rejects_branch_dependent_view_identity ... ok
test mir_runtime::tests::trait_impl_lookup_and_top_level_run_helpers_cover_runtime_paths ... ok
test mir_runtime::tests::public_mir_collection_absence_and_clear_contracts_are_exact ... ok
test mir_runtime::tests::public_mir_flush_and_constant_failure_cleanup_are_observable ... ok
test native_codegen::tests::adr0038_direct_mutable_closure_requires_source_place_metadata ... ok
test native_codegen::tests::adr0038_direct_metadata_diagnostics_cover_reachable_constructor_boundaries ... ok
test native_codegen::tests::adr0038_direct_tuple_place_errors_reach_codegen_after_constructor_setup ... ok
test native_codegen::tests::adr0038_direct_view_and_closure_metadata_helpers_preserve_dataflow_invariants ... ok
test native_codegen::tests::adr0038_direct_view_fixed_point_comparison_ignores_order_not_authority ... ok
test native_codegen::tests::adr0038_direct_view_place_projection_handles_root_and_nested_paths ... ok
test mir::tests::generic_supertrait_calls_retain_the_declaring_trait_identity ... ok
test mir_runtime::tests::mir_runtime_stream_and_entrypoint_helpers_cover_success_and_error_paths ... ok
test native_codegen::tests::builtin_member_type_helpers_cover_collection_runtime_surface ... ok
test native_codegen::tests::cleanup_place_type_resolves_receivers_params_locals_and_inferred_values ... ok
test native_codegen::tests::d2_numeric_member_and_floor_division_inference_preserve_backend_result_types ... ok
test mir::tests::adr0038_specialized_generic_returned_views_ignore_same_named_impl_order ... ok
test native_codegen::tests::dead_assignments_do_not_poison_reachable_cleanup_type_inference ... ok
test native_codegen::tests::dead_task_starts_do_not_enable_reachable_native_safepoints ... ok
test native_codegen::tests::adr0038_direct_method_resolution_covers_inherent_and_named_trait_fallbacks ... ok
test native_codegen::tests::adr0038_direct_return_projection_selection_and_tuple_errors_are_codegen_checked ... ok
test native_codegen::tests::d3_native_unhinted_integer_operands_use_the_unboxed_int64_path ... ok
test native_codegen::tests::direct_backend_collection_member_argument_errors_cover_core_runtime_paths ... ok
test native_codegen::tests::adr0038_direct_codegen_rejects_malformed_loan_and_capture_metadata ... ok
test native_codegen::tests::direct_assertions_reference_the_dedicated_failure_helper ... ok
test native_codegen::tests::direct_array_surface_relocates_only_to_dedicated_native_array_kernels ... ok
test native_codegen::tests::adr0038_loop_local_mutable_closure_writeback_compiles_directly ... ok
test native_codegen::tests::direct_backend_builtin_call_surface_compiles_across_success_and_error_matrix ... ok
test native_codegen::tests::direct_backend_emits_contextual_none_and_unit_equality ... ok
test analysis::tests::path_aware_analysis_handles_large_repo_scratch_corpus_without_panicking ... ok
test native_codegen::tests::adr0038_local_and_returned_views_compile_through_direct_backend ... ok
test native_codegen::tests::direct_backend_emits_object_for_call_writeback_and_cleanup_surface ... ok
test native_codegen::tests::direct_backend_emits_object_for_generic_sort_trait_bound_repro ... ok
test native_codegen::tests::direct_backend_emits_object_for_generic_trait_bound_returning_int_repro ... ok
test native_codegen::tests::direct_backend_emits_object_for_member_call_surface_matrix ... ok
test native_codegen::tests::direct_backend_emits_object_for_multi_param_trait_bound_repro ... ok
test native_codegen::tests::direct_backend_emits_object_for_plain_class_programs ... ok
test native_codegen::tests::direct_backend_emits_object_for_multiple_trait_methods_repro ... ok
test native_codegen::tests::direct_backend_emits_object_for_module_examples ... ok
test native_codegen::tests::direct_backend_emits_object_for_supported_cleanup_and_explicit_task_group_close ... ok
test native_codegen::tests::direct_backend_emits_object_for_supported_scalar_program ... ok
test native_codegen::tests::direct_backend_enables_stack_returns_for_flattened_mutable_writeback ... ok
test native_codegen::tests::direct_backend_entry_thunk_handles_unit_parameters ... ok
test native_codegen::tests::direct_backend_emits_object_for_runtime_member_surface_matrix ... ok
test native_codegen::tests::direct_backend_internal_collection_member_errors_are_reported ... ok
test native_codegen::tests::direct_backend_for_range_and_spawn_error_surface_reports_expected_diagnostics ... ok
test native_codegen::tests::direct_backend_internal_collection_member_surface_compiles ... ok
test native_codegen::tests::direct_backend_emits_object_for_process_member_surface_matrix ... ok
test native_codegen::tests::direct_backend_match_and_branch_terminator_edges_cover_enum_and_opaque_paths ... ok
test native_codegen::tests::direct_backend_operand_and_construct_error_surface_reports_expected_diagnostics ... ok
test native_codegen::tests::direct_backend_member_call_error_surface_reports_expected_diagnostics ... ok
test native_codegen::tests::direct_backend_emits_object_for_trait_impl_dispatch ... ok
test native_codegen::tests::direct_backend_resource_member_argument_errors_cover_network_and_process_paths ... ok
test native_codegen::tests::direct_backend_emits_retain_and_release_hooks_for_opaque_call_and_local_flow ... ok
test native_codegen::tests::direct_backend_manual_wait_surface_compiles ... ok
test native_codegen::tests::direct_backend_runtime_member_arity_errors_cover_string_collection_and_runtime_paths ... ok
test native_codegen::tests::direct_backend_scalar_bool_range_and_coercion_paths_compile ... ok
test native_codegen::tests::direct_backend_prefers_builtin_handle_member_if_collision_reaches_mir ... ok
test native_codegen::tests::direct_backend_preserves_integer_call_types_through_equality_contexts ... ok
test native_codegen::tests::direct_backend_wait_helpers_cover_unknown_task_payload_fallback ... ok
test native_codegen::tests::direct_closure_invalid_mir_reports_thunk_binder_call_and_task_contracts ... ok
test native_codegen::tests::direct_backend_runtime_member_matrix_covers_remaining_string_collection_and_runtime_paths ... ok
test native_codegen::tests::direct_backend_resource_member_success_paths_cover_remaining_network_surfaces ... ok
test native_codegen::tests::direct_codegen_ignores_dead_cleanup_and_terminator_metadata_but_checks_cfg_structure ... ok
test native_codegen::tests::direct_backend_task_result_payloads_support_plain_class_values ... ok
test native_codegen::tests::direct_dynamic_binary_opcodes_match_the_runtime_abi ... ok
test native_codegen::tests::direct_closure_objects_pin_environment_call_default_binding_and_task_abis ... ok
test native_codegen::tests::direct_ffi_codegen_embeds_call_metadata_and_uses_only_the_runtime_adapter ... ok
test native_codegen::tests::direct_ffi_codegen_handles_narrow_scalars_mutable_bytes_and_opaque_ownership ... ok
test native_codegen::tests::direct_ffi_source_types_pin_the_v0_abi_and_capability_contract ... ok
test native_codegen::tests::direct_ffi_validation_rejects_unvalidated_metadata ... ok
test native_codegen::tests::direct_field_and_try_helpers_cover_remaining_direct_inference_paths ... ok
test native_codegen::tests::direct_discarded_with_capacity_calls_preserve_each_collection_constructor ... ok
test native_codegen::tests::direct_duration_api_uses_centralized_constructor_and_conversion_dispatch ... ok
test native_codegen::tests::direct_dynamic_json_surface_uses_the_host_builtin_abi ... ok
test native_codegen::tests::direct_fixed_width_integer_methods_relocate_to_the_width_arithmetic_kernel ... ok
test native_codegen::tests::direct_member_lengths_do_not_emit_implicit_int32_range_checks ... ok
test native_codegen::tests::direct_int32_range_check_still_traps_exactly_at_the_boundary ... ok
test native_codegen::tests::direct_introspected_assertions_reference_the_detailed_failure_helper ... ok
test native_codegen::tests::direct_member_length_explicit_int32_cast_keeps_checked_narrowing ... ok
test native_codegen::tests::direct_monotonic_time_uses_scalar_runtime_abi_without_generic_host_boxing ... ok
test native_codegen::tests::direct_opaque_user_clone_dispatches_to_the_declared_trait_method ... ok
test native_codegen::tests::direct_runtime_type_substitutions_respect_callable_structure_and_capabilities ... ok
test native_codegen::tests::direct_select_inference_preserves_queue_and_task_payload_types ... ok
test native_codegen::tests::direct_path_named_random_keeps_user_rng_constructors_out_of_builtin_runtime ... ok
test native_codegen::tests::direct_callable_objects_pin_defaults_capability_writebacks_and_task_handoff_abis ... ok
test native_codegen::tests::direct_random_api_uses_dedicated_borrowed_runtime_symbols ... ok
test native_codegen::tests::direct_rng_nonbuiltin_trait_dispatch_preserves_builtin_member_dispatch ... ok
test native_codegen::tests::direct_select_packages_variadic_sources_into_the_owned_tuple_abi ... ok
test native_codegen::tests::direct_type_supports_plain_classes_and_scalars ... ok
test native_codegen::tests::direct_sleep_uses_void_runtime_abi_without_boxing_unit ... ok
test native_codegen::tests::direct_validation_accepts_assert_fail_operands_and_rejects_unknown_places ... ok
test native_codegen::tests::direct_validation_rejects_move_place_in_non_consuming_expressions ... ok
test native_codegen::tests::direct_string_to_bytes_routes_through_the_registered_host_builtin ... ok
test native_codegen::tests::ensure_direct_type_maps_runtime_backed_types_to_opaque_values ... ok
test native_codegen::tests::handbuilt_mir_safepoint_does_not_mask_a_malformed_terminator ... ok
test native_codegen::tests::handbuilt_mir_safepoint_validates_and_emits_for_a_sequential_module ... ok
test json_codec::tests::full_parse_and_dumps_entry_points_enforce_exact_byte_cap_boundaries ... ok
test native_codegen::tests::host_builtin_return_types_cover_the_control_plane_surface ... ok
test native_codegen::tests::infer_operand_and_rvalue_types_track_plain_classes ... ok
test native_codegen::tests::malformed_uncalled_array_slice_reports_a_direct_diagnostic_without_panicking ... ok
test native_codegen::tests::mangle_symbol_rewrites_non_alphanumeric_characters ... ok
test native_codegen::tests::native_codegen_builtin_member_tables_and_trait_lookup_cover_additional_paths ... ok
test native_codegen::tests::native_codegen_cleanup_thunks_cover_class_close_success_and_missing_targets ... ok
test native_codegen::tests::native_codegen_cleanup_thunks_cover_scalar_plain_opaque_and_metadata_errors ... ok
test native_codegen::tests::native_codegen_constructor_initializes_runtime_function_surface ... ok
test native_codegen::tests::native_codegen_constructor_tracks_receiver_and_writeback_types_for_methods_and_top_level ... ok
test native_codegen::tests::native_codegen_default_binder_reports_method_and_metadata_failures ... ok
test native_codegen::tests::native_codegen_direct_error_paths_cover_missing_entry_wrapper_and_return_type_cases ... ok
test native_codegen::tests::direct_task_lowering_preserves_specialized_repeatability_and_owned_observers ... ok
test native_codegen::tests::direct_try_moves_noncopy_ok_payloads_through_the_destructive_runtime_path ... ok
test native_codegen::tests::native_codegen_function_value_signature_errors_are_precise ... ok
test native_codegen::tests::direct_user_defined_rng_does_not_reference_random_runtime_symbols ... ok
test native_codegen::tests::native_codegen_orders_named_builtin_args_and_reports_binding_errors ... ok
test native_codegen::tests::native_codegen_receiver_and_type_param_helpers_cover_missing_receiver_and_terminal_types ... ok
test native_codegen::tests::native_codegen_rejects_try_between_non_result_types ... ok
test native_codegen::tests::native_codegen_release_helpers_cover_cleanup_error_paths ... ok
test native_codegen::tests::native_codegen_replace_nested_field_rejects_empty_paths_without_panicking ... ok
test native_codegen::tests::native_codegen_reports_invalid_non_boolean_branch_conditions ... ok
test native_codegen::tests::native_codegen_thunk_helpers_cover_roundtrip_paths ... ok
test native_codegen::tests::native_codegen_thunks_cover_float_bool_plain_class_params_and_unit_main_wrapper ... ok
test native_codegen::tests::native_codegen_type_helpers_cover_nested_type_params_and_opaque_fallbacks ... ok
test native_codegen::tests::native_codegen_variant_payload_helpers_cover_builtin_result_shapes ... ok
test native_codegen::tests::direct_yield_now_uses_void_runtime_abi_without_boxing_unit ... ok
test native_codegen::tests::heterogeneous_match_arm_mutable_locals_keep_distinct_direct_slots ... ok
test native_codegen::tests::s1_direct_inference_pins_numeric_collection_and_constant_abis ... ok
test native_codegen::tests::signature_helpers_flatten_plain_class_abi_types ... ok
test native_codegen::tests::native_codegen_forwards_exact_call_and_task_frame_metadata_to_runtime_abis ... ok
test native_codegen::tests::native_codegen_function_value_binding_skips_named_slots_for_later_positionals ... ok
test native_codegen::tests::ticket9_int64_and_uint64_are_unboxed_i64_direct_scalars ... ok
test native_codegen::tests::native_codegen_helper_utilities_cover_signatures_wildcards_and_metadata ... ok
test native_codegen::tests::native_loop_safepoint_elides_runtime_call_when_no_sibling_can_run ... ok
test native_codegen::tests::ticket9_direct_backend_emits_unboxed_int64_ten_million_loop ... ok
test native_codegen::tests::native_loop_safepoint_uses_void_yield_runtime_abi_when_tasks_can_run ... ok
test native_codegen::tests::ticket9_expected_uint64_operands_avoid_generic_literal_boxing ... ok
test native_codegen::tests::tuple_native_ownership_gates_separate_public_projection_from_private_destructuring ... ok
test native_codegen::tests::tuple_native_symbols_keep_public_projection_separate_from_private_take ... ok
test native_codegen::tests::ticket9_int64_opaque_results_use_the_checked_int64_unbox_helper ... ok
test native_codegen::tests::validate_function_rejects_unreachable_terminators_for_direct_backend ... ok
test native_codegen::tests::validate_operand_accepts_nested_places ... ok
test native_runtime::tests::adr0038_cleanup_and_mutable_sink_ids_roll_over_without_using_zero ... ok
test native_runtime::tests::adr0038_direct_closure_capture_abi_covers_mutability_and_errors ... ok
test native_runtime::tests::adr0038_direct_mutable_sink_updates_projected_cleanup_snapshot_before_return ... ok
test native_runtime::tests::adr0038_direct_nested_place_assignment_helper_covers_tuple_and_class_paths ... ok
test native_runtime::tests::adr0038_direct_returned_view_handoffs_are_call_frame_scoped ... ok
test native_runtime::tests::adr0038_direct_returned_view_projection_handoff_is_exact_and_consuming ... ok
test native_runtime::tests::adr0038_direct_returned_view_projection_handoff_reports_invalid_state ... ok
test native_runtime::tests::adr0038_indirect_mutable_sink_handoff_keeps_capture_and_argument_slots_distinct ... ok
test native_runtime::tests::adr0038_mutable_sink_abi_rejects_invalid_counts_buffers_and_handoffs ... ok
test native_runtime::tests::adr0038_mutable_sink_rejects_invalid_cleanup_registration_shape ... ok
test native_runtime::tests::adr0038_mutable_sink_zero_and_expired_cleanup_are_safe_noops ... ok
test native_runtime::tests::canonical_collection_abi_pins_mutation_search_capacity_and_set_discard ... ok
test native_runtime::tests::canonical_collection_abi_preserves_absence_bounds_and_capacity_diagnostics ... ok
test native_runtime::tests::canonical_list_pop_trap_releases_the_write_lock_for_later_tasks ... ok
test native_runtime::tests::coverage_native_runtime_classifies_power_bitwise_unary_and_divmod_paths ... ok
test native_runtime::tests::coverage_native_runtime_closure_capture_and_timer_errors_preserve_diagnostics ... ok
test native_runtime::tests::coverage_native_runtime_decodes_closure_patterns_and_uses_type_fallbacks ... ok
test native_runtime::tests::coverage_native_runtime_dynamic_json_and_process_stdio_errors_stay_structured ... ok
test native_runtime::tests::coverage_native_runtime_queue_group_iteration_reports_value_closed_and_cancelled ... ok
test native_runtime::tests::coverage_native_runtime_refcount_and_pending_buffer_fallbacks_release_real_values ... ok
test native_runtime::tests::coverage_native_runtime_rejects_invalid_enum_payload_metadata_and_indices ... ok
test native_runtime::tests::coverage_native_runtime_root_wrapper_runs_normal_and_forced_cleanup_paths ... ok
test native_runtime::tests::direct_array_abi_accepts_positive_literal_representations_at_signed_boundaries ... ok
test native_runtime::tests::direct_array_abi_uses_typed_storage_kernels_and_callback_thunks ... ok
test native_runtime::tests::direct_array_clone_uses_fallible_storage_copy_and_preserves_span ... ok
test native_runtime::tests::direct_array_constructor_shape_copy_reports_au4005_at_call_site ... ok
test native_runtime::tests::direct_array_kernel_failures_preserve_codes_and_source_spans ... ok
test native_codegen::tests::ticket9_int64_task_thunks_use_the_checked_int64_unbox_helper ... ok
test native_runtime::tests::direct_array_map_allocation_failure_is_au4005_with_source_span ... ok
test native_runtime::tests::direct_array_public_abi_rejects_invalid_codes_and_runtime_values_exactly ... ok
test native_runtime::tests::direct_binary_shift_preserves_the_structured_code_and_source_span ... ok
test native_runtime::tests::direct_bytes_adapter_propagates_materialization_allocation_failure_as_au4005 ... ok
test native_runtime::tests::direct_bytes_host_ffi_dispatches_without_consuming_borrowed_input ... ok
test native_runtime::tests::direct_capacity_format_and_detailed_assertion_abis_pin_observable_contracts ... ok
test native_runtime::tests::direct_closure_type_matching_preserves_callable_and_capture_contracts ... ok
test native_runtime::tests::direct_collection_receiver_traps_release_value_locks_for_later_tasks ... ok
test native_runtime::tests::direct_completed_text_accessors_report_non_utf8_bytes_as_au4005 ... ok
test native_runtime::tests::direct_duration_literal_reconstructs_signed_i128_from_low_then_high_limbs ... ok
test native_runtime::tests::direct_duration_runtime_surface_is_checked_exact_and_uses_floor_division ... ok
test native_runtime::tests::direct_duration_task_deadlines_preserve_ready_error_and_timeout_outcomes ... ok
test native_runtime::tests::direct_enum_owned_payload_buffer_moves_string_vec_and_map_allocations ... ok
test native_runtime::tests::direct_ffi_adapter_calls_process_symbols_and_maps_runtime_failures ... ok
test native_runtime::tests::direct_ffi_adapter_rejects_invalid_boundary_metadata_and_argument_buffers ... ok
test native_runtime::tests::direct_ffi_adapter_reports_argument_marshalling_as_au4005 ... ok
test native_runtime::tests::direct_ffi_adapter_writes_back_bytes_and_keeps_handles_opaque ... ok
test native_runtime::tests::direct_ffi_call_spec_round_trips_and_rejects_corruption ... ok
test native_runtime::tests::direct_ffi_metadata_pins_every_v0_type_code ... ok
test native_runtime::tests::direct_ffi_mutable_byte_writeback_rejects_lost_buffer_without_mutating_the_caller ... ok
test native_runtime::tests::direct_ffi_mutable_bytes_write_back_before_return_validation_failure ... ok
test native_runtime::tests::direct_ffi_value_conversion_preserves_every_exact_scalar_kind ... ok
test native_runtime::tests::direct_ffi_value_conversion_reports_range_type_and_nominal_mismatches ... ok
test native_runtime::tests::direct_fixed_width_and_general_operator_abis_cover_every_new_numeric_opcode ... ok
test native_runtime::tests::direct_format_abi_returns_exact_text_and_preserves_type_diagnostic_codes ... ok
test native_runtime::tests::direct_function_value_abi_preserves_signature_capabilities_defaults_and_metadata ... ok
test native_runtime::tests::direct_function_value_abi_rejects_invalid_signatures_and_missing_native_targets ... ok
test native_runtime::tests::direct_function_value_type_patterns_bind_nested_types_and_capabilities ... ok
test native_runtime::tests::direct_host_arg_buffer_reports_metadata_and_storage_contract_violations ... ok
test native_runtime::tests::direct_host_builtin_ffi_covers_success_and_diagnostic_boundaries ... ok
test native_runtime::tests::direct_instance_owned_field_set_preserves_payload_allocation_identity ... ok
test native_runtime::tests::direct_instance_take_field_moves_nested_value_and_preserves_container ... ok
test native_runtime::tests::direct_int64_unbox_helper_preserves_the_full_signed_range ... ok
test native_runtime::tests::direct_integer_to_float_helper_rounds_without_consuming_the_integer ... ok
test native_runtime::tests::direct_integer_width_public_abi_preserves_validation_diagnostics ... ok
test native_runtime::tests::direct_json_accessors_return_none_for_other_variants_and_owned_accessors_still_consume ... ok
test native_runtime::tests::direct_json_dump_trap_preserves_borrowed_value_and_copy_indent ... ok
test native_runtime::tests::direct_json_host_abi_rejects_malformed_values_with_precise_diagnostics ... ok
test native_runtime::tests::direct_json_host_builtins_borrow_without_cloning_and_move_owned_payloads ... ok
test native_runtime::tests::direct_json_parse_materialization_allocation_failure_is_au4005_and_preserves_source ... ok
test native_runtime::tests::direct_json_parse_reserves_capacity_before_borrowing_and_copying_the_source ... ok
test native_runtime::tests::direct_json_rejects_inexact_int_array_object_and_indent_metadata ... ok
test native_runtime::tests::direct_list_index_mutator_traps_release_the_write_lock_for_later_tasks ... ok
test native_runtime::tests::direct_module_constant_abi_initializes_once_caches_and_reinitializes_after_reset ... ok
test native_runtime::tests::direct_module_constant_abi_rejects_a_null_initializer_exactly ... ok
test native_runtime::tests::direct_module_constant_abi_reports_reentrancy_then_remembers_failure ... ok
test native_runtime::tests::direct_nested_array_collection_reads_and_clones_use_fallible_copy ... ok
test native_runtime::tests::direct_numeric_abis_preserve_every_integer_width_across_modes_power_round_and_divmod ... ok
test native_runtime::tests::direct_owned_collection_and_queue_adapters_preserve_allocation_identity ... ok
test native_runtime::tests::direct_owned_index_and_fallback_adapters_preserve_allocation_identity ... ok
test native_runtime::tests::direct_owned_slice_runtime_copies_values_and_preserves_au4003_spans ... ok
7
7.0
7.0
false
true

test native_runtime::tests::direct_print_helpers_are_callable ... ok
test native_runtime::tests::direct_print_u64_renders_the_full_unsigned_range ... ok
test native_runtime::tests::direct_projected_instance_helpers_report_paths_precisely_without_mutating_on_failure ... ok
test native_runtime::tests::direct_projected_instance_wrappers_preserve_targets_and_obey_owned_consumption ... ok
test native_runtime::tests::direct_random_runtime_is_deterministic_borrowed_and_mutates_vectors_in_place ... ok
test native_runtime::tests::direct_random_runtime_rejects_wrong_receivers_and_shuffle_targets ... ok
test native_codegen::tests::ticket9_wide_boundary_literals_stay_unboxed ... ok
test native_codegen::tests::ticket9_uint64_opaque_boundaries_use_typed_boxing_without_generic_detours ... ok
test native_runtime::tests::direct_runtime_map_and_set_helpers_cover_collection_surface ... ok
test native_runtime::tests::direct_runtime_round_and_divmod_use_shared_checked_numeric_contracts ... ok
test native_runtime::tests::direct_root_entrypoint_helper_exits_for_invalid_thunks_and_return_types ... ok
test native_runtime::tests::direct_runtime_string_and_numeric_helpers_cover_builtin_surface ... ok
test native_runtime::tests::direct_runtime_tuple_type_names_parse_and_match_structurally ... ok
test native_codegen::tests::ticket9_wide_scalar_casts_avoid_boxed_runtime_dispatch ... ok
test native_runtime::tests::direct_runtime_vec_helpers_cover_collection_surface ... ok
test native_runtime::tests::direct_runtime_vec_helpers_normalize_negative_indices_uniformly ... ok
test native_runtime::tests::direct_runtime_type_tags_preserve_generic_identity_through_clone ... ok
test native_runtime::tests::direct_secure_random_runtime_preserves_validation_and_resource_diagnostics ... ok
test native_runtime::tests::direct_spanned_binary_abi_pins_remaining_arithmetic_and_equality_opcodes ... ok
test native_runtime::tests::direct_stdout_result_helpers_accept_empty_writes_and_flushes ... ok
test native_runtime::tests::direct_supervisor_start_consumes_every_value_argument_without_value_clones ... ok
test native_runtime::tests::direct_task_producer_discovery_and_abandoned_args_do_not_clone_values ... ok
test native_runtime::tests::direct_tuple_abi_constructs_projects_matches_and_compares_opaque_values ... ok
test native_runtime::tests::direct_uint64_boxing_helpers_preserve_the_full_range ... ok
test native_runtime::tests::direct_unboxed_wide_cast_helpers_preserve_checked_numeric_semantics ... ok
test native_runtime::tests::direct_variant_take_payload_preserves_allocation_and_consumes_slot ... ok
test native_runtime::tests::direct_wait_deadline_helper_rejects_overflow_instead_of_becoming_unlimited ... ok
test native_runtime::tests::division_by_zero_helper_exits_with_error ... ok
test native_runtime::tests::duration_integer_outside_signed_range_helper_exits_with_error ... ok
test native_runtime::tests::duration_type_mismatch_helper_exits_with_error ... ok
test native_runtime::tests::int32_overflow_helper_exits_with_error ... ok
test native_runtime::tests::int32_overflow_message_mentions_value_and_type ... ok
test native_runtime::tests::invalid_direct_host_timers_use_typed_io_and_process_errors ... ok
test native_runtime::tests::io_read_line_reports_end_of_input_consistently_through_both_runtime_surfaces ... ok
test native_runtime::tests::legacy_direct_sleep_maps_deadline_overflow_to_explicit_au4001 ... ok
test native_runtime::tests::lightweight_task_stack_allocation_rounds_up_and_includes_a_guard_page ... ok
test native_runtime::tests::metrics_state_and_diagnostics_are_observable_from_each_fresh_entry_path ... ok
test native_runtime::tests::native_assert_failure_omits_spans_for_absent_or_invalid_coordinates ... ok
test native_runtime::tests::native_assert_failure_preserves_default_custom_empty_whitespace_and_span ... ok
test native_runtime::tests::native_assert_failure_rejects_non_string_messages_without_consuming_them ... ok
test native_runtime::tests::native_assert_failure_remains_primary_when_cleanup_traps ... ok
test native_runtime::tests::native_cleanup_primary_trap_captures_the_cleanup_call_chain ... ok
test native_runtime::tests::native_detailed_assert_failure_attaches_typed_bounded_operands_without_consuming_inputs ... ok
test native_runtime::tests::native_detailed_assert_failure_rejects_malformed_capture_strings ... ok
test native_runtime::tests::native_runtime_arg_buffer_store_retains_opaque_values ... ok
test native_runtime::tests::native_runtime_boxing_range_and_condition_helpers_cover_remaining_valid_paths ... ok
test native_runtime::tests::native_runtime_call_frames_push_pop_and_snapshot_once_before_cleanup ... ok
test native_runtime::tests::native_runtime_child_task_inherits_youngest_first_ancestry_and_starts_a_new_call_chain ... ok
test native_runtime::tests::native_runtime_cleanup_diagnostic_state_is_isolated_across_tasks ... ok
test native_runtime::tests::native_runtime_closure_call_moves_owned_args_and_copies_only_mutable_writebacks ... ok
test native_runtime::tests::native_runtime_closure_calls_preserve_results_writebacks_and_call_kind ... ok
test native_runtime::tests::native_runtime_closure_construction_handles_zero_captures_and_reports_invalid_inputs ... ok
test native_codegen::tests::tuple_specialized_trait_dispatch_emits_structural_runtime_matchers ... ok
test native_runtime::tests::direct_runtime_helper_errors_surface_expected_diagnostics ... ok
test native_runtime::tests::direct_runtime_scalar_and_concurrency_helpers_cover_remaining_surface ... ok
test native_runtime::tests::direct_select_abi_consumes_its_owned_tuple_and_returns_canonical_deadline_outcome ... ok
test native_runtime::tests::native_runtime_common_frame_storage_stays_inline_until_a_trap_materializes_it ... ok
test native_runtime::tests::native_runtime_collection_helpers_cover_remaining_success_paths ... ok
test native_runtime::tests::native_runtime_closure_task_handoff_preserves_repeatable_and_one_shot_semantics ... ok
test native_runtime::tests::native_runtime_closure_task_handoff_transfers_capture_ownership_to_child ... ok
test native_runtime::tests::native_runtime_closure_task_rejects_negative_public_arity_then_allows_valid_retry ... ok
test native_runtime::tests::native_runtime_detached_closure_task_surfaces_unobserved_trap_and_cleans_capture ... ok
test native_runtime::tests::native_runtime_direct_cancellation_releases_frame_owned_argument_references ... ok
test native_runtime::tests::native_runtime_direct_filesystem_wrappers_cover_io_error_results ... ok
test native_runtime::tests::native_runtime_direct_filesystem_wrappers_cover_file_success_paths ... ok
test native_runtime::tests::native_runtime_direct_forced_exit_releases_frame_owned_argument_references ... ok
test native_runtime::tests::native_runtime_direct_forced_exit_runs_external_cleanup ... ok
test native_runtime::tests::native_runtime_direct_network_wrappers_cover_timeout_and_error_results ... ok
test native_runtime::tests::native_runtime_direct_owned_ledger_balances_normal_and_buffer_transfers ... ok
test native_runtime::tests::native_runtime_deep_persistent_task_ancestry_drops_iteratively ... ok
test native_runtime::tests::native_runtime_direct_network_wrappers_cover_tcp_udp_http_success_paths ... ok
test native_runtime::tests::native_runtime_direct_process_run_wrapper_covers_timeout_result_path ... ok
test native_runtime::tests::native_runtime_direct_process_run_wrapper_captures_both_streams ... ok
test native_runtime::tests::native_runtime_direct_process_supervisor_wrappers_cover_start_wait_and_stop_paths ... ok
test native_runtime::tests::native_runtime_direct_process_wrappers_cover_child_pipe_and_completed_paths ... ok
test native_runtime::tests::native_runtime_direct_call_depth_is_isolated_across_suspended_tasks ... ok
test native_runtime::tests::native_runtime_direct_root_forced_exit_discards_state_once_but_normal_return_does_not_clean ... ok
test native_runtime::tests::native_runtime_direct_task_claim_flag_is_released_after_normal_completion ... ok
test native_runtime::tests::native_runtime_direct_task_claim_flag_is_released_when_spawn_fails ... ok
test native_runtime::tests::native_runtime_direct_task_claim_flag_survives_late_scope_unwind ... ok
test native_runtime::tests::native_runtime_direct_task_external_state_survives_panic_before_result_handoff ... ok
test native_runtime::tests::native_runtime_direct_task_registers_captured_queue_before_submission ... ok
test native_runtime::tests::native_runtime_direct_yield_allows_a_queued_task_to_make_observable_progress ... ok
test native_runtime::tests::native_runtime_discarded_frame_state_is_absent_when_the_same_task_key_is_reused ... ok
aura native runtime received a null input
embedded source path is not valid UTF-8: invalid utf-8 sequence of 1 bytes from index 0
embedded source is not valid UTF-8: invalid utf-8 sequence of 1 bytes from index 0
test native_runtime::tests::native_runtime_entrypoint_guards_invalid_inputs ... ok
test native_runtime::tests::native_runtime_error_capture_is_isolated_across_suspended_tasks ... ok
test native_runtime::tests::native_runtime_frame_metadata_rejects_a_null_required_name_before_call_activation ... ok
test native_runtime::tests::native_runtime_frame_metadata_rejects_invalid_utf8_before_mutating_call_state ... ok
test native_runtime::tests::native_runtime_function_value_task_handoff_preserves_absent_source_paths ... ok
test native_runtime::tests::native_runtime_function_value_task_handoff_rejects_invalid_spawn_path_utf8 ... ok
test native_runtime::tests::native_runtime_function_value_task_handoff_rejects_noncallables_and_missing_thunks ... ok
test native_runtime::tests::native_runtime_function_value_task_handoff_uses_selected_callable_metadata ... ok
test native_runtime::tests::native_runtime_indirect_call_and_default_callback_traps_identify_invalid_selection ... ok
test native_runtime::tests::native_runtime_direct_process_wrappers_cover_streaming_and_signal_paths ... ok
test native_runtime::tests::native_runtime_direct_concurrency_wrappers_cover_cancelled_paths ... ok
test native_runtime::tests::native_runtime_invalid_task_stack_releases_transferred_arguments ... ok

running 1 test
test native_runtime::tests::native_runtime_max_depth_skips_saturated_cleanup_and_releases_its_snapshot ... ok
test native_runtime::tests::native_runtime_normal_direct_task_completion_releases_external_state_once ... ok
test native_runtime::tests::native_runtime_internal_diagnostic_channels_are_hidden_cloexec_and_one_shot ... ok

test result: ok. 1 passed; 0 failed; 0 ignored; 0 measured; 1884 filtered out; finished in 0.00s

test native_runtime::tests::native_runtime_operator_and_io_helpers_cover_additional_paths ... ok
test native_runtime::tests::native_runtime_operator_helpers_cover_comparison_binary_and_unary_error_edges ... ok
test native_runtime::tests::native_runtime_internal_diagnostic_channels_are_hidden_cloexec_and_one_shot ... ok
test native_runtime::tests::native_runtime_private_value_decoders_cover_success_paths ... ok
test native_runtime::tests::native_runtime_direct_process_wrappers_cover_timeout_and_error_results ... ok
test native_runtime::tests::native_runtime_owned_arg_buffer_replacement_releases_previous_value_and_validates_index ... ok
test native_runtime::tests::native_runtime_ref_count_helpers_reject_zero_and_overflow ... ok
test native_runtime::tests::native_runtime_process_capture_task_helper_covers_success_and_malformed_results ... ok
test native_runtime::tests::native_runtime_releases_cleanup_arguments_when_cleanup_traps ... ok
test native_runtime::tests::native_runtime_rejected_call_depth_does_not_push_the_attempted_frame ... ok
test native_runtime::tests::native_runtime_retain_and_release_keep_values_alive_until_last_handle ... ok
test native_runtime::tests::native_runtime_scalar_helpers_cover_comparisons_unary_ops_and_metadata ... ok
test native_runtime::tests::native_runtime_scheduler_teardown_releases_started_direct_task_ledger_exactly_once ... ok
test native_runtime::tests::native_runtime_scheduler_teardown_releases_unstarted_direct_task_external_state ... ok
test native_runtime::tests::native_runtime_selected_default_callbacks_bind_functions_but_not_closures ... ok
test native_runtime::tests::native_runtime_single_consumer_task_observation_is_defended_across_aliases ... ok
test native_runtime::tests::native_runtime_static_task_frames_preserve_absent_paths_and_reject_invalid_utf8 ... ok
test native_runtime::tests::native_runtime_task_arg_buffer_disarm_transfers_without_releasing ... ok
test native_runtime::tests::native_runtime_task_arg_buffer_guard_releases_pre_handoff_values ... ok
test native_runtime::tests::native_runtime_task_arg_buffer_guard_reports_invalid_and_mismatched_ids ... ok
test native_runtime::tests::native_runtime_task_boundary_maps_task_signals_and_resumes_unrelated_panics ... ok
test native_runtime::tests::native_runtime_task_exit_unwinds_live_drop_values ... ok
test native_runtime::tests::native_runtime_task_result_handoff_clones_copy_values_and_moves_noncopy_values ... ok
test native_runtime::tests::native_runtime_task_stack_allocation_failure_releases_transferred_arguments ... ok
test native_runtime::tests::native_runtime_task_start_validation_releases_owned_abi_state ... ok
test native_runtime::tests::native_runtime_task_state_map_retains_only_pointer_sized_slots ... ok
test native_runtime::tests::native_runtime_thread_local_and_pointer_helpers_cover_remaining_paths ... ok
test native_runtime::tests::native_runtime_timeout_and_option_decoders_cover_error_edges ... ok
test native_runtime::tests::native_runtime_trapping_closure_call_releases_combined_buffer_without_mut_writeback ... ok
test native_runtime::tests::native_runtime_uncalled_closure_releases_owned_capture_environment ... ok
test native_runtime::tests::nested_native_runtime_scope_restores_outer_task_ancestry ... ok
test native_runtime::tests::render_bool_uses_aura_boolean_strings ... ok
test native_runtime::tests::render_float_covers_nonfinite_and_full_precision_values ... ok
test native_runtime::tests::render_float_preserves_whole_number_fraction ... ok
test native_runtime::tests::render_float_uses_each_source_types_shortest_roundtrip_spelling ... ok
test native_runtime::tests::runtime_init_is_callable ... ok
test native_runtime::tests::sqrt_helper_matches_standard_library ... ok
test native_runtime::tests::native_runtime_process_error_and_wait_all_helpers_cover_remaining_paths ... ok
test native_runtime::tests::wide_integer_overflow_messages_match_mir_diagnostics_exactly ... ok
test native_runtime::tests::with_sigpipe_blocked_restores_the_previous_signal_mask_after_broken_pipe ... ok
test native_runtime::tests::wide_integer_overflow_and_cast_helpers_report_precise_diagnostics ... ok
test package::tests::configured_git_command_disables_interactive_prompts ... ok
test package::tests::extern_declarations_enforce_manifest_authorization_during_module_loading ... ok
test package::tests::ffi_authorization_rejects_paths_outside_the_discovered_package_graph ... ok
test package::tests::ffi_dependency_missing_own_opt_in_names_its_dependency_path ... ok
test package::tests::ffi_dependency_report_accepts_listed_direct_and_transitive_dependencies ... ok
test package::tests::ffi_dependency_report_names_the_missing_transitive_dependency_path ... ok
test package::tests::ffi_dependency_report_rejects_duplicate_invalid_and_self_entries ... ok
test package::tests::ffi_dependency_report_rejects_unknown_and_non_ffi_entries ... ok
test package::tests::ffi_dependency_report_requires_the_root_package_opt_in_too ... ok
test package::tests::ffi_dependency_report_teaches_unopted_root_to_add_the_missing_report_entry ... ok
test package::tests::ffi_manifest_opt_in_defaults_off_and_allows_direct_root_use_when_enabled ... ok
test package::tests::package_discovery_accepts_only_the_aura_manifest_name ... ok
test package::tests::package_git_dependency_resolution_reuses_the_locked_branch_revision ... ok
test package::tests::package_git_dependency_resolution_uses_cached_revision_selectors ... ok
test package::tests::command_timeout_terminates_hung_git_helpers ... ok
test package::tests::package_git_selector_and_refresh_helpers_cover_validation_edges ... ok
test package::tests::package_graph_helpers_report_unusual_but_supported_edges ... ok
test native_runtime::tests::native_runtime_resource_metadata_reports_maintained_type_names ... ok
test package::tests::package_lookup_helpers_propagate_manifest_parse_errors ... ok
test package::tests::package_manifest_and_lockfile_helpers_report_current_diagnostics ... ok
test package::tests::package_path_cache_and_validation_helpers_cover_remaining_edges ... ok
test package::tests::package_resolver_reports_cycle_duplicate_and_expected_name_edges ... ok
test native_runtime::tests::native_runtime_direct_queue_and_task_fallback_wrappers_cover_option_default_paths ... ok
test native_runtime::tests::native_runtime_internal_diagnostic_signal_precedes_failed_record_encoding ... ok
test package::tests::package_resolver_reports_missing_source_roots_and_dependency_paths ... ok
test package::tests::package_unix_cache_helpers_reject_symlinked_manifest_and_missing_dirs ... ok
test package::tests::package_resolver_reports_graph_limit_and_workspace_lookup_edges ... ok
test package::tests::package_update_and_workspace_helpers_cover_edge_paths ... ok
test package::tests::package_workspace_update_marks_non_member_dependencies_external ... ok
test package::tests::read_cached_git_revision_rejects_symlinked_markers ... ok
test package::tests::reject_symlinks_in_tree_reports_symlinked_entries ... ok
test parser::tests::adr0038_parser_rejects_invalid_view_returns_and_capture_lists ... ok
test parser::tests::array_coordinate_assignment_preserves_a_tuple_index_target ... ok
test parser::tests::bitwise_shift_and_power_precedence_matches_the_accepted_grammar ... ok
test parser::tests::capability_prefixes_parse_as_bare_mut_and_own ... ok
test parser::tests::comparison_chains_keep_every_operator_at_one_precedence_level ... ok
test parser::tests::comprehension_clause_and_filter_chains_obey_the_expression_complexity_limit ... ok
test parser::tests::comprehension_iterables_and_filters_preserve_unparenthesized_lambda_ast ... ok
test parser::tests::comprehensions_parse_list_set_map_nested_filters_targets_and_multiline_forms ... ok
test parser::tests::comprehensions_reject_capability_modifiers_and_generator_expressions_with_guidance ... ok
test parser::tests::comprehensions_reject_mixed_literals_trailing_commas_and_malformed_clauses_precisely ... ok
test parser::tests::conditional_expression_requires_else_arm ... ok
test parser::tests::conditional_expressions_are_low_precedence_and_right_associative ... ok
test parser::tests::d3_parser_accepts_int_alias_as_numeric_cast_target ... ok
test parser::tests::d3_parser_preserves_assert_forms_keyword_span_and_comma_boundary ... ok
test parser::tests::d4_parser_accepts_single_quoted_expressions_patterns_and_fstring_arguments ... ok
test parser::tests::d6_parser_preserves_parameter_modes_and_keeps_own_out_of_match ... ok
test parser::tests::declaration_parser_reports_the_exact_stage_that_rejected_incomplete_syntax ... ok
test parser::tests::destructuring_and_for_targets_use_recursive_binding_target_nodes ... ok
test parser::tests::fstring_interpolation_preserves_nested_operator_source_spans ... ok
test parser::tests::fstring_map_comprehension_preserves_exact_nested_source_spans ... ok
test parser::tests::function_type_parameter_capabilities_reject_invalid_placements_precisely ... ok
test parser::tests::function_type_syntax_requires_an_arrow_and_rejects_indirect ... ok
test parser::tests::function_types_use_declaration_shaped_syntax_and_nest_structurally ... ok
test parser::tests::import_alias_diagnostics_cover_invalid_and_duplicate_bindings ... ok
test parser::tests::keyword_only_parameter_markers_receive_a_focused_rejection ... ok
test parser::tests::match_guards_and_or_patterns_parse_in_statement_and_expression_forms ... ok
test parser::tests::misplaced_capability_prefixes_name_the_valid_positions ... ok
test parser::tests::offset_helpers_cover_fstring_expression_parts ... ok
test parser::tests::or_patterns_preserve_every_alternative_in_source_order ... ok
test parser::tests::p63_lambda_has_python_precedence_and_nests_in_expression_positions ... ok
test parser::tests::p63_lambda_nesting_obeys_the_expression_recursion_limit ... ok
test parser::tests::p63_lambda_parameters_are_contextual_and_the_body_is_an_expression ... ok
test parser::tests::p63_lambda_rejects_non_contextual_parameter_syntax_with_teaching_diagnostics ... ok
test parser::tests::p64_extern_c_functions_and_opaque_classes_are_bodyless_items ... ok
test parser::tests::p64_extern_declarations_reject_unsupported_abis_bodies_and_defaults ... ok
test parser::tests::p64_extern_declarations_reserve_variadics_callbacks_and_raw_pointers ... ok
test parser::tests::parse_control_flow_patterns_and_helper_errors_cover_more_branches ... ok
test parser::tests::parse_expression_accepts_reasonably_deep_generated_expressions ... ok
test parser::tests::parse_expression_reports_recursion_limit_for_deep_nesting ... ok
test parser::tests::parse_expression_reports_the_chain_limit_for_many_not_operators ... ok
test parser::tests::parse_expression_reports_trailing_tokens_and_primary_errors ... ok
test parser::tests::parse_format_parts_reuses_the_current_recursion_budget ... ok
test parser::tests::parse_import_aliases_preserve_target_and_local_names ... ok
test parser::tests::parse_item_rejects_public_impl_and_non_item_tokens ... ok
test parser::tests::parse_match_expressions_in_argument_and_nested_block_positions ... ok
test parser::tests::parse_module_constants_preserves_visibility_annotation_and_source_order ... ok
test parser::tests::parse_module_imports_and_generic_bounds_cover_success_paths ... ok
test parser::tests::parse_params_and_receivers_cover_error_and_receiver_only_forms ... ok
test parser::tests::parse_preserves_top_level_mutable_bindings_for_contextual_entry_checking ... ok
test parser::tests::parse_script_mode_keeps_mutable_locals_beside_module_constants ... ok
test parser::tests::parse_statement_and_operator_variants_cover_remaining_forms ... ok
test parser::tests::parse_structural_items_tolerate_blank_lines_and_pass ... ok
test parser::tests::parse_top_level_plain_assignment_reuses_an_existing_mutable_script_local ... ok
test parser::tests::parser_accepts_multiline_expressions_without_newline_skipping_workarounds ... ok
test parser::tests::parser_additional_blank_line_and_pattern_overflow_edges_are_covered ... ok
test parser::tests::parser_additional_payload_return_and_match_expression_edges_are_covered ... ok
test parser::tests::parser_additional_trait_impl_block_and_helper_edges_are_covered ... ok
test parser::tests::parser_covers_blank_lines_empty_literals_and_specialization_offsets ... ok
test parser::tests::parser_helper_functions_cover_assignment_targets_and_span_offsets ... ok
test parser::tests::parser_helper_functions_cover_format_offsets_and_specialization_checks ... ok
test parser::tests::parser_helpers_cover_brackets_keywords_and_member_names ... ok
test parser::tests::parser_helpers_cover_specialization_and_format_parts ... ok
test parser::tests::parser_internal_helpers_cover_member_names_patterns_and_match_terminators ... ok
test parser::tests::parser_preserves_duration_nanoseconds_and_keeps_literal_payloads_nonnegative ... ok
test parser::tests::parser_preserves_match_layout_islands_nested_in_delimiters ... ok
test parser::tests::parser_reports_recursion_limits_for_nested_statements_types_and_patterns ... ok
test parser::tests::parser_skips_synthetic_newlines_inside_indented_item_blocks ... ok
test parser::tests::parser_skips_synthetic_newlines_inside_statement_and_expression_blocks ... ok
test parser::tests::parser_treats_from_as_a_contextual_expression_and_argument_name ... ok
test parser::tests::parses_static_f_string_format_specifications_after_complete_expressions ... ok
test parser::tests::phase72_parser_keeps_index_specialization_and_postfix_chains_distinct ... ok
test parser::tests::phase72_parser_preserves_owned_slice_forms_and_colon_spans ... ok
test parser::tests::phase72_parser_rejects_mixed_tuple_and_slice_delimiters ... ok
test parser::tests::phase72_parser_rejects_slice_steps_and_slice_assignment_with_teaching_diagnostics ... ok
test parser::tests::rejects_nested_f_string_format_fields ... ok
test parser::tests::s1_frontend_every_pattern_form_can_anchor_an_or_pattern_at_its_own_source_span ... ok
test parser::tests::s1_frontend_fstring_format_specs_require_a_real_expression_before_the_colon ... ok
test parser::tests::s1_frontend_fstring_parser_treats_braces_inside_triple_quoted_arguments_as_string_content ... ok
test parser::tests::s1_frontend_multi_element_tuple_types_reject_a_trailing_comma ... ok
test parser::tests::tuple_literals_are_parenthesized_and_distinct_from_groups ... ok
test parser::tests::tuple_parsing_keeps_container_commas_and_rejects_unsupported_forms ... ok
test parser::tests::tuple_patterns_are_recursive_and_do_not_reuse_variant_payload_nodes ... ok
test parser::tests::tuple_types_are_structural_and_support_singletons_nesting_and_option ... ok
test parser::tests::typed_binding_lookahead_recognizes_function_type_annotations ... ok
test randomness::tests::bounded_sampling_rejects_the_low_biased_tail ... ok
test randomness::tests::invalid_next_int_range_is_rejected_before_consuming_a_draw ... ok
test randomness::tests::next_float_uses_the_high_53_bits_and_is_half_open ... ok
test randomness::tests::next_int_is_half_open_and_matches_seed_42_oracle_at_i64_boundaries ... ok
test randomness::tests::os_entropy_entry_points_handle_prevalidated_no_entropy_cases ... ok
test randomness::tests::secure_bytes_rejects_requests_above_its_safety_ceiling_before_allocation_or_entropy ... ok
test randomness::tests::secure_bytes_reports_entropy_and_allocation_failures ... ok
test randomness::tests::secure_bytes_returns_injected_entropy ... ok
test randomness::tests::secure_bytes_zero_length_skips_allocation_and_entropy ... ok
test randomness::tests::secure_int_propagates_entropy_failure ... ok
test randomness::tests::secure_int_rejects_invalid_range_without_requesting_entropy ... ok
test randomness::tests::secure_int_uses_injected_entropy_and_rejection_sampling ... ok
test randomness::tests::secure_random_errors_explain_invalid_input_and_host_resource_failures ... ok
test randomness::tests::seed_expansion_uses_four_splitmix64_steps ... ok
test randomness::tests::shuffle_is_descending_fisher_yates_with_seed_42 ... ok
test randomness::tests::shuffle_of_zero_or_one_elements_consumes_no_draws ... ok
test randomness::tests::signed_seed_is_reinterpreted_as_twos_complement_u64 ... ok
test randomness::tests::xoshiro256_star_star_matches_seed_42_oracle ... ok
test runtime_config::tests::blocking_io_pool_config_defaults_and_explicit_values_are_exact ... ok
test runtime_config::tests::blocking_io_pool_config_rejects_every_invalid_value_class_for_each_setting ... ok
test runtime_config::tests::blocking_io_pool_config_rejects_non_unicode_values_for_each_setting ... ok
test runtime_reactor::tests::a_new_earlier_timer_wakes_poll_and_recomputes_its_timeout ... ok
test runtime_reactor::tests::a_superseded_epoch_makes_its_old_timer_stale ... ok
test runtime_reactor::tests::cancelled_long_deadlines_are_compacted_without_disturbing_live_order ... ok
test runtime_reactor::tests::cancelling_a_stale_epoch_through_a_handle_preserves_the_current_wait ... ok
test runtime_reactor::tests::control_notification_before_poll_is_durable_without_a_wait_key ... ok
test runtime_reactor::tests::control_notification_during_poll_wakes_without_fabricating_readiness ... ok
test runtime_reactor::tests::deadlines_for_inactive_epochs_are_ignored_without_polluting_timer_state ... ok
test runtime_reactor::tests::interrupted_operations_are_retried ... ok
test runtime_reactor::tests::local_nonblocking_poll_admits_thread_wakes_and_expired_deadlines ... ok
test runtime_reactor::tests::readiness_from_multiple_sources_is_reported_once_and_cleans_losers ... ok
test runtime_reactor::tests::repeated_control_notifications_coalesce_into_one_scheduler_turn ... ok
test runtime_reactor::tests::shutdown_control_wake_preserves_existing_keyed_waits ... ok
test runtime_reactor::tests::subscription_cancellation_retires_queued_wake_and_deadline_sources ... ok
test runtime_reactor::tests::subscriptions_identify_and_wake_only_their_own_reactor_wait ... ok
test runtime_reactor::tests::superseding_an_epoch_discards_already_queued_stale_readiness ... ok
test runtime_reactor::tests::timers_fire_at_the_earliest_deadline_and_preserve_equal_deadline_order ... ok
test runtime_reactor::tests::unix::cancelling_a_closed_last_descriptor_retires_every_internal_registration ... ok
test runtime_reactor::tests::unix::descriptor_events_wake_only_waiters_with_matching_interests ... ok
test runtime_reactor::tests::unix::error_readiness_wakes_every_waiter_on_the_source_and_deduplicates ... ok
test runtime_reactor::tests::unix::failed_interest_narrowing_retires_the_fd_and_wakes_surviving_waiters ... ok
test runtime_reactor::tests::unix::inactive_and_invalid_descriptor_registrations_are_rejected_safely ... ok
test runtime_reactor::tests::unix::nonblocking_poll_admits_fd_readiness_even_when_inbox_work_is_already_ready ... ok
test runtime_reactor::tests::unix::one_persistent_fd_registration_aggregates_waiters_and_narrows_interest ... ok
test runtime_reactor::tests::unix::shared_descriptor_readiness_wakes_each_registered_waiter_once ... ok
test runtime_reactor::tests::unix::stale_tokens_cannot_wake_a_waiter_after_fd_reuse ... ok
test runtime_reactor::tests::waker_coalescing_does_not_lose_inbox_entries_and_ready_is_deduplicated ... ok
test runtime_reactor::tests::zero_duration_poll_returns_without_retiring_an_unready_wait ... ok
test runtime_value::tests::abandoned_blocking_io_discards_late_host_errors_and_panics_then_recovers ... ok
test runtime_value::tests::accepted_blocking_io_cancellation_discards_the_late_result_and_pool_recovers ... ok
test runtime_value::tests::accepted_blocking_io_timeout_discards_the_late_result_and_pool_recovers ... ok
test runtime_value::tests::adr0038_closure_capture_access_recovers_poisoned_loan_bookkeeping ... ok
test runtime_value::tests::adr0038_closure_environment_mutable_capture_helpers_cover_success_and_errors ... ok
test runtime_value::tests::adr0038_partial_capture_copies_release_every_projected_value_after_failure ... ok
test runtime_value::tests::array_aware_language_copy_preserves_reachable_scalar_set_order ... ok
test runtime_value::tests::array_clone_failure_drops_a_completed_deep_sibling_on_a_small_stack ... ok
test runtime_value::tests::array_construction_rejects_unsupported_types_and_inexact_scalar_metadata ... ok
test runtime_value::tests::array_containing_language_copies_preserve_empty_containers ... ok
test runtime_value::tests::array_containing_language_copies_preserve_reachable_structure_and_independence ... ok
test runtime_value::tests::array_containing_language_copy_reports_outer_shape_and_storage_allocation_failures ... ok
test runtime_value::tests::array_from_vec_validates_shape_and_count_before_allocation_or_conversion ... ok
test runtime_value::tests::array_slices_report_storage_allocation_failure_for_every_dtype_without_mutation ... ok
test runtime_value::tests::async_and_process_result_helpers_render_expected_variants ... ok
test native_codegen::tests::direct_backend_emits_object_for_extended_feature_examples ... ok
test runtime_value::tests::blocking_io_admission_register_recheck_has_no_missed_cancel_or_slot_wake ... ok
test runtime_value::tests::blocking_io_operation_panics_are_observable_and_do_not_reduce_pool_size ... ok
test runtime_value::tests::blocking_io_pool_is_lazy_and_starts_the_exact_injected_worker_count_once ... ok
test runtime_value::tests::blocking_io_pool_shutdown_drains_accepted_jobs_and_cancels_parked_admission ... ok
test runtime_value::tests::blocking_io_pool_startup_failure_crosses_runtime_boundaries_as_fatal_au4006 ... ok
test runtime_value::tests::blocking_io_pool_worker_creation_failure_is_all_or_nothing_and_cached ... ok
test runtime_value::tests::blocking_io_slot_cancellation_races_have_one_outcome_and_lose_no_capacity ... ok
test runtime_value::tests::blocking_io_slot_deadline_races_have_one_outcome_and_lose_no_capacity ... ok
test runtime_value::tests::blocking_io_startup_fallback_wraps_plain_host_errors_as_fatal_au4006 ... ok
test runtime_value::tests::blocking_io_submission_rejects_bounded_and_unbounded_pools_once_shutdown_begins ... ok
test runtime_value::tests::blocking_service_cancellation_drops_late_results_safely ... ok
test runtime_value::tests::bounded_blocking_io_admission_is_fifo_after_a_cancelled_waiter_is_removed ... ok
test runtime_value::tests::bounded_blocking_io_admission_times_out_and_cancels_before_execution ... ok
test runtime_value::tests::bounded_blocking_io_capacity_counts_pending_jobs_but_excludes_running_jobs_and_waiters ... ok
test runtime_value::tests::bounded_channel_receive_directly_wakes_reactor_send_subscription ... ok
test runtime_value::tests::bounded_channel_waits_for_capacity_before_accepting_another_value ... ok
test runtime_value::tests::bounded_queue_full_to_available_transition_wakes_all_senders_once ... ok
test runtime_value::tests::bounded_read_helpers_reject_zero_and_oversized_requests_without_allocation ... ok
test runtime_value::tests::bytes_adapter_rejects_wrong_runtime_types_without_consuming_inputs ... ok
test runtime_value::tests::bytes_data_errors_materialize_exact_typed_result_payloads ... ok
test runtime_value::tests::bytes_encoder_expansion_is_preflighted_against_the_codec_safety_ceiling ... ok
test runtime_value::tests::bytes_error_index_retains_the_int32_bytes_error_payload_boundary ... ok
test runtime_value::tests::bytes_host_builtin_adapter_covers_codecs_hashes_and_strict_utf8 ... ok
test runtime_value::tests::bytes_host_builtin_adapter_returns_typed_data_errors_and_au4005_resources ... ok
test runtime_value::tests::bytes_runtime_conversion_rejects_malformed_vec_uint8_values ... ok
test runtime_value::tests::bytes_runtime_materialization_is_fallible_exact_and_non_consuming ... ok
test runtime_value::tests::bytes_runtime_utf8_validation_matches_std_first_error_offsets_without_allocating ... ok
test runtime_value::tests::bytes_string_from_bytes_classifies_invalid_utf8_before_runtime_materialization ... ok
test runtime_value::tests::bytes_string_from_bytes_reports_materialization_failure_without_consuming_input ... ok
test runtime_value::tests::cancellation_directly_wakes_unbounded_reactor_subscription ... ok
test runtime_value::tests::cast_numeric_value_covers_success_and_failure_paths ... ok
test runtime_value::tests::cast_numeric_value_reports_source_types_for_runtime_values ... ok
test runtime_value::tests::channel_and_task_helpers_tolerate_poisoned_locks ... ok
test package::tests::package_git_resolution_and_checkout_helpers_cover_live_git_edges ... ok
test runtime_value::tests::channel_close_wakes_all_ordinary_receivers_and_senders_but_not_ignore_closed_receivers ... ok
test runtime_value::tests::channel_runtime_helpers_cover_send_receive_and_close_paths ... ok
test runtime_value::tests::channel_send_directly_wakes_reactor_receive_subscription ... ok
test runtime_value::tests::chunked_http_framing_rejects_ambiguous_malformed_and_oversized_inputs ... ok
test runtime_value::tests::closure_environments_share_identity_and_enforce_capture_ownership ... ok
test runtime_value::tests::condvar_helpers_tolerate_poisoned_wait_guards ... ok
test runtime_value::tests::channel_close_wakes_ordinary_but_not_ignore_closed_receive_subscription ... ok
test runtime_value::tests::cross_worker_task_completion_error_cancellation_and_claim_races_are_atomic ... ok
test runtime_value::tests::deeply_recursive_reachable_array_copy_completes_on_a_512_kib_stack ... ok
test runtime_value::tests::dense_array_arithmetic_preserves_dtype_operand_order_and_integer_modes ... ok
test runtime_value::tests::dense_array_kernels_cover_checked_arithmetic_broadcast_and_modes ... ok
test runtime_value::tests::dense_array_reductions_define_empty_and_dtype_behavior ... ok
test runtime_value::tests::dense_arrays_all_dtypes_construct_clone_mutate_fill_and_slice_exactly ... ok
test runtime_value::tests::dense_arrays_copy_vec_inputs_normalize_coordinates_and_slice_the_first_axis ... ok
test runtime_value::tests::dense_arrays_validate_shape_storage_and_deep_clone ... ok
test runtime_value::tests::dense_queue_wait_cycle_has_bounded_reachability_traversal ... ok
test runtime_value::tests::direct_cleanup_can_spawn_a_child_before_the_parent_is_retired ... ok
test runtime_value::tests::direct_cleanup_runs_once_on_the_task_pinned_worker ... ok
test runtime_value::tests::dropping_scheduler_removes_outstanding_source_subscriptions ... ok
test package::tests::package_io_helpers_cover_local_error_paths ... ok
test runtime_value::tests::duration_helpers_preserve_nanoseconds_rendering_conversions_and_host_limits ... ok
test runtime_value::tests::dynamic_json_accessors_reject_noncanonical_payload_metadata ... ok
test runtime_value::tests::dynamic_json_dump_node_budget_precedes_container_and_key_allocations ... ok
test runtime_value::tests::dynamic_json_dumps_rejects_noncanonical_indent_integer_metadata ... ok
test runtime_value::tests::dynamic_json_host_boundary_rejects_malformed_runtime_shapes ... ok
test runtime_value::tests::dynamic_json_host_builtins_parse_dump_and_expose_exact_typed_accessors ... ok
test runtime_value::tests::dynamic_json_materialization_counts_the_root_and_recovers_after_checkpoints ... ok
test runtime_value::tests::dynamic_json_metadata_validation_is_structural_and_allocation_free ... ok
test package::tests::package_resolver_reports_git_dependency_resolution_and_package_name_errors ... ok
test runtime_value::tests::duplicate_reactor_subscriptions_and_wakes_produce_one_ready_key ... ok
test runtime_value::tests::dynamic_json_parse_node_budget_precedes_container_allocations ... ok
test runtime_value::tests::dynamic_json_parse_runtime_materialization_allocation_failure_is_au4005 ... ok
test runtime_value::tests::dynamic_json_rejects_deserialized_int64_metadata_with_an_out_of_range_payload ... ok
test runtime_value::tests::dynamic_json_runtime_conversion_fits_a_forced_512_kib_task_stack_at_the_depth_limit ... ok
test runtime_value::tests::dynamic_json_runtime_conversion_rejects_depth_before_building_an_unbounded_clone ... ok
test runtime_value::tests::dynamic_json_runtime_conversion_rejects_noncanonical_payload_metadata ... ok
test runtime_value::tests::dynamic_json_runtime_conversion_round_trips_every_variant_and_preserves_object_slots ... ok
test runtime_value::tests::dynamic_json_runtime_conversions_enforce_the_shared_node_limit ... ok
test runtime_value::tests::dynamic_json_runtime_maps_typed_parse_errors_and_dump_trap_categories ... ok
test runtime_value::tests::dynamic_json_runtime_reserve_failures_are_coded_resource_diagnostics ... ok
test runtime_value::tests::dynamic_json_shared_parse_adapter_borrows_the_source_allocation ... ok
test runtime_value::tests::explicit_stack_tasks_preserve_single_consumer_results_through_forced_cleanup ... ok
test runtime_value::tests::fd_reads_check_deadline_and_size_before_ready_reads ... ok
test runtime_value::tests::ffi_handles_keep_addresses_opaque_in_runtime_rendering_and_identity_operations ... ok
test runtime_value::tests::file_and_encoding_helpers_cover_binary_roundtrip_surface ... ok
test runtime_value::tests::filesystem_helpers_surface_directory_conflicts_precisely ... ok
test runtime_value::tests::fixed_resource_caps_are_distinct_and_enforced_without_large_allocations ... ok
test runtime_value::tests::float_floor_divmod_matches_python_sign_precision_and_zero_rules ... ok
test runtime_value::tests::float_power_uses_destination_width_and_shared_exception_rules ... ok
test runtime_value::tests::floating_formatting_preserves_binary32_identity_and_ieee_signs ... ok
test runtime_value::tests::force_reset_releases_the_task_context_and_spawn_buffer ... ok
test runtime_value::tests::dynamic_json_parse_materializes_a_structurally_dense_valid_input ... ok
test runtime_value::tests::blocking_io_admission_preserves_surviving_fifo_when_the_middle_deadline_expires ... ok
test runtime_value::tests::format_components_reject_host_overflow_and_round_decimal_ties_to_even ... ok
test runtime_value::tests::format_matrix_pins_alignment_sign_radix_scientific_and_default_rendering ... ok
test runtime_value::tests::format_matrix_pins_each_public_syntax_and_type_error_class ... ok
test runtime_value::tests::format_spec_variants_preserve_exact_output_and_teaching_diagnostics ... ok
test runtime_value::tests::format_width_and_precision_enforce_the_ratified_boundaries ... ok
test runtime_value::tests::function_values_expose_structural_identity_rendering_cloning_and_cast_diagnostics ... ok
test runtime_value::tests::function_values_remain_observable_inside_structural_runtime_aggregates ... ok
test runtime_value::tests::generated_root_cleanup_runs_once_on_forced_exit_and_not_on_normal_return ... ok
test runtime_value::tests::host_control_plane_builtins_cover_success_and_error_boundaries ... ok
test runtime_value::tests::http_content_length_validation_rejects_non_identity_transfer_coding ... ok
test runtime_value::tests::http_helper_parsing_covers_reason_phrases_and_header_errors ... ok
test runtime_value::tests::http_listener_replies_with_400_for_malformed_requests_and_continues_accepting ... ok
test runtime_value::tests::http_listener_replies_with_413_for_oversized_requests_and_continues_accepting ... ok
test runtime_value::tests::http_listener_replies_with_431_for_too_many_headers_and_continues_accepting ... ok
test runtime_value::tests::http_request_builder_covers_host_variants_and_header_overrides ... ok
test runtime_value::tests::http_request_rejects_control_characters_in_headers ... ok
test runtime_value::tests::http_request_rejects_invalid_header_names_and_non_ascii_values ... ok
test runtime_value::tests::http_resources_use_nonblocking_descriptors_internally ... ok
test runtime_value::tests::http_response_limit_rejects_declared_and_close_delimited_overflow_early ... ok
test runtime_value::tests::http_response_writer_rejects_header_injection_before_writing ... ok
test runtime_value::tests::http_stream_helpers_cover_response_without_content_length_and_custom_headers ... ok
test runtime_value::tests::http_stream_helpers_decode_chunked_requests_and_responses ... ok
test runtime_value::tests::dynamic_json_parse_maps_the_public_node_limit_to_au4005 ... ok
test runtime_value::tests::http_stream_helpers_report_unexpected_eof_for_incomplete_messages ... ok
test runtime_value::tests::http_streams_report_truncated_chunked_messages_and_incremental_limit_overflow ... ok
test runtime_value::tests::http_stream_helpers_read_split_request_and_response_bodies ... ok
test runtime_value::tests::forced_256_kib_websocket_data_serializes_clones_without_blocking_siblings ... ok
test runtime_value::tests::impossible_blocking_io_worker_capacity_fails_before_spawning_or_executing_and_is_cached ... ok
test runtime_value::tests::impossible_runtime_format_contract_mismatches_are_diagnostics ... ok
test runtime_value::tests::injected_deadline_overflow_is_invalid_input_instead_of_a_sentinel ... ok
test runtime_value::tests::forced_256_kib_tls_handshake_and_data_preserve_sibling_timer_progress ... ok
test runtime_value::tests::injected_supervisor_backoff_overflow_becomes_a_failed_event ... ok
test runtime_value::tests::injected_tls_handshake_cap_overflow_fails_closed ... ok
test runtime_value::tests::integer_float_style_formats_do_not_round_through_binary64 ... ok
test runtime_value::tests::io_error_maps_closed_and_cancelled_resource_conditions ... ok
test runtime_value::tests::io_error_maps_standard_error_kinds_to_stable_variants ... ok
test runtime_value::tests::isolated_http_protocol_roundtrip_fits_forced_256_kib_callers ... ok
test runtime_value::tests::continuously_yielding_task_does_not_starve_reactor_wakeups ... ok
test package::tests::public_package_graph_round_trips_git_locks_and_rejects_version_only_dependencies ... ok
test runtime_value::tests::legacy_json_validity_walks_nested_arrays_and_objects ... ok
test runtime_value::tests::json_codec_non_task_admission_waits_for_capacity_before_cloning ... ok
test runtime_value::tests::lightweight_blocking_io_admission_parks_without_starving_a_sibling_timer ... ok
test runtime_value::tests::lightweight_blocking_io_observes_pre_cancelled_and_wait_cancelled_contexts ... ok
test runtime_value::tests::lightweight_scheduler_handles_large_http_binary_round_trip ... ok
test runtime_value::tests::lightweight_scheduler_helpers_cover_unbounded_waits_and_defensive_exit ... ok
test runtime_value::tests::lightweight_scheduler_teardown_cancels_abandoned_tasks_and_runs_cleanup_once ... ok
test runtime_value::tests::lightweight_stack_allocator_reports_real_address_space_exhaustion ... ok
test runtime_value::tests::injected_resolver_outage_saturation_recovers_without_executing_rejected_jobs ... ok
test runtime_value::tests::lightweight_task_cancel_boundary_marks_child_cancelled ... ok
test runtime_value::tests::lightweight_tasks_are_pinned_across_yield_timer_and_queue_waits ... ok
test runtime_value::tests::lightweight_worker_count_defaults_and_rejects_invalid_overrides ... ok
test runtime_value::tests::lightweight_worker_runner_rejects_an_empty_pool_before_starting_work ... ok
test runtime_value::tests::lightweight_workers_make_cpu_progress_concurrently ... ok
test runtime_value::tests::math_host_builtins_classify_every_exception_family ... ok
test runtime_value::tests::math_host_builtins_follow_the_ratified_finite_contract ... ok
test runtime_value::tests::math_host_dispatch_rejects_wrong_runtime_types_and_arities_exactly ... ok
test runtime_value::tests::nested_queue_producer_registration_walks_tuples_collections_instances_and_variants ... ok
test runtime_value::tests::nested_stack_allocation_failure_is_synchronous_and_does_not_enqueue_a_task ... ok
test runtime_value::tests::network_resources_use_nonblocking_descriptors_internally ... ok
test runtime_value::tests::non_lightweight_blocking_io_callers_use_the_shared_dedicated_pool ... ok
test runtime_value::tests::non_unix_tls_listener_wait_timeout_blocks_when_no_handshakes_are_pending ... ok
test runtime_value::tests::non_unix_tls_listener_wait_timeout_keeps_short_slices_when_handshakes_are_pending ... ok
test runtime_value::tests::non_unix_tls_listener_wait_timeout_uses_full_deadline_when_queue_is_empty ... ok
test runtime_value::tests::numeric_divmod_returns_matching_typed_pairs_and_classifies_failures ... ok
test runtime_value::tests::numeric_round_preserves_integers_and_uses_checked_ties_to_even_int64_results ... ok
test runtime_value::tests::option_and_result_helpers_render_expected_variants ... ok
test runtime_value::tests::owned_slice_helpers_normalize_once_reject_without_clamping_and_copy_values ... ok
test runtime_value::tests::p63_embedded_nominal_types_preserve_base_value_identity_and_rendering ... ok
test runtime_value::tests::p63_host_task_join_handoff_normalizes_a_panicked_thread_to_a_diagnostic ... ok
test runtime_value::tests::p63_retry_cancellation_propagates_as_task_cancellation_not_a_panic_error ... ok
test runtime_value::tests::p63_single_worker_infrastructure_failure_cancels_unadmitted_root_exactly_once ... ok
test runtime_value::tests::p63_task_join_reachability_tracks_weak_dependencies_and_external_wake_sources ... ok
test runtime_value::tests::p63_task_wait_reachability_follows_live_dependencies_without_retaining_them ... ok
test runtime_value::tests::lightweight_scheduler_handles_http_after_blocking_io_server_step ... ok
test runtime_value::tests::lightweight_tasks_observe_blocking_io_completion_before_parent_timeout ... ok
test runtime_value::tests::phase51_scheduler_rearms_after_a_queue_wake_loses_the_readiness_race ... ok
test runtime_value::tests::phase51_unsupported_fd_interest_surfaces_the_reactor_registration_diagnostic ... ok
test runtime_value::tests::json_codec_service_bounds_admission_and_recovers_permits_after_failures ... ok
test runtime_value::tests::phase58_select_check_subscribe_recheck_and_loser_cleanup_are_race_safe ... ok
test runtime_value::tests::phase58_select_claims_nonrepeatable_tasks_before_waiting ... ok
test runtime_value::tests::phase58_select_committed_queue_winner_is_not_replaced_by_later_cancellation ... ok
test runtime_value::tests::phase58_select_concurrent_queue_and_task_publication_enqueues_waiter_once ... ok
test runtime_value::tests::pending_tls_listener_progress_uses_a_bounded_default_poll ... ok
test runtime_value::tests::phase58_select_cross_worker_publication_wakes_the_pinned_waiter ... ok
test runtime_value::tests::phase58_select_preserves_queue_task_and_deadline_outcome_shapes ... ok
test runtime_value::tests::phase58_select_rearms_when_a_queue_wake_loses_the_atomic_receive_race ... ok
test runtime_value::tests::phase58_select_rechecks_task_deadline_and_cancellation_registration_races ... ok
test runtime_value::tests::phase58_select_repeatable_task_winner_remains_reusable ... ok
test runtime_value::tests::phase58_select_unwind_during_subscription_cleans_every_loser_registration ... ok
test runtime_value::tests::phase58_select_uses_cancellation_first_then_original_source_index ... ok
test runtime_value::tests::phase58_select_uses_original_index_across_queue_task_deadline_permutations ... ok
test runtime_value::tests::phase58_select_validates_every_source_and_deadline_before_observing_readiness ... ok
test runtime_value::tests::phase73_observable_runtime_json_clone_preserves_empty_containers_and_nested_buffers ... ok
test runtime_value::tests::phase73_observable_runtime_task_group_cancellation_precedes_empty_completion ... ok
test runtime_value::tests::phase73_observable_runtime_task_group_distinguishes_values_and_normal_completion ... ok
test runtime_value::tests::https_client_uses_tls_validation_and_decodes_chunked_responses ... ok
test runtime_value::tests::practical_format_specifications_are_unicode_aware_and_width_exact ... ok
test runtime_value::tests::process_child_helpers_cover_empty_command_and_cancellation_edges ... ok
test runtime_value::tests::process_completed_values_preserve_output_status_and_check_semantics ... ok
test runtime_value::tests::process_config_decoders_report_unknown_and_wrong_variants ... ok
test runtime_value::tests::phase51_runtime_wake_signal_notifies_once_per_false_to_true_transition ... ok
test runtime_value::tests::phase73_observable_runtime_task_group_wait_wakes_as_cancelled ... ok
test runtime_value::tests::process_pipe_helpers_cover_read_all_and_pipe_direction_errors ... ok
test runtime_value::tests::process_stdout_supports_line_then_byte_reads ... ok
test runtime_value::tests::protocol_state_step_panics_return_owned_state_and_preserve_the_service ... ok
test runtime_value::tests::process_pipe_helpers_cover_stderr_reads_and_closed_edges ... ok
test runtime_value::tests::protocol_step_panics_signal_the_waiter_and_preserve_the_service ... ok
test runtime_value::tests::protocol_steps_do_not_consume_a_forced_256_kib_caller_stack ... ok
test runtime_value::tests::process_supervisor_wait_or_none_and_stop_cover_public_outcomes ... ok
test runtime_value::tests::pure_rust_abandoned_task_unwinds_owned_values_once_at_teardown ... ok
test runtime_value::tests::python_zero_pad_shorthand_places_padding_after_the_numeric_sign ... ok
test runtime_value::tests::queue_empty_to_nonempty_transition_wakes_all_receivers_once ... ok
test runtime_value::tests::protocol_step_deadlines_cover_queue_saturation_and_late_completion ... ok
test runtime_value::tests::queue_iteration_ignores_nonproducer_reachability_handles ... ok
test runtime_value::tests::protocol_steps_run_on_the_dedicated_service_and_resume_siblings ... ok
test runtime_value::tests::real_task_completion_directly_wakes_reactor_result_subscription ... ok
test runtime_value::tests::released_blocking_io_slot_skips_expired_oldest_waiter_and_accepts_next_in_fifo ... ok
test runtime_value::tests::render_float_formats_current_surface ... ok
test runtime_value::tests::resolving_a_scheduler_wait_removes_all_source_subscriptions ... ok
test runtime_value::tests::retry_host_dispatch_rejects_inexact_runtime_argument_types ... ok
test runtime_value::tests::retry_runtime_policy_validates_host_limits_and_checked_doubling ... ok
test runtime_value::tests::root_scheduler_stack_allocation_failure_is_synchronous_and_preserves_admission_order ... ok
test runtime_value::tests::queue_task_role_registries_are_keyed_and_prune_task_churn ... ok
test runtime_value::tests::phase58_select_captures_one_deadline_base_after_all_sources_validate ... ok
test runtime_value::tests::runtime_io_wait_helpers_cover_deadlines_cancellation_and_poll_edges ... ok
test runtime_value::tests::shutdown_drains_spawn_races_without_leaving_running_handles ... ok
test runtime_value::tests::single_worker_nested_spawns_preserve_admission_fifo_and_immediate_child_waits ... ok
test runtime_value::tests::queue_iteration_wait_wakes_for_unobserved_task_group_failure ... ok
test runtime_value::tests::runtime_scheduler_wakes_select_wait_on_cancellation ... ok
test runtime_value::tests::supervisor_rejects_zero_backoff_when_restart_is_enabled ... ok
test runtime_value::tests::runtime_scheduler_wakes_sleep_on_cancellation ... ok
test runtime_value::tests::supervisor_start_preserves_spawn_failures_in_the_typed_error_carrier ... ok
test runtime_value::tests::supervisor_wait_or_none_deadline_overflow_is_a_typed_error ... ok
test runtime_value::tests::task_and_cancellation_helpers_cover_current_runtime_contract ... ok
test runtime_value::tests::task_completion_clears_abandoned_join_dependencies ... ok
test runtime_value::tests::task_execution_finalization_maps_failures_to_task_results ... ok
test runtime_value::tests::task_group_and_queue_registration_precede_remote_task_submission ... ok
test runtime_value::tests::task_group_cleanup_probe_detects_unbounded_waits_after_fresh_spawns ... ok
test runtime_value::tests::task_group_reachability_rechecks_queue_after_a_waker_completes ... ok
test runtime_value::tests::task_group_wake_flags_cover_already_completed_and_duplicate_registrations ... ok
test runtime_value::tests::task_result_batch_claim_rejects_duplicate_aliases_and_cleanup_does_not_consume ... ok
test runtime_value::tests::task_result_observation_claim_has_exactly_one_race_winner ... ok
test runtime_value::tests::task_result_observation_claim_is_shared_by_aliases_and_repeatable_when_allowed ... ok
test runtime_value::tests::task_wait_reachability_snapshot_does_not_retain_tasks_or_queues ... ok
test runtime_value::tests::task_wait_ready_reason_preserves_cancellation_source_deadline_fd_precedence ... ok
test runtime_value::tests::tcp_and_http_helpers_handle_large_payloads ... ok
test runtime_value::tests::supervisor_delays_restarts_and_reports_restart_counts ... ok
test runtime_value::tests::tcp_combined_resolve_connect_adapter_recovers_queued_work_after_resolver_saturation ... ok
test runtime_value::tests::tcp_connect_candidates_share_one_timeout_budget ... ok
test runtime_value::tests::tcp_connect_cancellation_stops_waiting_for_an_inflight_resolver ... ok
test runtime_value::tests::tcp_connect_reports_empty_resolution_with_the_original_address ... ok
test runtime_value::tests::supervisor_reports_restart_spawn_failure_after_executable_disappears ... ok
test runtime_value::tests::tcp_connect_timeout_budget_includes_resolution_wait ... ok
test runtime_value::tests::tcp_stream_accessors_reads_half_shutdowns_and_closed_errors_are_consistent ... ok
test runtime_value::tests::tcp_connect_timeout_offloads_resolution_without_a_lightweight_task_context ... ok
test runtime_value::tests::tls_and_websocket_validation_fail_before_remote_protocol_io ... ok
test runtime_value::tests::tls_handshake_deadline_caps_requested_timeout_to_default_budget ... ok
test runtime_value::tests::tcp_udp_http_and_websocket_helpers_cover_timeout_and_protocol_surface ... ok
test runtime_value::tests::https_client_reports_incomplete_and_oversized_response_framing ... ok
test runtime_value::tests::tcp_connect_offloads_slow_resolution_without_starving_a_sibling_timer ... ok
test runtime_value::tests::phase58_select_rejects_a_deadline_that_overflows_after_source_validation ... ok
test runtime_value::tests::tuple_value_equality_uses_elements_not_runtime_type_metadata ... ok
test runtime_value::tests::tuple_values_preserve_type_metadata_equality_and_rendering ... ok
test runtime_value::tests::udp_datagrams_preserve_bytes_and_socket_waits_report_timeout_cancellation_and_close ... ok
test runtime_value::tests::unadmitted_cleanup_panics_are_diagnosed_after_terminalizing_the_task ... ok
test runtime_value::tests::unbounded_blocking_io_queue_accepts_without_admission_waiters ... ok
test runtime_value::tests::socket_timeouts_honor_the_requested_budget ... ok
test runtime_value::tests::unix_and_tls_helpers_cover_local_socket_and_tls_surface ... ok
test runtime_value::tests::unix_error_normalization_helpers_cover_udp_and_websocket_edges ... ok
test runtime_value::tests::unix_fd_nonblocking_helper_toggles_socket_flags_and_reports_bad_fds ... ok
test runtime_value::tests::unix_listener_bind_rejects_existing_live_socket_paths ... ok
test runtime_value::tests::unix_listener_bind_rejects_existing_regular_files ... ok
test runtime_value::tests::unix_connect_offloads_a_slow_connect_without_starving_a_sibling_timer ... ok
test runtime_value::tests::unobserved_task_cleanup_does_not_register_discarded_queue_results ... ok
test runtime_value::tests::value_equality_and_render_cover_collection_shapes ... ok
test runtime_value::tests::vectorized_float_division_preserves_empty_and_allocation_error_precedence ... ok
test runtime_value::tests::websocket_cross_type_messages_and_close_state_are_observable ... ok
test runtime_value::tests::websocket_error_mapping_preserves_io_error_kinds ... ok
test runtime_value::tests::tls_state_is_reusable_after_cancellation_at_a_protocol_step_boundary ... ok
test runtime_value::tests::websocket_ipv6_host_header_retains_brackets_and_explicit_port ... ok
test runtime_value::tests::worker_coordinator_preserves_round_robin_admission_and_shutdown_accounting ... ok
test runtime_value::tests::worker_infrastructure_failures_cancel_root_cleanup_once_and_return_diagnostics ... ok
test runtime_value::tests::websocket_handshake_rejections_are_observable_on_both_transport_roles ... ok
test sema::tests::a_projected_branch_result_field_is_consumed_from_every_arm ... ok
test sema::tests::adr0038_assignment_indices_cannot_read_mutable_returned_views ... ok
test sema::tests::adr0038_additional_view_diagnostics_cover_call_and_tuple_place_edges ... ok
test sema::tests::adr0038_branch_local_loan_expiry_is_independent_of_arm_order ... ok
test sema::tests::adr0038_call_initialized_view_aliases_keep_exact_returned_footprints ... ok
test sema::tests::adr0038_closure_capture_loans_support_reborrowing_and_reject_overlap ... ok
test runtime_value::tests::unix_tls_and_websocket_resources_use_nonblocking_descriptors_internally ... ok
test sema::tests::adr0038_closure_loans_block_mutable_calls_and_owned_moves ... ok
test sema::tests::adr0038_concrete_generic_trait_calls_narrow_returned_view_footprints ... ok
test sema::tests::adr0038_control_flow_forwarding_summaries_keep_exact_tuple_projections ... ok
test sema::tests::adr0038_copy_view_reads_can_write_through_an_existing_mutable_view ... ok
test sema::tests::adr0038_consuming_aggregate_arguments_reject_nested_loan_closures ... ok
test runtime_value::tests::tls_listener_accept_requires_a_completed_handshake ... ok
test sema::tests::adr0038_deep_mutable_reborrows_suspend_and_resume_every_ancestor ... ok
test sema::tests::adr0038_direct_calls_cannot_erase_loan_closure_regions ... ok
test sema::tests::adr0038_functions_cannot_return_loan_bearing_closures ... ok
test sema::tests::adr0038_forwarded_footprints_are_complete_and_exact ... ok
test sema::tests::adr0038_generic_calls_cannot_erase_loan_closure_regions ... ok
test sema::tests::adr0038_explicit_capture_lists_are_exhaustive_and_capability_checked ... ok
test sema::tests::adr0038_grouped_closures_and_closure_children_retain_their_loans ... ok
test sema::tests::adr0038_if_elif_conditions_use_the_previous_false_edge_state ... ok
test sema::tests::adr0038_grouped_closure_moves_and_view_task_arguments_retain_authority ... ok
test sema::tests::adr0038_inline_explicit_captures_acquire_their_loans_immediately ... ok
test sema::tests::adr0038_copy_views_never_decay_into_owned_values ... ok
test sema::tests::adr0038_last_use_walkers_retain_slice_comparison_and_nested_block_end_spans ... ok
test sema::tests::adr0038_loan_closure_regions_follow_moves_and_reject_aggregate_escape ... ok
test sema::tests::adr0038_lambda_capture_lists_reject_unused_and_immutable_mut_entries ... ok
test sema::tests::adr0038_lambda_owned_results_cannot_erase_returned_view_regions ... ok
test sema::tests::adr0038_loop_carried_views_and_wrapped_returned_views_do_not_escape ... ok
test sema::tests::adr0038_loan_closures_reject_unsupported_deferred_flows ... ok
test sema::tests::adr0038_loop_headers_keep_loans_live_and_if_conditions_end_on_their_edge ... ok
test sema::tests::adr0038_mutable_result_context_checks_preserve_nested_scopes_and_moves ... ok
test sema::tests::adr0038_loan_closures_reject_every_aggregate_storage_shape ... ok
test sema::tests::adr0038_match_and_iteration_locks_use_canonical_physical_places ... ok
test sema::tests::adr0038_imported_generic_specializations_keep_owner_relative_footprints ... ok
test sema::tests::adr0038_mutable_returned_view_arguments_preserve_capability_and_overlap ... ok
test sema::tests::adr0038_nested_dynamic_returned_views_keep_a_conservative_footprint ... ok
test sema::tests::adr0038_mutable_returned_views_require_a_mutable_view_context ... ok
test sema::tests::adr0038_nested_place_types_are_nonconsuming_and_alias_relative ... ok
test sema::tests::adr0038_projected_returned_views_preserve_capability_and_parentage ... ok
test sema::tests::adr0038_recursive_projection_cycles_remain_conservative ... ok
test sema::tests::adr0038_reborrow_suspension_and_nested_last_use_are_enforced ... ok
test sema::tests::adr0038_mutable_returned_views_reject_all_read_only_control_contexts ... ok
test sema::tests::adr0038_reference_walker_exercises_nonmatching_nested_paths ... ok
test sema::tests::adr0038_recursive_singleton_forwarding_keeps_its_exact_footprint ... ok
test sema::tests::adr0038_returned_view_arguments_retain_their_physical_places ... ok
test sema::tests::adr0038_return_statement_diagnostics_cover_contract_and_place_mismatches ... ok
test sema::tests::adr0038_owned_sinks_cannot_erase_returned_view_regions ... ok
test sema::tests::adr0038_returned_shared_iterables_lock_their_origin ... ok
test sema::tests::adr0038_returned_view_control_contexts_preserve_capability_and_lifetime ... ok
test sema::tests::adr0038_returned_view_metadata_lookup_is_inert_for_ordinary_type_calls ... ok
test sema::tests::adr0038_returned_views_never_become_owned_values ... ok
test sema::tests::adr0038_returned_views_cannot_hide_in_groups_returns_or_aggregates ... ok
test sema::tests::adr0038_returned_view_lookup_is_local_first_and_group_transparent ... ok
test sema::tests::adr0038_returned_view_capability_trait_dispatch_and_footprints_are_checked ... ok
test sema::tests::adr0038_self_origin_trait_contracts_compare_by_receiver_slot ... ok
test sema::tests::adr0038_shared_children_suspend_parents_and_projected_reborrows_resume_them ... ok
test sema::tests::adr0038_returned_views_require_declared_origin_provenance ... ok
test sema::tests::adr0038_statement_reference_walker_covers_every_statement_shape ... ok
test sema::tests::adr0038_shared_views_support_direct_read_contexts_and_copy_projections ... ok
test sema::tests::adr0038_shared_repeats_self_reborrows_and_mutable_capture_transfer_are_checked ... ok
test sema::tests::adr0038_transitive_method_forwarding_keeps_exact_footprints ... ok
test sema::tests::adr0038_returned_views_reject_nested_literal_and_call_storage_contexts ... ok
test sema::tests::adr0038_tuple_views_use_nonconsuming_places_and_preserve_parent_capability ... ok
test sema::tests::adr0038_view_place_helpers_cover_defensive_call_and_projection_edges ... ok
test sema::tests::adr0038_tuple_view_places_reject_dynamic_negative_and_out_of_range_positions ... ok
test sema::tests::adr0038_view_capabilities_follow_receiver_and_argument_passing ... ok
test sema::tests::adr0038_view_binding_diagnostics_cover_kind_place_and_shadowing_errors ... ok
test sema::tests::adr0038_views_cannot_escape_through_assignment_or_destructuring_sinks ... ok
test sema::tests::adr0038_views_of_copy_values_are_neither_owned_captures_nor_transferable ... ok
test sema::tests::adr0038_whole_copy_views_cannot_escape_through_owned_returns ... ok
test sema::tests::array_constructor_remains_a_global_type_inside_binary_expressions ... ok
test sema::tests::adr0038_view_return_contract_validation_covers_every_invalid_origin ... ok
test sema::tests::adr0038_views_enforce_overlap_and_shorten_at_last_use ... ok
test sema::tests::array_containment_disables_membership_and_key_deduplication ... ok
test sema::tests::array_containment_recursively_disables_structural_equality ... ok
test sema::tests::array_containment_rejects_contextual_empty_sets_and_map_indexing ... ok
test sema::tests::assertion_introspection_dispatch_requires_two_shared_custom_operands ... ok
test sema::tests::array_surface_type_checks_constructors_members_operators_and_transfer ... ok
test sema::tests::array_surface_rejects_invalid_dtypes_mixed_arithmetic_and_invalid_members ... ok
test sema::tests::bitwise_shift_and_power_operators_require_the_accepted_exact_numeric_types ... ok
test sema::tests::borrowed_copy_return_assignments_bind_as_plain_values ... ok
test sema::tests::borrowed_conditional_result_preserves_internal_arm_consumption ... ok
test sema::tests::borrowed_match_result_preserves_internal_arm_consumption ... ok
test sema::tests::bare_copy_matches_retain_logical_shared_access_through_the_arm ... ok
test sema::tests::branch_expressions_reject_capturing_closure_unions_with_teaching_diagnostics ... ok
test sema::tests::builtin_call_and_member_resolution_surface_type_checks ... ok
test sema::tests::builtin_method_names_cannot_be_shadowed_on_any_builtin_target ... ok
test sema::tests::builtin_omitted_marker_is_valid_only_while_checking_generated_defaults ... ok
test sema::tests::capture_free_function_types_are_copy_values_with_declaration_spelling ... ok
test sema::tests::array_surface_reports_reachable_constructor_member_and_operator_contracts ... ok
test sema::tests::capture_free_lambda_coerces_to_an_ordinary_copy_function_value ... ok
test sema::tests::capturing_closure_storage_rejection_is_uniform_across_collection_and_field_surfaces ... ok
test sema::tests::check_lowers_generic_top_level_items_and_impls ... ok
test sema::tests::capturing_closure_uses_annotation_as_context_without_erasing_ownership ... ok
test sema::tests::builtin_bare_copy_arguments_retain_shared_access_through_later_arguments ... ok
test sema::tests::check_reports_duplicate_recursive_and_copy_class_errors ... ok
test sema::tests::callable_equality_is_rejected_uniformly_for_function_values_and_closures ... ok
test sema::tests::check_rejects_duplicate_ordinary_parameter_names ... ok
test sema::tests::check_with_context_covers_imported_binding_registration_and_duplicate_item_paths ... ok
test sema::tests::checker_assignment_helper_paths_cover_index_member_and_binding_edges ... ok
test sema::tests::checker_builtin_constructor_and_variant_error_edges_cover_direct_paths ... ok
test sema::tests::checker_builtin_function_success_surface_infers_expected_types ... ok
test sema::tests::check_reports_field_default_and_trait_impl_validation_errors ... ok
test sema::tests::checker_call_surface_helpers_cover_builtin_constructors_and_builtin_calls ... ok
test sema::tests::check_reports_duplicate_type_params_across_top_level_item_kinds ... ok
test sema::tests::checker_class_constructor_direct_errors_cover_field_binding_edges ... ok
test sema::tests::checker_direct_entrypoints_cover_top_level_function_method_and_impl_paths ... ok
test sema::tests::checker_expression_helper_paths_cover_collection_specialization_and_control_edges ... ok
test sema::tests::checker_helper_paths_cover_imported_modules_type_args_and_binding_consumption ... ok
test sema::tests::checker_helper_paths_cover_explicit_type_args_and_pattern_unification_edges ... ok
test sema::tests::checker_loop_const_bool_conditions_cover_grouped_and_negated_forms ... ok
test sema::tests::checker_loop_move_helper_reports_full_and_partial_repeated_moves ... ok
test sema::tests::checker_member_call_helpers_cover_string_map_set_and_channel_builtins ... ok
test sema::tests::check_reports_top_level_lowering_errors_from_source ... ok
test sema::tests::checker_module_member_type_edges_cover_private_and_uncalled_members ... ok
test sema::tests::checker_module_resolution_helpers_cover_current_module_and_index_wrappers ... ok
test sema::tests::checker_move_consumption_helpers_cover_managed_specialized_member_and_match_paths ... ok
test sema::tests::checker_select_and_assignment_direct_helpers_cover_remaining_error_and_success_paths ... ok
test sema::tests::checker_small_helper_utilities_cover_default_arg_and_recursive_type_paths ... ok
test sema::tests::checker_type_of_call_covers_associated_methods_generic_variants_and_private_fields ... ok
test sema::tests::checker_user_call_argument_mismatch_reports_direct_callable_mismatch ... ok
test sema::tests::checker_member_call_helpers_cover_successful_string_vec_map_and_runtime_surfaces ... ok
test sema::tests::class_field_default_calls_keep_the_callable_boundary_diagnostic ... ok
test sema::tests::clone_producing_operations_cannot_duplicate_task_observation_rights ... ok
test sema::tests::clone_rejection_follows_stored_task_rights_through_classes_enums_and_generics ... ok
test sema::tests::checker_function_default_loop_and_resource_validation_cover_additional_branches ... ok
test sema::tests::closure_diagnostics_reject_explicit_specialization_of_concrete_signatures ... ok
test sema::tests::closure_diagnostics_reject_inferred_generic_field_environment_erasure ... ok
test sema::tests::closure_diagnostics_reject_map_key_environment_erasure ... ok
test sema::tests::closure_type_keeps_compact_runtime_layout_and_stable_serialization ... ok
test sema::tests::closure_diagnostics_reject_branch_environment_erasure_against_named_functions ... ok
test sema::tests::comprehension_arguments_preserve_owned_results_and_allow_source_reuse ... ok
test sema::tests::comprehension_contextual_output_mismatches_name_each_collection_position ... ok
test sema::tests::composite_and_projected_arguments_conflict_with_a_retained_shared_argument ... ok
test sema::tests::comprehension_default_parameter_dependencies_cover_filters_nested_sources_and_map_outputs ... ok
test sema::tests::comprehension_default_tuple_targets_shadow_same_named_parameters ... ok
test sema::tests::comprehension_filters_targets_and_contextual_results_are_checked_exactly ... ok
test sema::tests::comprehension_lambda_capture_collection_covers_filters_sets_and_map_positions ... ok
test sema::tests::comprehension_defaults_find_parameter_dependencies_inside_nested_expression_containers ... ok
test sema::tests::comprehension_lambda_capture_scopes_follow_adr_0037 ... ok
test sema::tests::comparison_chains_evaluate_each_operand_once_and_short_circuit ... ok
test sema::tests::comprehension_lockstep_sources_reject_non_collection_inputs_with_teaching_diagnostics ... ok
test sema::tests::comprehension_owned_storage_diagnostics_distinguish_cloneable_and_noncloneable_values ... ok
test sema::tests::comprehension_walkers_cover_default_parameter_references_and_bad_iterables ... ok
test sema::tests::comprehensions_in_function_and_field_defaults_retain_lowering_metadata ... ok
test sema::tests::comprehensions_share_bare_loop_types_and_export_progressive_metadata ... ok
test sema::tests::comprehension_ownership_freezes_sources_and_never_hides_clones_or_repeated_moves ... ok
test sema::tests::conditional_arm_rejects_direct_consumption_followed_by_an_internal_move ... ok
test sema::tests::concrete_function_values_keep_named_and_default_call_rules ... ok
test sema::tests::conditional_arm_still_rejects_an_internal_move_followed_by_direct_reuse ... ok
test sema::tests::concrete_operator_trait_resolution_reports_ambiguity_for_equal_specificity_impls ... ok
test sema::tests::conditional_condition_moves_are_visible_to_both_result_arms ... ok
test sema::tests::conditional_consumption_keeps_direct_then_arm_branch_local ... ok
test sema::tests::conditional_consumption_keeps_direct_else_arm_branch_local ... ok
test sema::tests::conditional_defaults_reject_references_from_every_operand ... ok
test sema::tests::conditional_inference_combines_complementary_empty_collection_context ... ok
test sema::tests::conditional_expressions_require_bool_unify_arms_and_merge_branch_moves ... ok
test sema::tests::conditional_inference_recurses_through_collection_shapes ... ok
test sema::tests::conditional_inference_recursively_unifies_peer_tuple_and_generic_literals ... ok
test sema::tests::conditional_expression_inference_is_symmetric_for_contextual_values_and_literals ... ok
test sema::tests::conditional_inference_speculation_uses_isolated_result_replay ... ok
test sema::tests::checker_match_and_builtin_error_surfaces_cover_remaining_branches ... ok
test sema::tests::conditional_operands_participate_in_retained_access_conflicts ... ok
test sema::tests::conditional_result_consumption_interleaves_nested_composite_elements ... ok
test sema::tests::conditional_result_consumption_preserves_preexisting_moves ... ok
test sema::tests::conditional_result_consumption_preserves_unrelated_partial_moves ... ok
test sema::tests::conditional_result_places_participate_in_call_access_conflicts ... ok
test sema::tests::conditional_task_observation_consumption_participates_in_argument_overlap ... ok
test sema::tests::consuming_a_field_of_a_match_result_moves_each_possible_field ... ok
test sema::tests::consuming_a_conditional_moves_values_from_both_possible_arms ... ok
test sema::tests::consuming_a_field_of_a_conditional_result_moves_each_possible_field ... ok
test sema::tests::consuming_capture_makes_the_closure_single_use ... ok
test sema::tests::conditional_inference_exchanges_set_and_map_literal_shapes ... ok
test sema::tests::contextual_none_rejects_non_optional_comparisons_symmetrically ... ok
test sema::tests::control_flow_reassignment_intersects_function_contracts ... ok
test sema::tests::copy_and_type_classifier_helpers_cover_builtin_and_user_types ... ok
test sema::tests::contextual_none_equality_type_checks_symmetrically ... ok
test sema::tests::d3_generic_calls_use_expected_results_to_contextually_type_literal_arguments ... ok
test sema::tests::d3_int_alias_canonicalizes_across_signatures_generics_and_casts ... ok
test sema::tests::contextual_generic_function_values_report_each_specialization_failure_at_the_value ... ok
test sema::tests::d3_int_alias_is_a_reserved_builtin_type_name ... ok
test sema::tests::d3_assert_checks_exact_types_and_remains_fallthrough ... ok
test sema::tests::d3_assert_keeps_condition_effects_and_discards_lazy_message_effects ... ok
test sema::tests::d4_string_indexing_remains_rejected ... ok
test sema::tests::d3_unhinted_integer_literals_default_to_checked_int64 ... ok
test sema::tests::d6_parameter_defaults_allow_shared_and_owned_temporaries_but_reject_borrow_mut ... ok
test sema::tests::d6_builtin_retention_metadata_controls_observable_consumption ... ok
test sema::tests::d6_parameter_defaults_resolve_once_from_declared_types ... ok
test sema::tests::d6_qualified_imported_copy_types_resolve_through_module_namespaces ... ok
test sema::tests::default_argument_and_trait_bound_helpers_cover_nested_expression_cases ... ok
test sema::tests::default_argument_reference_detection_walks_nested_expression_shapes ... ok
test sema::tests::d6_implicit_borrows_are_reusable_and_consumption_teaches_own ... ok
test sema::tests::d6_task_captures_are_owned_while_shared_child_parameters_are_allowed ... ok
test sema::tests::dict_items_clone_observers_preserve_single_task_result_rights ... ok
test sema::tests::d6_place_iteration_and_queue_receive_have_distinct_ownership ... ok
test sema::tests::duration_static_conversions_and_builtin_operator_surface_type_checks ... ok
test sema::tests::empty_set_constructor_requires_an_explicit_element_type ... ok
test sema::tests::dynamic_function_contracts_retain_only_names_and_defaults_that_agree ... ok
test sema::tests::equality_and_membership_remain_available_for_array_free_values ... ok
test sema::tests::ffi_calls_preserve_the_declared_result_type_in_aura_contexts ... ok
test sema::tests::duration_static_and_mixed_operand_errors_name_the_supported_types ... ok
test sema::tests::ffi_closures_that_capture_opaque_handles_use_the_callable_equality_diagnostic ... ok
test sema::tests::ffi_extern_metadata_supports_from_and_qualified_import_calls ... ok
test sema::tests::ffi_direct_call_only_contract_covers_specialization_values_and_tasks ... ok
test sema::tests::ffi_from_imported_opaque_handles_preserve_canonical_type_identity ... ok
test sema::tests::ffi_externs_are_direct_call_only_and_opaque_handles_are_not_transferable ... ok
test sema::tests::enumerate_and_zip_iterate_in_lockstep_over_the_bare_loop_default ... ok
test sema::tests::ffi_opaque_handle_duplication_is_rejected_through_structural_and_generic_shapes ... ok
test sema::tests::ffi_opaque_handle_equality_is_rejected_when_the_handle_is_the_right_operand ... ok
test sema::tests::equality_dependent_collection_surfaces_reject_callables_and_rng_state ... ok
test sema::tests::ffi_opaque_handles_are_rejected_by_reachable_clone_producing_collection_observers ... ok
test sema::tests::ffi_opaque_handles_remain_movable_out_of_collections_without_duplication ... ok
test sema::tests::ffi_qualified_externs_remain_direct_call_only_as_values_and_task_targets ... ok
test sema::tests::ffi_opaque_signature_validation_uses_canonical_nominal_identity ... ok
test sema::tests::ffi_qualified_imports_do_not_expose_private_extern_declarations ... ok
test sema::tests::ffi_opaque_handles_and_containing_values_do_not_have_equality ... ok
test sema::tests::ffi_qualified_public_opaque_handles_are_valid_in_signatures_and_non_cloneable ... ok
test sema::tests::ffi_qualified_imports_do_not_expose_private_opaque_handles ... ok
test sema::tests::ffi_v0_accepts_fixed_width_scalar_signatures_and_the_int64_alias ... ok
test sema::tests::ffi_opaque_handles_reject_pointer_arithmetic_and_address_ordering ... ok
test sema::tests::floor_div_operator_dispatches_to_the_floor_div_trait_after_builtins ... ok
test sema::tests::ffi_v0_rejects_duplicate_names_and_unsupported_returns ... ok
test sema::tests::function_signature_helper_constructor_is_used ... ok
test sema::tests::function_type_helpers_preserve_nested_generic_shape_and_capability_diagnostics ... ok
test sema::tests::function_types_are_transfer_and_do_not_create_task_observation_rights ... ok
test sema::tests::function_reassignment_intersects_named_and_default_contracts ... ok
test sema::tests::ffi_v0_validates_views_and_opaque_handle_capabilities ... ok
test sema::tests::function_value_diagnostics_distinguish_lowering_capability_and_call_contract_failures ... ok
test sema::tests::function_value_specialization_enforces_clone_safety_at_value_creation ... ok
test sema::tests::function_value_task_targets_preserve_call_and_transfer_failure_diagnostics ... ok
test sema::tests::ffi_v0_rejects_unsupported_abi_types_and_returned_views ... ok
test sema::tests::function_values_are_transfer_task_targets ... ok
test sema::tests::generic_equality_rejects_array_substitutions_without_rejecting_eligible_ones ... ok
test sema::tests::imported_generic_function_values_specialize_as_values_and_task_targets ... ok
test sema::tests::imported_module_functions_are_first_class_values ... ok
test sema::tests::generic_method_and_trait_dispatch_propagate_array_equality_obligations ... ok
test sema::tests::generic_function_values_support_explicit_and_contextual_specialization ... ok
test sema::tests::index_domain_positions_contextually_type_literals_as_int64 ... ok
test sema::tests::generic_choose_returns_only_the_callable_contract_common_to_all_evidence ... ok
test sema::tests::inferred_collection_storage_does_not_hide_capturing_closure_metadata ... ok
test sema::tests::index_domain_accepts_default_int64_variables ... ok
test sema::tests::inferred_own_and_mut_function_contracts_survive_generic_and_storage_paths ... ok
test sema::tests::inferred_function_values_preserve_own_and_mut_capabilities ... ok
test sema::tests::integer_base_spellings_preserve_contextual_fixed_width_typing ... ok
test sema::tests::lambda_capture_discovery_covers_nested_and_composite_expression_surfaces ... ok
test sema::tests::lambda_capture_discovery_respects_match_pattern_shadowing ... ok
test sema::tests::lambda_capture_discovery_tracks_composite_expressions_in_lexical_order ... ok
test sema::tests::indexed_compound_assignment_guidance_follows_the_element_clone_safety ... ok
test sema::tests::lambda_defaults_respect_parameter_shadowing_and_reject_outer_parameter_capture ... ok
test sema::tests::lambdas_infer_contextual_parameters_and_record_lexical_capture_metadata ... ok
test sema::tests::lambda_capture_rejects_already_moved_partially_moved_and_shared_local_state ... ok
test sema::tests::lower_supertraits_reports_unknown_arity_and_lowers_self_args ... ok
test sema::tests::lower_trait_bounds_reports_unknown_traits_and_arity_mismatches ... ok
test sema::tests::lower_type_and_imported_context_helpers_cover_builtin_and_context_paths ... ok
test sema::tests::lower_type_covers_builtin_generic_and_error_paths ... ok
test sema::tests::match_arm_rejects_direct_consumption_followed_by_an_internal_move ... ok
test sema::tests::lambda_context_diagnostics_pin_inference_arity_and_capability_boundaries ... ok
test sema::tests::match_borrow_mut_requires_a_mutable_place_scrutinee ... ok
test sema::tests::match_consumption_keeps_direct_false_arm_branch_local ... ok
test sema::tests::match_consumption_keeps_direct_true_arm_branch_local ... ok
test sema::tests::math_module_requires_and_returns_exact_float64_types ... ok
test sema::tests::membership_and_chain_operands_are_visible_to_defaults_and_argument_reads ... ok
test sema::tests::indexed_read_guidance_follows_the_element_clone_safety ... ok
test sema::tests::method_receiver_borrow_aliasing_checks_overlap_and_distinct_places ... ok
test sema::tests::module_constant_diagnostic_names_the_later_top_level_script_local ... ok
test sema::tests::module_namespace_and_builtin_enum_helpers_cover_resolution_paths ... ok
test sema::tests::method_values_and_function_trait_dispatch_are_explicitly_out_of_scope ... ok
test sema::tests::module_qualified_builtin_io_error_variants_type_check ... ok
test sema::tests::moved_collection_diagnostic_offers_the_canonical_copy_member ... ok
test sema::tests::mutable_access_to_a_capture_is_rejected_until_fnmut_exists ... ok
test sema::tests::membership_tests_read_supported_containers_and_reject_the_rest ... ok
test sema::tests::moving_a_payload_out_of_a_bare_match_names_match_own ... ok
test sema::tests::named_function_values_cover_variables_parameters_fields_and_collections ... ok
test sema::tests::namespace_and_type_parameter_helpers_cover_registration_lookup_and_collection ... ok
test sema::tests::nested_imported_module_functions_are_first_class_values ... ok
test sema::tests::len_delegates_to_the_value_and_str_renders_it ... ok
test sema::tests::noncopy_capture_moves_at_creation_and_reports_au3001_on_later_use ... ok
test sema::tests::operator_method_from_type_param_reports_ambiguity_when_multiple_bounds_match ... ok
test sema::tests::mutable_function_storage_erases_names_and_defaults_but_keeps_exact_calls ... ok
test sema::tests::operator_trait_helpers_map_supported_operators ... ok
test sema::tests::operator_trait_and_bound_helpers_cover_checker_resolution_paths ... ok
test sema::tests::owned_builtin_snapshots_are_transfer_but_live_authority_is_not ... ok
test sema::tests::owned_result_consumption_keeps_enum_variant_paths_out_of_place_tracking ... ok
test sema::tests::operator_dispatch_propagates_array_equality_contracts ... ok
test sema::tests::owned_slices_reject_unsupported_bases_and_string_scalar_indexing_remains_unavailable ... ok
test sema::tests::mutable_noncopy_sources_cannot_form_local_aliases ... ok
test sema::tests::place_path_and_resource_helpers_cover_remaining_checker_paths ... ok
test sema::tests::qualified_imported_generic_constructor_inference_and_substituted_bounds_are_enforced ... ok
test sema::tests::owned_vec_and_string_slices_preserve_result_types_and_sources ... ok
test sema::tests::qualified_imported_generic_constructors_preserve_substitutions_and_nominal_identity ... ok
test sema::tests::owned_slice_endpoints_use_the_int64_index_domain ... ok
test sema::tests::queue_try_put_enforces_structural_transfer_at_the_payload_span ... ok
test sema::tests::queue_transport_requires_transfer_payloads_but_handle_only_methods_do_not ... ok
test sema::tests::ownership_help_uses_current_capability_language ... ok
test sema::tests::random_rng_cannot_be_publicly_cloned_through_containers_or_user_types ... ok
test sema::tests::random_rng_is_non_copy_and_builtin_methods_cannot_be_shadowed ... ok
test sema::tests::random_rng_clone_safety_defers_generic_obligations_to_use_sites ... ok
test sema::tests::random_unavailable_secure_float_is_an_unknown_member ... ok
test sema::tests::random_static_surface_supports_qualified_and_imported_rng_use ... ok
test sema::tests::range_is_transfer_without_becoming_copy ... ok
test sema::tests::recursive_array_free_enums_remain_equality_eligible ... ok
test sema::tests::range_iteration_rejects_ownership_modifiers_and_keeps_the_bare_form ... ok
test sema::tests::repeated_generic_evidence_intersects_callable_contract_metadata ... ok
test sema::tests::recursive_result_shapes_remain_single_consumer_without_nontermination ... ok
test sema::tests::random_rng_clone_producing_collection_and_task_observers_are_rejected ... ok
test sema::tests::reserved_type_names_are_rejected ... ok
test sema::tests::random_static_surface_rejects_wrong_types_and_immutable_places ... ok
test sema::tests::rng_clone_safety_defers_obligations_through_generic_enum_payloads ... ok
test sema::tests::rng_clone_safety_ignores_handle_payloads_and_ambiguous_nominal_fallbacks ... ok
test sema::tests::retained_access_help_names_the_conflicting_access_kind ... ok
test sema::tests::rng_clone_safety_from_method_generics_bind_the_actual_source ... ok
test sema::tests::rng_clone_safety_is_enforced_when_try_selects_a_from_impl ... ok
test sema::tests::rng_clone_safety_method_inference_preserves_general_diagnostics ... ok
test sema::tests::rng_clone_safety_operator_method_generics_bind_the_actual_rhs ... ok
test sema::tests::rng_clone_safety_seeds_inherent_associated_method_class_type_arguments ... ok
test sema::tests::rng_clone_safety_operator_inference_preserves_general_diagnostics ... ok
test sema::tests::rng_clone_safety_covers_associated_operator_and_specialized_trait_routes ... ok
test sema::tests::rng_clone_safety_terminates_for_expanding_recursive_generics ... ok
test sema::tests::rng_clone_safety_terminates_for_recursive_generic_enums ... ok
test sema::tests::rng_clone_safety_trait_contracts_cover_direct_and_bound_dispatch ... ok
test sema::tests::rng_clone_safety_trait_method_generics_wait_for_call_inference ... ok
test sema::tests::round_and_divmod_builtin_overloads_preserve_exact_static_types ... ok
test sema::tests::root_match_bindings_are_catch_alls_in_statements_and_expressions ... ok
test sema::tests::s1_frontend_collection_capacity_calls_report_missing_types_arity_members_and_values ... ok
test sema::tests::s1_frontend_module_constant_failures_distinguish_collisions_order_unknowns_and_types ... ok
test sema::tests::s1_frontend_match_guard_and_sort_reverse_errors_keep_specific_diagnostics ... ok
test sema::tests::s1_sema_fifth_custom_compound_operator_retains_the_target_access ... ok
test sema::tests::s1_sema_collection_algorithms_pin_types_equality_and_lambda_key_orderability ... ok
test sema::tests::s1_sema_fifth_contextual_literals_lambdas_and_variants_keep_exact_errors ... ok
test sema::tests::s1_sema_fifth_entry_module_rules_and_constant_plan_are_observable ... ok
test sema::tests::s1_sema_final_match_expression_or_patterns_preserve_result_types ... ok
test sema::tests::s1_sema_final_nested_or_patterns_keep_exact_errors ... ok
test sema::tests::s1_sema_final_task_specializations_preserve_matching_type_arguments ... ok
test sema::tests::s1_sema_fourth_duplicate_ffi_items_report_the_prior_declaration_kind ... ok
test sema::tests::s1_sema_fourth_expected_builtin_enum_arity_and_len_receiver_stay_specific ... ok
test sema::tests::s1_sema_fifth_member_values_methods_and_missing_fields_stay_specific ... ok
test sema::tests::s1_sema_fstring_specs_report_syntax_and_interpolated_type_failures ... ok
test sema::tests::s1_sema_fourth_match_statements_and_expressions_pin_shape_diagnostics ... ok
test sema::tests::s1_sema_module_constants_reject_self_reentry_rebinding_mutation_and_moves ... ok
test sema::tests::s1_sema_sixth_bytes_conversion_pins_shared_input_and_result_type ... ok
test sema::tests::s1_sema_fourth_collection_methods_pin_element_key_collection_and_capacity_types ... ok
test sema::tests::s1_sema_type_pattern_unification_rejects_callable_kind_and_capture_mismatches ... ok
test sema::tests::s1_sema_sixth_shared_collection_field_move_offers_the_exact_copy_fix ... ok
test sema::tests::sema_helper_edges_cover_copy_defaults_literal_patterns_and_module_members ... ok
test sema::tests::sema_render_and_builtin_enum_hint_helpers_cover_remaining_paths ... ok
test sema::tests::s1_sema_sixth_or_pattern_subsumption_remains_observable ... ok
test sema::tests::shared_local_alias_rebinding_has_capability_aware_guidance ... ok
test sema::tests::s1_sema_match_guards_and_or_patterns_pin_commit_binding_and_coverage_errors ... ok
test sema::tests::s1_sema_typed_power_and_shift_diagnostics_preserve_exact_operand_contracts ... ok
test sema::tests::shared_parameter_capture_is_rejected_with_clone_or_own_guidance ... ok
test sema::tests::shared_self_projection_mutations_and_mutable_borrow_then_consume_are_actionable ... ok
test sema::tests::sema_type_helper_suite_covers_default_args_patterns_and_classifiers ... ok
test sema::tests::slice_base_is_retained_through_both_endpoint_expressions ... ok
test sema::tests::spawn_callable_resolution_covers_module_and_associated_targets ... ok
test sema::tests::slice_walkers_cover_defaults_lambdas_and_nested_expression_positions ... ok
test sema::tests::task_boundaries_accept_structurally_transferable_values_and_results ... ok
test sema::tests::shared_match_aliases_keep_source_provenance_until_last_use ... ok
test sema::tests::source_derived_generic_closure_types_preserve_matching_and_clone_safety ... ok
test sema::tests::structured_wait_helpers_cover_valid_and_error_paths ... ok
test sema::tests::task_boundary_diagnostics_explain_the_exact_nested_non_transfer_reason ... ok
test sema::tests::task_boundaries_derive_transfer_for_both_select_outcome_payload_categories ... ok
test sema::tests::task_capture_materializes_copy_snapshots_but_not_noncopy_shared_views ... ok
test sema::tests::task_closure_targets_preserve_consuming_types_and_reject_nontransfer_captures ... ok
test sema::tests::task_group_start_moves_a_transfer_closure_target_once ... ok
test sema::tests::task_closure_targets_forward_owned_arguments_and_reject_mut_writeback ... ok
test sema::tests::task_observation_duplication_ignores_phantom_type_arguments ... ok
test sema::tests::task_target_explicit_specialization_and_contextual_defaults_are_concrete ... ok
test sema::tests::task_result_observation_rights_follow_repeatability ... ok
test sema::tests::task_group_stack_override_checks_type_literal_bounds_and_target_arguments ... ok
test sema::tests::task_transfer_is_compiler_derived_and_not_a_user_trait_escape_hatch ... ok
test sema::tests::top_level_type_and_trait_helpers_cover_display_and_copy_paths ... ok
test sema::tests::task_transfer_checks_use_the_concrete_generic_specialization ... ok
test sema::tests::task_target_specialization_accepts_nested_and_grouped_type_arguments ... ok
test sema::tests::trait_equality_contracts_reject_concrete_arrays_and_strengthening_impls ... ok
test sema::tests::transfer_coinduction_checks_changing_recursive_specializations ... ok
test sema::tests::transfer_recursion_does_not_skip_a_third_changing_specialization ... ok
test sema::tests::transfer_uses_stored_components_not_phantom_type_arguments ... ok
test sema::tests::transfer_diagnostics_preserve_dict_result_and_generic_witnesses ... ok
test sema::tests::trait_method_generics_defer_array_equality_until_call_inference ... ok
test sema::tests::tuple_equality_and_inequality_are_structural_and_non_consuming ... ok
test sema::tests::task_repeatability_is_derived_through_every_symbolic_copy_wrapper ... ok
test sema::tests::tuple_equality_requires_the_same_static_tuple_type ... ok
test sema::tests::try_consumes_each_possible_conditional_result_source ... ok
test sema::tests::tuple_loop_targets_and_match_patterns_are_structural ... ok
test sema::tests::tuple_type_helpers_preserve_generic_matching_and_recursive_storage_semantics ... ok
test sema::tests::tuple_ordering_rejects_all_four_operators_with_the_teaching_diagnostic ... ok
test sema::tests::tuples_destructure_recursively_and_consume_the_whole_non_copy_source ... ok
test sema::tests::type_copy_and_display_helpers_cover_builtin_module_and_generic_paths ... ok
test sema::tests::type_pattern_and_collection_helpers_cover_recursive_and_error_paths ... ok
test sema::tests::tuples_type_contextual_none_indexing_and_recursive_copyability ... ok
test sema::tests::tuple_patterns_report_scrutinee_kind_and_expression_exhaustiveness ... ok
test sema::tests::typed_select_infers_source_categories_and_builtin_outcome_payloads ... ok
test sema::tests::typed_select_consumes_each_nonrepeatable_task_and_rejects_visible_duplicates ... ok
test sema::tests::typed_select_rejects_non_cloneable_results_and_accepts_inline_task_rights ... ok
test sema::tests::typed_select_names_are_reserved_builtins ... ok
test sema::tests::user_defined_rng_class_does_not_acquire_random_module_semantics ... ok
test sema::tests::tuple_pattern_unions_preserve_nested_bool_and_enum_exhaustiveness ... ok
test sema::tests::typed_select_rejects_invalid_call_shapes_and_inconsistent_sources ... ok
test sema::tests::vec_filter_requires_clone_safe_retained_elements ... ok
test sema::tests::vec_literal_consumes_non_copy_elements_only_once ... ok
test sema::tests::vec_callbacks_preserve_repeatable_closure_types_and_diagnose_invalid_values ... ok
test sema::tests::vec_algorithm_methods_infer_callback_results_and_accept_existing_order_surface ... ok
test sema::tests::vec_algorithm_methods_enforce_arity_capability_returns_mutability_and_orderability ... ok
test sema::tests::written_function_types_preserve_nonshared_capabilities_and_reject_mismatches ... ok
test sema::tests::vec_slices_require_structurally_clone_safe_elements ... ok
test tests::additional_module_examples_run_with_expected_output ... ok
test tests::bounded_queue_blocks_second_put_until_capacity_frees ... ok
test tests::additional_categorized_examples_type_check ... ok
test tests::additional_categorized_examples_run_with_expected_output ... ok
test tests::cancellation_wakes_queue_wait_tasks_promptly ... ok
test tests::cancellation_wakes_sleep_tasks_promptly ... ok
test tests::categorized_examples_run_with_expected_output ... ok
test tests::categorized_examples_type_check ... ok
test tests::control_flow_example_runs ... ok
test tests::corpus_case_timeout_reports_the_operation_and_path ... ok
test tests::corpus_case_timeout_scales_for_coverage_and_hosted_ci ... ok
test tests::explicit_mir_runtime_runs_the_point_milestone ... ok
test tests::exported_bindings_preserve_public_opaque_handle_identity_and_privacy ... ok
test tests::exported_callable_types_are_qualified_in_imported_analysis_hovers ... ok
test tests::hosted_ci_timing_policy_preserves_local_limits_and_scales_runner_limits ... ok
test tests::async_file_io_keeps_the_scheduler_running_while_a_fifo_read_waits ... ok
test tests::imported_function_return_types_keep_members_visible_across_modules ... ok
test tests::imported_nested_closures_preserve_qualified_capture_types_on_both_runtimes ... ok
test tests::imported_rng_clone_obligations_and_qualified_wrapper_identity_survive_namespaces ... ok
test tests::imported_tuple_signatures_qualify_each_element_across_modules ... ok
test tests::lib_helper_paths_cover_relative_paths_missing_reads_and_import_qualification ... ok
test tests::imported_same_leaf_class_identity_survives_mir_and_direct_lowering ... ok
test tests::lightweight_tasks_scale_to_thousands_of_waiting_tasks ... ok
test tests::maintained_hello_world_example_runs ... ok
test tests::manifest_authorized_path_run_uses_the_trusted_ffi_runtime_route ... ok
test tests::mir_lowering_creates_blocks_for_control_flow ... ok
test tests::mir_runtime_reports_recursion_limit_before_overflowing_the_host_stack ... ok
test tests::mir_runtime_runs_class_methods_example ... ok
test tests::mir_runtime_runs_enum_match_example ... ok
test tests::mir_runtime_runs_queue_get_timeout_example_natively ... ok
test tests::mir_runtime_runs_queue_put_timeout_example_natively ... ok
test tests::mir_runtime_runs_queues_example_natively ... ok
test tests::mir_runtime_runs_send_result_example_natively ... ok
test tests::mir_runtime_runs_task_group_cancel_example_natively ... ok
test tests::mir_runtime_runs_task_group_queue_sum_example_natively ... ok
test tests::mir_runtime_runs_task_group_start_soon_example_natively ... ok
test tests::mir_runtime_runs_try_example_natively ... ok
test tests::mir_runtime_runs_with_example_natively ... ok
test tests::mir_runtime_still_supports_medium_recursion_below_the_limit ... ok
test tests::module_constant_plan_is_dependency_first_import_ordered_and_diamond_safe ... ok
test tests::module_constant_plan_reports_an_entry_missing_from_the_loader_cache ... ok
test tests::module_example_runs_with_expected_output ... ok
test tests::module_loader_helper_functions_cover_namespace_and_export_paths ... ok
test tests::module_loader_package_qualification_ignores_paths_outside_graph_sources ... ok
test tests::module_loader_rejects_symlinked_import_that_escapes_root_without_manifest ... ok
test tests::module_loader_reports_import_resolution_and_export_errors ... ok
test tests::mutable_top_level_binding_cannot_be_module_storage_beside_main ... ok
test tests::omitted_none_return_type_is_allowed ... ok
test tests::parses_the_point_milestone ... ok
test tests::path_with_source_mir_lowering_resolves_local_module_imports ... ok
test tests::path_wrapper_functions_cover_success_and_loader_error_paths ... ok
test tests::public_path_entry_and_dependency_update_facades_preserve_results ... ok
test tests::public_run_path_executes_file_io_example_with_path_context ... ok
test tests::public_run_path_executes_unix_and_tls_example_with_path_context ... ok
test tests::public_run_path_runs_queues_example_natively ... ok
test tests::public_run_path_runs_try_example_natively ... ok
test tests::public_run_path_runs_with_example_natively ... ok
test tests::public_sha256_hex_is_lowercase_and_preserves_leading_zeroes ... ok
test tests::qualified_inherent_associated_methods_use_class_type_arguments_for_clone_safety ... ok
test tests::runs_the_point_milestone ... ok
test tests::runtime_call_writeback_and_cleanup_surface_runs_consistently_through_public_and_explicit_mir_paths ... ok
test tests::runtime_corpus_exclusions_are_explicit_not_filename_heuristics ... ok
test tests::runtime_member_surface_matrix_runs_consistently_through_public_and_explicit_mir_paths ... ok
test tests::runtime_wrapper_matrix_preserves_sinks_args_entries_and_manifest_authorized_ffi ... ok
test tests::script_mode_mutable_locals_coexist_with_module_constants ... ok
test tests::serialized_mir_runner_executes_point_example ... ok
test tests::serialized_mir_runner_reports_invalid_embedded_mir ... ok
test tests::source_only_public_apis_reject_unmanifested_ffi ... ok
test tests::top_level_script_plain_and_compound_reassignment_share_the_mutable_local ... ok
test tests::top_level_scripts_run_without_main ... ok
test tests::type_checks_the_point_milestone ... ok
test runtime_value::tests::tls_listener_accept_is_not_linearly_delayed_by_multiple_stalled_peers ... ok
test runtime_value::tests::tls_listener_accept_skips_timed_out_handshakes_and_accepts_the_next_peer ... ok
test tests::broad_scratch_corpus_runtime_paths_do_not_panic ... ok
test native_codegen::tests::direct_backend_emits_object_for_broad_maintained_example_surface ... ok
test mir_runtime::tests::mir_array_kernels_match_frozen_pre_vectorization_bits ... ok
test native_runtime::tests::direct_array_kernels_match_frozen_pre_vectorization_bits ... ok
test native_codegen::tests::direct_backend_emits_object_for_every_runnable_fixture has been running for over 60 seconds
test tests::broad_scratch_corpus_checks_analysis_and_mir_lowering_do_not_panic has been running for over 60 seconds
test tests::maintained_example_tree_public_paths_do_not_panic has been running for over 60 seconds
test tests::maintained_example_tree_public_paths_do_not_panic ... ok
test native_codegen::tests::direct_backend_emits_object_for_every_runnable_fixture ... ok
test tests::broad_scratch_corpus_checks_analysis_and_mir_lowering_do_not_panic ... ok

test result: ok. 1885 passed; 0 failed; 0 ignored; 0 measured; 0 filtered out; finished in 222.78s

     Running tests/coverage_runtime_errors.rs (target/debug/deps/coverage_runtime_errors-8a69e90c721b829b)

running 4 tests
test runtime_errors_unwind_with_resource_cleanups ... ok
test path_with_source_public_wrappers_cover_success_and_error_paths ... ok
test task_group_queue_iteration_surfaces_a_delayed_sibling_failure ... ok
test runtime_error_surface_covers_public_run_and_explicit_mir_failures ... ok

test result: ok. 4 passed; 0 failed; 0 ignored; 0 measured; 0 filtered out; finished in 0.05s

     Running tests/coverage_surface.rs (target/debug/deps/coverage_surface-a662b57389e8dc56)

running 16 tests
test public_from_imports_cover_builtin_module_export_resolution ... ok
test native_runtime_abi_accepts_valid_embedded_buffers_and_returns_main_code ... ok
test public_mir_callable_values_cover_specialization_defaults_and_dynamic_task_targets ... ok
test public_native_codegen_rejects_invalid_mir_surface ... ok
test public_serialized_mir_api_runs_safe_payloads_and_rejects_forged_ffi ... ok
test public_stdout_sink_wrappers_capture_source_path_and_path_override_output ... ok
test public_surface_covers_escape_diagnostics_argument_counts_and_builtin_member_metadata ... ok
test imported_main_function_is_not_treated_as_the_local_entrypoint ... ok
test manifest_authorized_ffi_lowering_exposes_exact_extern_mir_to_backends ... ok
test adr0038_public_entrypoints_preserve_views_closure_loans_and_backend_lowering ... ok
test json_semantics_public_analysis_exposes_canonical_enum_identity_and_variant_payloads ... ok
test public_mir_lowering_preserves_contextual_floats_operators_and_consuming_match_updates ... ok
test path_surface_covers_modules_analysis_completion_and_direct_codegen ... ok
test json_semantics_public_entrypoints_preserve_nested_noncopy_moves_across_value_contexts ... ok
test broad_surface_source_covers_public_compiler_entrypoints ... ok
test maintained_example_subset_runs_via_public_entrypoints_and_direct_codegen ... ok

test result: ok. 16 passed; 0 failed; 0 ignored; 0 measured; 0 filtered out; finished in 4.63s

     Running tests/ffi_frontend.rs (target/debug/deps/ffi_frontend-272e5e1ba195e554)

running 12 tests
test public_ffi_engine_preserves_values_views_handles_and_signature_metadata ... ok
test public_ffi_engine_reports_boundary_failures_without_invoking_invalid_calls ... ok
test process_symbol_api_resolves_system_functions_and_teaches_lookup_failures ... ok
test ffi_keywords_and_reserved_syntax_have_stable_frontend_diagnostics ... ok
test extern_c_declarations_preserve_their_bodyless_public_ast_contract ... ok
test public_path_check_preserves_opaque_and_callable_equality_diagnostics ... ok
test public_program_metadata_retrieves_the_checked_consuming_closure ... ok
test public_module_exports_preserve_function_and_tuple_callable_contracts ... ok
test public_path_check_pins_extern_results_and_reachable_aggregate_rejections ... ok
test public_path_check_preserves_canonical_imported_opaque_handle_identity ... ok
test public_from_import_preserves_extern_call_and_handle_identity_contracts ... ok
test opted_in_package_analysis_exposes_ffi_completions_hovers_and_definitions ... ok

test result: ok. 12 passed; 0 failed; 0 ignored; 0 measured; 0 filtered out; finished in 0.02s

     Running tests/fixtures.rs (target/debug/deps/fixtures-593102f74616957f)

running 9 tests
test parse_fail_fixtures_match_expected_diagnostics ... ok
test parse_pass_fixtures_parse ... ok
test python_migration_hint_fixtures_match_expected_messages_and_codes ... ok
test check_path_pass_fixtures_type_check_with_imports ... ok
test check_path_fail_fixtures_match_expected_diagnostics ... ok
test check_pass_fixtures_type_check ... ok
test check_fail_fixtures_match_expected_diagnostics ... ok
test run_fail_fixtures_match_expected_diagnostics ... ok
test run_pass_fixtures_match_expected_stdout ... ok

test result: ok. 9 passed; 0 failed; 0 ignored; 0 measured; 0 filtered out; finished in 3.18s

     Running tests/io_network.rs (target/debug/deps/io_network-03c4ee2f63229c5f)

running 7 tests
test builtin_io_modules_type_check_from_path_context ... ok
test zero_sized_udp_reads_return_typed_invalid_input_without_waiting ... ok
test negative_tcp_read_exact_count_reports_runtime_contract_through_public_api ... ok
test advanced_io_and_network_surface_type_checks_from_path_context ... ok
test builtin_fs_and_net_modules_run_through_public_api ... ok
test advanced_io_and_network_modules_run_through_public_api ... ok
test unix_and_tls_modules_run_through_public_api ... ok

test result: ok. 7 passed; 0 failed; 0 ignored; 0 measured; 0 filtered out; finished in 0.14s

     Running tests/mir_backtraces.rs (target/debug/deps/mir_backtraces-544a1336248acf5c)

running 7 tests
test nested_synchronous_trap_records_and_renders_the_aura_call_chain_once ... ok
test cleanup_primary_trap_captures_cleanup_function_and_active_caller_once ... ok
test spawned_child_trap_records_and_renders_task_entry_and_spawn_ancestry ... ok
test body_trap_captures_active_frames_before_task_group_cleanup ... ok
test nested_task_failure_keeps_youngest_first_typed_ancestry_exactly_once ... ok
test imported_call_and_cross_module_task_frames_keep_their_own_paths ... ok
test recursion_depth_rejection_does_not_add_the_unentered_callee_frame ... ok

test result: ok. 7 passed; 0 failed; 0 ignored; 0 measured; 0 filtered out; finished in 0.04s

     Running tests/mir_timer_error_carriers.rs (target/debug/deps/mir_timer_error_carriers-83bc77fbcf3eab1e)

running 3 tests
test mir_supervisor_timer_conversion_uses_each_declared_process_carrier ... ok
test mir_network_timer_conversion_errors_stay_inside_the_io_result_carrier ... ok
test mir_no_carrier_timer_failures_are_explicit_au4001_traps ... ok

test result: ok. 3 passed; 0 failed; 0 ignored; 0 measured; 0 filtered out; finished in 0.08s

     Running tests/modules.rs (target/debug/deps/modules-47407a82462f3fc1)

running 20 tests
test calling_private_method_from_another_module_fails ... ok
test import_aliases_preserve_visibility_and_reject_module_scope_collisions ... ok
test builtin_module_and_member_aliases_resolve ... ok
test from_import_runs_public_function_across_modules ... ok
test dotted_import_supports_public_classes_and_methods ... ok
test dotted_import_binds_module_namespace ... ok
test dotted_import_supports_namespace_qualified_type_annotations ... ok
test importing_private_top_level_function_fails ... ok
test dotted_import_supports_enum_variants_and_qualified_match_patterns ... ok
test metrics_int64_overflow_fails_at_runtime_without_exposing_a_wider_value ... ok
test from_import_aliases_mix_with_direct_entries_and_preserve_nominal_identity ... ok
test imported_public_function_can_construct_public_class_and_call_method ... ok
test imported_public_function_can_call_public_sibling_function ... ok
test imported_trait_impls_apply_across_module_boundaries ... ok
test namespace_imports_inside_imported_modules_resolve_in_their_own_scope ... ok
test nested_package_module_can_be_checked_and_analyzed_directly ... ok
test namespace_imports_inside_imported_modules_resolve_in_function_bodies ... ok
test spawned_module_functions_and_associated_methods_run_across_modules ... ok
test transitive_reexported_imports_run ... ok
test module_alias_binds_complete_namespace_without_path_root ... ok

test result: ok. 20 passed; 0 failed; 0 ignored; 0 measured; 0 filtered out; finished in 0.05s

     Running tests/native_runtime_ffi.rs (target/debug/deps/native_runtime_ffi-942ef8617c73fe80)

running 0 tests

test result: ok. 0 passed; 0 failed; 0 ignored; 0 measured; 0 filtered out; finished in 0.00s

     Running tests/packages.rs (target/debug/deps/packages-dc6acd60b81a724c)

running 21 tests
test lockfiles_reject_unsupported_versions ... ok
test git_dependency_manifest_rejects_dash_prefixed_source_values ... ok
test git_dependency_manifest_rejects_mutually_exclusive_source_fields ... ok
test git_dependency_manifest_rejects_invalid_branch_and_tag_selectors ... ok
test manifest_packages_reject_symlink_imports_that_escape_the_source_root ... ok
test package_manifest_rejects_hyphenated_package_names_that_cannot_be_imported ... ok
test manifests_reject_invalid_package_versions ... ok
test package_manifest_rejects_invalid_package_names ... ok
test package_manifest_rejects_unknown_editions ... ok
test version_only_dependencies_report_clear_unsupported_error ... ok
test package_dependency_module_constants_initialize_once_before_entry ... ok
test workspace_member_packages_resolve_dependencies_and_write_workspace_lockfile ... ok
test workspace_members_normalize_dot_prefixes_and_trailing_slashes ... ok
test transitive_path_dependencies_resolve_through_the_package_graph ... ok
test manifest_rooted_src_package_resolves_local_and_path_dependencies_and_writes_lockfile ... ok
test manifests_reject_excessive_dependency_counts ... ok
test git_dependency_manifest_rejects_invalid_revisions ... ok
test git_dependencies_support_explicit_tag_selection ... ok
test git_dependencies_default_to_main_and_use_the_lockfile_pinned_revision ... ok
test git_dependencies_support_explicit_branch_selection ... ok
test update_git_dependencies_refreshes_targeted_and_all_branch_dependencies ... ok

test result: ok. 21 passed; 0 failed; 0 ignored; 0 measured; 0 filtered out; finished in 0.64s

     Running tests/process.rs (target/debug/deps/process-665085c5d78ddc4e)

running 5 tests
test builtin_process_module_type_checks_from_path_context ... ok
test supervisor_duplicate_name_does_not_leave_unmanaged_child_running ... ok
test zero_sized_process_pipe_read_returns_typed_invalid_input_without_consuming ... ok
test grouped_process_close_terminates_descendants ... ok
test builtin_process_module_runs_through_public_api ... ok

test result: ok. 5 passed; 0 failed; 0 ignored; 0 measured; 0 filtered out; finished in 0.12s

     Running tests/scheduler_model.rs (target/debug/deps/scheduler_model-97f643866ae9a3b6)

running 5 tests
test spurious_readiness_rearms_without_spinning_or_stranding_a_racing_edge ... ok
test multiple_and_duplicate_notifications_choose_one_winner_and_clean_all_tokens ... ok
test stale_notification_cannot_wake_a_later_wait_epoch ... ok
test wait_registration_model_has_no_lost_wake_in_any_registration_interleaving ... ok
test bounded_queue_scheduler_model_has_no_loss_duplication_or_deadlock ... ok

test result: ok. 5 passed; 0 failed; 0 ignored; 0 measured; 0 filtered out; finished in 0.00s

     Running tests/semantic_interface.rs (target/debug/deps/semantic_interface-87a2ccae725ef399)

running 2 tests
test the_current_language_surface_has_a_compiler_owned_semantic_interface_schema ... ok
test maintained_protocol_docs_track_the_compiler_owned_schema ... ok

test result: ok. 2 passed; 0 failed; 0 ignored; 0 measured; 0 filtered out; finished in 0.00s

   Doc-tests aura_compiler

running 0 tests

test result: ok. 0 passed; 0 failed; 0 ignored; 0 measured; 0 filtered out; finished in 0.00s


> aura-monorepo@0.3.3 test:backend-parity
> cargo test -p aura --test backend_parity -- --ignored --test-threads=1 --nocapture

   Compiling ring v0.17.14
   Compiling aura v0.3.3 (/Users/johnolafenwa/source2/Aurora/crates/aura)
   Compiling rustls v0.23.38
   Compiling rustls-webpki v0.103.13
   Compiling rcgen v0.13.2
   Compiling tungstenite v0.24.0
   Compiling aura-compiler v0.3.3 (/Users/johnolafenwa/source2/Aurora/crates/aura-compiler)
    Finished `test` profile [unoptimized + debuginfo] target(s) in 13.09s
     Running tests/backend_parity.rs (target/debug/deps/backend_parity-1cab2dbac83e5949)

running 1 test
test forced_mir_and_direct_backends_match_every_runtime_fixture ... ok

test result: ok. 1 passed; 0 failed; 0 ignored; 0 measured; 2 filtered out; finished in 734.45s


> aura-monorepo@0.3.3 test:lsp
> npm --prefix tools/aura-language-server test


> aura-language-server@0.3.3 test
> node --test ./test/*.test.js

TAP version 13
# Subtest: compiler bridge helper conversions cover diagnostics, symbols, and definition ranges
ok 1 - compiler bridge helper conversions cover diagnostics, symbols, and definition ranges
  ---
  duration_ms: 1.957417
  ...
# Subtest: compiler bridge defaults metadata omitted by older compatible records
ok 2 - compiler bridge defaults metadata omitted by older compatible records
  ---
  duration_ms: 0.213458
  ...
# Subtest: compiler bridge preserves populated assertion operand metadata without rewriting it
ok 3 - compiler bridge preserves populated assertion operand metadata without rewriting it
  ---
  duration_ms: 0.072667
  ...
# Subtest: compiler bridge preserves populated runtime frame metadata without rewriting it
ok 4 - compiler bridge preserves populated runtime frame metadata without rewriting it
  ---
  duration_ms: 0.092291
  ...
# Subtest: compiler bridge resolves compiler commands across env, cargo, binaries, and fallback
ok 5 - compiler bridge resolves compiler commands across env, cargo, binaries, and fallback
  ---
  duration_ms: 3.160708
  ...
# Subtest: compiler bridge uri and command helpers handle direct utility cases
ok 6 - compiler bridge uri and command helpers handle direct utility cases
  ---
  duration_ms: 48.615333
  ...
# [aura-lsp] compiler analysis unavailable; using recovery analysis: node:internal/modules/cjs/loader:1228
#   throw err;
#   ^
# Error: Cannot find module '/Users/johnolafenwa/source2/Aurora/tools/aura-language-server/lsp'
#     at Function._resolveFilename (node:internal/modules/cjs/loader:1225:15)
#     at Function._load (node:internal/modules/cjs/loader:1055:27)
#     at TracingChannel.traceSync (node:diagnostics_channel:322:14)
#     at wrapModuleLoad (node:internal/modules/cjs/loader:220:24)
#     at Function.executeUserEntryPoint [as runMain] (node:internal/modules/run_main:170:5)
#     at node:internal/main/run_main_module:36:49 {
#   code: 'MODULE_NOT_FOUND',
#   requireStack: []
# }
# Node.js v22.14.0
# [aura-lsp] compiler completion unavailable; using recovery analysis: node:internal/modules/cjs/loader:1228
#   throw err;
#   ^
# Error: Cannot find module '/Users/johnolafenwa/source2/Aurora/tools/aura-language-server/lsp'
#     at Function._resolveFilename (node:internal/modules/cjs/loader:1225:15)
#     at Function._load (node:internal/modules/cjs/loader:1055:27)
#     at TracingChannel.traceSync (node:diagnostics_channel:322:14)
#     at wrapModuleLoad (node:internal/modules/cjs/loader:220:24)
#     at Function.executeUserEntryPoint [as runMain] (node:internal/modules/run_main:170:5)
#     at node:internal/main/run_main_module:36:49 {
#   code: 'MODULE_NOT_FOUND',
#   requireStack: []
# }
# Node.js v22.14.0
# [aura-lsp] compiler analysis unavailable; using recovery analysis: invalid Aura compiler response: Unexpected token 'o', "not json" is not valid JSON
# Subtest: compiler bridge returns null when compiler output fails or is not valid JSON
ok 7 - compiler bridge returns null when compiler output fails or is not valid JSON
  ---
  duration_ms: 370.371333
  ...
# Subtest: compiler bridge reuses one persistent compiler process
ok 8 - compiler bridge reuses one persistent compiler process
  ---
  duration_ms: 289.486458
  ...
# Subtest: persistent compiler service sends and accepts the current semantic schema
ok 9 - persistent compiler service sends and accepts the current semantic schema
  ---
  duration_ms: 26.63625
  ...
# Subtest: persistent compiler service rejects and disposes a mismatched semantic schema
ok 10 - persistent compiler service rejects and disposes a mismatched semantic schema
  ---
  duration_ms: 24.728375
  ...
# Subtest: persistent compiler service treats a missing semantic schema as incompatible
ok 11 - persistent compiler service treats a missing semantic schema as incompatible
  ---
  duration_ms: 23.293792
  ...
# [aura-lsp] compiler analysis unavailable; using recovery analysis: Aura compiler semantic schema mismatch: received `1`; expected `6`
# Subtest: compiler schema mismatch invalidates cached function-type metadata
ok 12 - compiler schema mismatch invalidates cached function-type metadata
  ---
  duration_ms: 316.236167
  ...
# Subtest: persistent compiler service handles errors, cancellation, and closed requests
ok 13 - persistent compiler service handles errors, cancellation, and closed requests
  ---
  duration_ms: 30.442667
  ...
# Subtest: persistent compiler service enforces timeout and response-size limits
ok 14 - persistent compiler service enforces timeout and response-size limits
  ---
  duration_ms: 37.422125
  ...
# Subtest: persistent compiler service reports spawn and empty-stderr exit failures
ok 15 - persistent compiler service reports spawn and empty-stderr exit failures
  ---
  duration_ms: 31.733208
  ...
# Subtest: compiler bridge accepts non-file URIs when using the compiler subprocess helpers
ok 16 - compiler bridge accepts non-file URIs when using the compiler subprocess helpers
  ---
  duration_ms: 313.463083
  ...
# Subtest: runCommand reports exit status when stderr is empty
ok 17 - runCommand reports exit status when stderr is empty
  ---
  duration_ms: 27.218084
  ...
# Subtest: compiler bridge returns machine-readable analysis for a real example
ok 18 - compiler bridge returns machine-readable analysis for a real example
  ---
  duration_ms: 1038.599209
  ...
# Subtest: compiler bridge exposes extern C symbols, hover, definitions, and completions
ok 19 - compiler bridge exposes extern C symbols, hover, definitions, and completions
  ---
  duration_ms: 15.835334
  ...
# Subtest: compiler bridge analyzes and completes inside continued delimiters
ok 20 - compiler bridge analyzes and completes inside continued delimiters
  ---
  duration_ms: 12.010542
  ...
# Subtest: compiler bridge recovers member completion when an earlier line owns the open delimiter
ok 21 - compiler bridge recovers member completion when an earlier line owns the open delimiter
  ---
  duration_ms: 12.076417
  ...
# Subtest: compiler bridge maps mismatched delimiter diagnostics to the opening delimiter
ok 22 - compiler bridge maps mismatched delimiter diagnostics to the opening delimiter
  ---
  duration_ms: 4.698042
  ...
# Subtest: compiler bridge keeps unclosed-delimiter EOF ranges inside a document without a final newline
ok 23 - compiler bridge keeps unclosed-delimiter EOF ranges inside a document without a final newline
  ---
  duration_ms: 4.735166
  ...
# Subtest: compiler bridge preserves assert operand occurrences and keyword completion
ok 24 - compiler bridge preserves assert operand occurrences and keyword completion
  ---
  duration_ms: 9.9595
  ...
# Subtest: compiler bridge exposes yield_now completion and hover metadata
ok 25 - compiler bridge exposes yield_now completion and hover metadata
  ---
  duration_ms: 9.400125
  ...
# Subtest: compiler bridge exposes guarded TaskGroup stack override completion and hover
ok 26 - compiler bridge exposes guarded TaskGroup stack override completion and hover
  ---
  duration_ms: 10.92125
  ...
# Subtest: compiler bridge exposes invalid assert diagnostics at the keyword
ok 27 - compiler bridge exposes invalid assert diagnostics at the keyword
  ---
  duration_ms: 5.39075
  ...
# Subtest: compiler bridge preserves len and str builtin calls
ok 28 - compiler bridge preserves len and str builtin calls
  ---
  duration_ms: 9.629041
  ...
# Subtest: compiler bridge exposes all public length members as int64
ok 29 - compiler bridge exposes all public length members as int64
  ---
  duration_ms: 8.234041
  ...
# Subtest: compiler bridge preserves enumerate and zip loop operands
ok 30 - compiler bridge preserves enumerate and zip loop operands
  ---
  duration_ms: 8.073667
  ...
# Subtest: compiler bridge preserves membership and comparison chain operands
ok 31 - compiler bridge preserves membership and comparison chain operands
  ---
  duration_ms: 7.786292
  ...
# Subtest: compiler bridge preserves conditional operands and bool diagnostics
ok 32 - compiler bridge preserves conditional operands and bool diagnostics
  ---
  duration_ms: 7.707958
  ...
# Subtest: compiler bridge preserves real ownership provenance, help, and safe edits
ok 33 - compiler bridge preserves real ownership provenance, help, and safe edits
  ---
  duration_ms: 5.066292
  ...
# Subtest: compiler bridge preserves nested Transfer diagnostics and provenance
ok 34 - compiler bridge preserves nested Transfer diagnostics and provenance
  ---
  duration_ms: 5.813209
  ...
# Subtest: compiler bridge preserves single-consumer duplication diagnostics
ok 35 - compiler bridge preserves single-consumer duplication diagnostics
  ---
  duration_ms: 6.219417
  ...
# Subtest: compiler bridge preserves single-consumer Task alias provenance
ok 36 - compiler bridge preserves single-consumer Task alias provenance
  ---
  duration_ms: 5.770959
  ...
# Subtest: compiler bridge teaches conditional task consumption and Queue Transfer
ok 37 - compiler bridge teaches conditional task consumption and Queue Transfer
  ---
  duration_ms: 13.564625
  ...
# Subtest: compiler bridge preserves Queue and Range iteration carve-out diagnostics
ok 38 - compiler bridge preserves Queue and Range iteration carve-out diagnostics
  ---
  duration_ms: 12.88625
  ...
# Subtest: compiler bridge returns member completions from the compiler
ok 39 - compiler bridge returns member completions from the compiler
  ---
  duration_ms: 6.814459
  ...
# Subtest: compiler bridge preserves the integer true-division teaching diagnostic
ok 40 - compiler bridge preserves the integer true-division teaching diagnostic
  ---
  duration_ms: 7.045791
  ...
# Subtest: compiler bridge accepts chained comparisons
ok 41 - compiler bridge accepts chained comparisons
  ---
  duration_ms: 7.4095
  ...
# Subtest: compiler bridge preserves indexed non-copy ownership diagnostic codes
ok 42 - compiler bridge preserves indexed non-copy ownership diagnostic codes
  ---
  duration_ms: 6.666667
  ...
# Subtest: compiler bridge propagates clone-safety-aware indexed read guidance
ok 43 - compiler bridge propagates clone-safety-aware indexed read guidance
  ---
  duration_ms: 8.077833
  ...
# Subtest: compiler bridge reports typed self with the receiver-forms diagnostic
ok 44 - compiler bridge reports typed self with the receiver-forms diagnostic
  ---
  duration_ms: 4.146667
  ...
# Subtest: compiler bridge preserves canonical receiver contracts in hover and completion
ok 45 - compiler bridge preserves canonical receiver contracts in hover and completion
  ---
  duration_ms: 10.225875
  ...
# Subtest: compiler bridge preserves ordinary parameter ownership in hover and diagnostics
ok 46 - compiler bridge preserves ordinary parameter ownership in hover and diagnostics
  ---
  duration_ms: 8.475167
  ...
# Subtest: compiler bridge exposes capture-free function values and rejects method values
ok 47 - compiler bridge exposes capture-free function values and rejects method values
  ---
  duration_ms: 12.219833
  ...
# Subtest: compiler bridge completes to_float for every integer type
ok 48 - compiler bridge completes to_float for every integer type
  ---
  duration_ms: 30.519708
  ...
# Subtest: compiler bridge exposes the complete math module function surface
ok 49 - compiler bridge exposes the complete math module function surface
  ---
  duration_ms: 12.719083
  ...
# Subtest: compiler bridge exposes the complete Duration surface and operator precedence
ok 50 - compiler bridge exposes the complete Duration surface and operator precedence
  ---
  duration_ms: 20.976916
  ...
# Subtest: compiler bridge understands trait symbols and trait method completions
ok 51 - compiler bridge understands trait symbols and trait method completions
  ---
  duration_ms: 8.899208
  ...
# Subtest: compiler bridge resolves local module imports for analysis and completions
ok 52 - compiler bridge resolves local module imports for analysis and completions
  ---
  duration_ms: 10.193875
  ...
# Subtest: compiler bridge exposes module constants through symbols hover definitions and completions
ok 53 - compiler bridge exposes module constants through symbols hover definitions and completions
  ---
  duration_ms: 16.43875
  ...
# Subtest: compiler bridge explains module constants that read top-level script locals
ok 54 - compiler bridge explains module constants that read top-level script locals
  ---
  duration_ms: 5.27725
  ...
# Subtest: compiler bridge preserves import aliases in hover, definitions, and completions
ok 55 - compiler bridge preserves import aliases in hover, definitions, and completions
  ---
  duration_ms: 25.938916
  ...
# Subtest: compiler bridge preserves definitions for namespace-imported symbols
ok 56 - compiler bridge preserves definitions for namespace-imported symbols
  ---
  duration_ms: 8.697125
  ...
# Subtest: compiler bridge records enum variant occurrences in match patterns
ok 57 - compiler bridge records enum variant occurrences in match patterns
  ---
  duration_ms: 6.356958
  ...
# Subtest: compiler bridge scopes or-pattern bindings through guards and arm bodies
ok 58 - compiler bridge scopes or-pattern bindings through guards and arm bodies
  ---
  duration_ms: 6.559917
  ...
# Subtest: compiler bridge preserves complete owned enum payload signatures
ok 59 - compiler bridge preserves complete owned enum payload signatures
  ---
  duration_ms: 19.095208
  ...
# Subtest: compiler bridge includes imported trait methods in completions
ok 60 - compiler bridge includes imported trait methods in completions
  ---
  duration_ms: 15.127666
  ...
# Subtest: compiler bridge preserves cross-file definitions for imported function, field, and trait method uses
ok 61 - compiler bridge preserves cross-file definitions for imported function, field, and trait method uses
  ---
  duration_ms: 11.828917
  ...
# Subtest: compiler bridge analyzes and completes manifest-rooted path dependencies
ok 62 - compiler bridge analyzes and completes manifest-rooted path dependencies
  ---
  duration_ms: 16.409709
  ...
# Subtest: compiler bridge analyzes and completes manifest-rooted git dependencies
ok 63 - compiler bridge analyzes and completes manifest-rooted git dependencies
  ---
  duration_ms: 179.805875
  ...
# Subtest: compiler bridge maps cross-file definitions to file URIs
ok 64 - compiler bridge maps cross-file definitions to file URIs
  ---
  duration_ms: 0.138584
  ...
# Subtest: compiler bridge includes list collection members in completions
ok 65 - compiler bridge includes list collection members in completions
  ---
  duration_ms: 9.422042
  ...
# Subtest: compiler bridge exposes list algorithm hover contracts
ok 66 - compiler bridge exposes list algorithm hover contracts
  ---
  duration_ms: 7.447125
  ...
# Subtest: compiler bridge includes str and dict builtin members in completions
ok 67 - compiler bridge includes str and dict builtin members in completions
  ---
  duration_ms: 11.078792
  ...
# Subtest: compiler bridge exposes typed select inference, hover, and outcome completions
ok 68 - compiler bridge exposes typed select inference, hover, and outcome completions
  ---
  duration_ms: 12.722333
  ...
# Subtest: compiler bridge preserves typed select diagnostic codes and guidance
ok 69 - compiler bridge preserves typed select diagnostic codes and guidance
  ---
  duration_ms: 8.627291
  ...
# Subtest: compiler bridge withholds typed select inference for rejected keyword arguments
ok 70 - compiler bridge withholds typed select inference for rejected keyword arguments
  ---
  duration_ms: 5.505042
  ...
# Subtest: compiler bridge preserves typed select builtin redefinition diagnostics
ok 71 - compiler bridge preserves typed select builtin redefinition diagnostics
  ---
  duration_ms: 5.891167
  ...
# Subtest: compiler bridge exposes canonical set members and tuple-shaped dict items
ok 72 - compiler bridge exposes canonical set members and tuple-shaped dict items
  ---
  duration_ms: 12.051708
  ...
# Subtest: compiler bridge exposes collection with_capacity constructors
ok 73 - compiler bridge exposes collection with_capacity constructors
  ---
  duration_ms: 13.019292
  ...
# Subtest: compiler bridge includes builtin io/fs/net module and resource members
ok 74 - compiler bridge includes builtin io/fs/net module and resource members
  ---
  duration_ms: 56.677917
  ...
# Subtest: compiler bridge includes builtin process module and resource members
ok 75 - compiler bridge includes builtin process module and resource members
  ---
  duration_ms: 21.724041
  ...
# Subtest: compiler bridge exposes control-plane module completions
ok 76 - compiler bridge exposes control-plane module completions
  ---
  duration_ms: 30.60825
  ...
# Subtest: compiler bridge exposes the recursive json.Value contract
ok 77 - compiler bridge exposes the recursive json.Value contract
  ---
  duration_ms: 21.679917
  ...
# Subtest: compiler bridge analyzes indexed member chains and f-string indexed lookups
ok 78 - compiler bridge analyzes indexed member chains and f-string indexed lookups
  ---
  duration_ms: 7.103083
  ...
# Subtest: compiler bridge analyzes single-quoted strings nested in f-string interpolations
ok 79 - compiler bridge analyzes single-quoted strings nested in f-string interpolations
  ---
  duration_ms: 6.281333
  ...
# Subtest: compiler bridge analyzes exact string forms and typed format specifications
ok 80 - compiler bridge analyzes exact string forms and typed format specifications
  ---
  duration_ms: 6.799125
  ...
# Subtest: compiler bridge recovers completions and symbols for dangling-dot EOF buffers
ok 81 - compiler bridge recovers completions and symbols for dangling-dot EOF buffers
  ---
  duration_ms: 10.4275
  ...
# Subtest: compiler bridge preserves member completion inside a call with an unrelated diagnostic
ok 82 - compiler bridge preserves member completion inside a call with an unrelated diagnostic
  ---
  duration_ms: 7.58975
  ...
# Subtest: compiler bridge exposes one random.Rng constructor and its stateful members
ok 83 - compiler bridge exposes one random.Rng constructor and its stateful members
  ---
  duration_ms: 13.498792
  ...
# Subtest: compiler bridge exposes the canonical bytes module, errors, and str conversions
ok 84 - compiler bridge exposes the canonical bytes module, errors, and str conversions
  ---
  duration_ms: 20.077833
  ...
# Subtest: compiler bridge recovers imported completions and symbols when a buffer contains multiple dangling dots
ok 85 - compiler bridge recovers imported completions and symbols when a buffer contains multiple dangling dots
  ---
  duration_ms: 14.721625
  ...
# Subtest: compiler bridge exposes tuple return, index, destructuring, loop, and pattern analysis
ok 86 - compiler bridge exposes tuple return, index, destructuring, loop, and pattern analysis
  ---
  duration_ms: 7.661208
  ...
# Subtest: compiler bridge maps non-copy tuple index diagnostics
ok 87 - compiler bridge maps non-copy tuple index diagnostics
  ---
  duration_ms: 5.425458
  ...
# Subtest: compiler bridge exposes structural tuple equality and ordering diagnostics
ok 88 - compiler bridge exposes structural tuple equality and ordering diagnostics
  ---
  duration_ms: 8.257791
  ...
# Subtest: compiler bridge exposes contextual lambda scope, hover, definitions, and completions
ok 89 - compiler bridge exposes contextual lambda scope, hover, definitions, and completions
  ---
  duration_ms: 9.044625
  ...
# Subtest: compiler bridge exposes ADR-0038 view provenance and returned-view contracts
ok 90 - compiler bridge exposes ADR-0038 view provenance and returned-view contracts
  ---
  duration_ms: 18.383209
  ...
# Subtest: compiler bridge completes capture boundaries and resolves bounded returned-view methods
ok 91 - compiler bridge completes capture boundaries and resolves bounded returned-view methods
  ---
  duration_ms: 27.624708
  ...
# Subtest: compiler bridge exposes progressively scoped comprehension intelligence
ok 92 - compiler bridge exposes progressively scoped comprehension intelligence
  ---
  duration_ms: 19.660208
  ...
# Subtest: compiler bridge preserves owned slice result types, endpoint intelligence, and diagnostics
ok 93 - compiler bridge preserves owned slice result types, endpoint intelligence, and diagnostics
  ---
  duration_ms: 14.85325
  ...
# [aura-lsp] compiler completion unavailable; using recovery analysis: error[AU1101]: expected an iterable expression after `in` in comprehension
#  --> /private/var/folders/v9/fdd3rcn92b16ngnbyc64fw3w0000gn/T/aura-lsp-incomplete-comprehension-mWHxKV/iterable.au:2:34
#   |
# 2 |     result = [value for value in ]
#   |                                  ^
# [aura-lsp] compiler completion unavailable; using recovery analysis: error[AU1101]: expected a filter expression after `if` in comprehension
#  --> /private/var/folders/v9/fdd3rcn92b16ngnbyc64fw3w0000gn/T/aura-lsp-incomplete-comprehension-mWHxKV/filter.au:2:44
#   |
# 2 |     result = [value for value in values if ]
#   |                                            ^
# Subtest: compiler bridge preserves incomplete comprehension diagnostics without stale intelligence
ok 94 - compiler bridge preserves incomplete comprehension diagnostics without stale intelligence
  ---
  duration_ms: 6.055209
  ...
# Subtest: compiler bridge preserves closure capture ownership diagnostics and guidance
ok 95 - compiler bridge preserves closure capture ownership diagnostics and guidance
  ---
  duration_ms: 8.025166
  ...
# Subtest: compiler bridge exposes the global numeric Array surface and result types
ok 96 - compiler bridge exposes the global numeric Array surface and result types
  ---
  duration_ms: 15.339667
  ...
# Subtest: document state cache re-analyzes unchanged versions after invalidation
ok 97 - document state cache re-analyzes unchanged versions after invalidation
  ---
  duration_ms: 0.668958
  ...
# Subtest: document state cache drops closed documents
ok 98 - document state cache drops closed documents
  ---
  duration_ms: 0.146834
  ...
# Subtest: validateOpenDocuments revalidates every open document
ok 99 - validateOpenDocuments revalidates every open document
  ---
  duration_ms: 0.726
  ...
# Subtest: document state cache deduplicates in-flight analysis for the same version
ok 100 - document state cache deduplicates in-flight analysis for the same version
  ---
  duration_ms: 0.1065
  ...
# Subtest: older analysis cannot overwrite a newer document version
ok 101 - older analysis cannot overwrite a newer document version
  ---
  duration_ms: 0.321042
  ...
# Subtest: dependency invalidation touches only a changed document and its dependents
ok 102 - dependency invalidation touches only a changed document and its dependents
  ---
  duration_ms: 0.619083
  ...
# Subtest: failed analysis is evicted without deleting a newer in-flight version
ok 103 - failed analysis is evicted without deleting a newer in-flight version
  ---
  duration_ms: 0.351208
  ...
# Subtest: dependency invalidation terminates when dependencies form a cycle
ok 104 - dependency invalidation terminates when dependencies form a cycle
  ---
  duration_ms: 0.101333
  ...
# Subtest: recovery analysis only recovers declaration structure
ok 105 - recovery analysis only recovers declaration structure
  ---
  duration_ms: 1.641584
  ...
# Subtest: recovery completion exposes keywords builtins and declarations but no member semantics
ok 106 - recovery completion exposes keywords builtins and declarations but no member semantics
  ---
  duration_ms: 0.428
  ...
# Subtest: recovery hover and definition resolve only recovered declarations
ok 107 - recovery hover and definition resolve only recovered declarations
  ---
  duration_ms: 0.703791
  ...
# Subtest: recovery document symbols tolerate empty and nested declarations
ok 108 - recovery document symbols tolerate empty and nested declarations
  ---
  duration_ms: 0.182125
  ...
# Subtest: recovery preserves extern C declarations while the compiler is unavailable
ok 109 - recovery preserves extern C declarations while the compiler is unavailable
  ---
  duration_ms: 0.184459
  ...
# Subtest: recovery locates an extern declaration named C after the ABI string
ok 110 - recovery locates an extern declaration named C after the ABI string
  ---
  duration_ms: 0.226084
  ...
# Subtest: uri helper preserves UNC and local file paths
ok 111 - uri helper preserves UNC and local file paths
  ---
  duration_ms: 0.765333
  ...
1..111
# tests 111
# suites 0
# pass 111
# fail 0
# cancelled 0
# skipped 0
# todo 0
# duration_ms 3714.030291

> aura-monorepo@0.3.3 check:extension
> npm --prefix tools/vscode-aura run check


> vscode-aura-lang@0.3.4 check
> npm run build && node --check ./src/extension.js && node --check ./scripts/build.js


> vscode-aura-lang@0.3.4 build
> node ./scripts/build.js

built Aura VS Code extension bundles

> aura-monorepo@0.3.3 test:extension
> npm --prefix tools/vscode-aura test


> vscode-aura-lang@0.3.4 test
> npm run build && node --test ./test/*.test.js


> vscode-aura-lang@0.3.4 build
> node ./scripts/build.js

built Aura VS Code extension bundles
TAP version 13
# Subtest: extension bundle contains built extension and language server files
ok 1 - extension bundle contains built extension and language server files
  ---
  duration_ms: 0.521291
  ...
# Subtest: extension manifest and listing are ready for both public marketplaces
ok 2 - extension manifest and listing are ready for both public marketplaces
  ---
  duration_ms: 1.82075
  ...
# Subtest: extension package includes the assertion-aware Aura grammar
ok 3 - extension package includes the assertion-aware Aura grammar
  ---
  duration_ms: 0.527042
  ...
# Subtest: extension grammar and snippets cover Aura 0.3 string forms
ok 4 - extension grammar and snippets cover Aura 0.3 string forms
  ---
  duration_ms: 0.438209
  ...
# Subtest: language configuration indents block headers on enter without blank-line dedent
ok 5 - language configuration indents block headers on enter without blank-line dedent
  ---
  duration_ms: 0.314958
  ...
# Subtest: syntax grammar treats boolean operators as Aura keywords
ok 6 - syntax grammar treats boolean operators as Aura keywords
  ---
  duration_ms: 0.194792
  ...
# Subtest: extension packages an expression-lambda snippet
ok 7 - extension packages an expression-lambda snippet
  ---
  duration_ms: 0.119709
  ...
# Subtest: extension snippets cover ADR-0038 views and loan captures
ok 8 - extension snippets cover ADR-0038 views and loan captures
  ---
  duration_ms: 0.116292
  ...
# Subtest: TextMate tokenization preserves ADR-0038 view and contextual import scopes
ok 9 - TextMate tokenization preserves ADR-0038 view and contextual import scopes
  ---
  duration_ms: 84.267375
  ...
# Subtest: TextMate tokenization distinguishes returned-view contracts from calls named view
ok 10 - TextMate tokenization distinguishes returned-view contracts from calls named view
  ---
  duration_ms: 6.062791
  ...
# Subtest: extension highlights and snippets the maintained extern C surface
ok 11 - extension highlights and snippets the maintained extern C surface
  ---
  duration_ms: 0.476875
  ...
# Subtest: syntax grammar highlights the current storage modifiers
ok 12 - syntax grammar highlights the current storage modifiers
  ---
  duration_ms: 0.169333
  ...
# Subtest: syntax grammar distinguishes ordinary quotes and nests strings in f-string interpolation
ok 13 - syntax grammar distinguishes ordinary quotes and nests strings in f-string interpolation
  ---
  duration_ms: 0.199917
  ...
# Subtest: syntax grammar treats floor-division operators as single tokens
ok 14 - syntax grammar treats floor-division operators as single tokens
  ---
  duration_ms: 0.14275
  ...
# Subtest: syntax grammar tracks maintained builtin types
ok 15 - syntax grammar tracks maintained builtin types
  ---
  duration_ms: 0.325458
  ...
# Subtest: syntax grammar highlights maintained builtin function calls
ok 16 - syntax grammar highlights maintained builtin function calls
  ---
  duration_ms: 0.225584
  ...
# Subtest: extension activation registers the language client itself as disposable
ok 17 - extension activation registers the language client itself as disposable
  ---
  duration_ms: 0.05775
  ...
# Subtest: Aura newline indentation inherits the current block indent
ok 18 - Aura newline indentation inherits the current block indent
  ---
  duration_ms: 0.270375
  ...
# Subtest: Aura newline indentation handles source delimiters
ok 19 - Aura newline indentation handles source delimiters
  ---
  duration_ms: 0.11875
  ...
# Subtest: Aura newline indentation ignores delimiters in strings, f-strings, and comments
ok 20 - Aura newline indentation ignores delimiters in strings, f-strings, and comments
  ---
  duration_ms: 0.091416
  ...
# Subtest: Aura newline indentation recognizes multiline block headers
ok 21 - Aura newline indentation recognizes multiline block headers
  ---
  duration_ms: 0.040625
  ...
# Subtest: bundled language server preserves optional assertion operands in diagnostic data
ok 22 - bundled language server preserves optional assertion operands in diagnostic data
  ---
  duration_ms: 516.265667
  ...
# Subtest: bundled language server completes safely while a function header is incomplete
ok 23 - bundled language server completes safely while a function header is incomplete
  ---
  duration_ms: 45.832292
  ...
# Subtest: bundled language server preserves comprehension hover definition and scope
ok 24 - bundled language server preserves comprehension hover definition and scope
  ---
  duration_ms: 53.444542
  ...
# Subtest: bundled language server preserves owned slice intelligence and reserved diagnostics
ok 25 - bundled language server preserves owned slice intelligence and reserved diagnostics
  ---
  duration_ms: 995.549666
  ...
# Subtest: bundled language server recovers safely while comprehension clauses are incomplete
ok 26 - bundled language server recovers safely while comprehension clauses are incomplete
  ---
  duration_ms: 368.099584
  ...
# Subtest: bundled language server preserves numeric Array hover completion and diagnostics
ok 27 - bundled language server preserves numeric Array hover completion and diagnostics
  ---
  duration_ms: 400.954125
  ...
1..27
# tests 27
# suites 0
# pass 27
# fail 0
# cancelled 0
# skipped 0
# todo 0
# duration_ms 2417.661166

> aura-monorepo@0.3.3 coverage:compiler:check
> bash scripts/coverage-compiler.sh --check

info: cargo-llvm-cov currently setting cfg(coverage); you can opt-out it by passing --no-cfg-coverage
   Compiling aura-compiler v0.3.3 (/Users/johnolafenwa/source2/Aurora/crates/aura-compiler)
   Compiling aura v0.3.3 (/Users/johnolafenwa/source2/Aurora/crates/aura)
    Finished `test` profile [unoptimized + debuginfo] target(s) in 32.01s
     Running unittests src/main.rs (target/llvm-cov-target/debug/deps/aura-57e94fce03086619)

running 34 tests
test tests::auto_backend_reports_direct_failure_when_falling_back ... ok
test tests::cache_invalidation_does_not_delete_a_replacement_entry ... ok
test tests::coverage_builds_isolate_uninstrumented_native_runtime_artifacts ... ok
test tests::every_lsp_service_error_identifies_the_compiler_semantic_schema ... ok
test tests::forced_direct_backend_never_invokes_fallback ... ok
test tests::installed_runtime_artifacts_resolve_relative_to_packaged_executable ... ok
test tests::lsp_service_rejects_a_client_from_another_semantic_schema ... ok
test tests::macos_executable_shape_errors_invalidate_native_cache_entries ... ok
test tests::native_build_lock_rejects_symlinks_and_shared_writable_files ... ok
test tests::native_cache_cleanup_removes_only_old_dead_exact_transients ... ok
test tests::native_cache_key_independently_tracks_the_semantic_interface_schema ... ok
test tests::native_cache_rejects_group_or_world_writable_roots ... ok
test tests::native_link_arg_capture_overrides_inherited_always_color_and_strips_ansi ... ok
test tests::native_link_arg_capture_rejects_malformed_ansi_sequences ... ok
test tests::native_link_arg_capture_rejects_remaining_control_characters_by_token ... ok
test tests::native_link_arg_capture_strips_complete_ansi_string_controls ... ok
test tests::native_runtime_identity_preserves_archive_and_ordered_link_inputs ... ok
test tests::native_signal_termination_is_a_hard_post_launch_failure ... ok
test tests::only_auto_run_degrades_to_the_mir_runtime ... ok
test tests::parse_static_library_artifact_path_prefers_cargo_reported_archive ... ok
test tests::private_native_diagnostic_channel_distinguishes_status_from_a_trap ... ok
test tests::private_native_diagnostic_channel_rejects_malformed_multiple_and_oversized_records ... ok
test tests::resolve_static_library_path_prefers_primary_staticlib ... ok
test tests::resolve_static_library_path_rejects_ambiguous_hashed_archives ... ok
test tests::resolve_static_library_path_uses_single_hashed_archive_when_primary_missing ... ok
test tests::run_backend_parsing_defaults_to_mir_and_accepts_every_selector ... ok
test tests::runtime_archive_memo_stamp_detects_same_size_same_mtime_replacement ... ok
test tests::stale_verified_launch_cleanup_never_removes_a_live_owner ... ok
test tests::stripped_direct_and_mir_launchers_keep_source_frames_without_source_files ... ok
test tests::user_binary_link_flags_collect_unused_sections_on_supported_hosts ... ok
test tests::user_binary_strip_command_keeps_global_symbols_for_ffi ... ok
test tests::verified_launch_lease_survives_parent_handle_until_native_child_exits ... ok
test tests::write_unique_temp_file_rejects_existing_paths ... ok
test tests::write_unique_temp_file_removes_partial_file_when_write_fails ... ok

test result: ok. 34 passed; 0 failed; 0 ignored; 0 measured; 0 filtered out; finished in 47.09s

     Running tests/backend_parity.rs (target/llvm-cov-target/debug/deps/backend_parity-1cab2dbac83e5949)

running 3 tests
test equality_obligation_rejections_are_identical_across_forced_backends ... ok
test forced_mir_and_direct_backends_match_every_runtime_fixture ... ignored, full forced-backend fixture matrix; invoked by npm run test:backend-parity
test packaged_parity_aura_uses_cargo_reported_runtime_archive ... ok

test result: ok. 2 passed; 0 failed; 1 ignored; 0 measured; 0 filtered out; finished in 21.17s

     Running tests/cli.rs (target/llvm-cov-target/debug/deps/cli-2705f31dbe382fa0)

running 378 tests
test all_benchmark_inputs_pass_checking ... ok
test analyze_recovers_symbols_for_dangling_dot_at_eof_stdin_buffers ... ok
test analyze_recovers_symbols_for_dangling_dot_stdin_buffers ... ok
test analyze_recovers_symbols_for_multiple_dangling_dots_with_imports ... ok
test analyze_stdin_resolves_local_module_imports ... ok
test assertion_failure_remains_primary_when_cleanup_also_traps ... ok
test assertion_introspection_is_once_only_and_byte_identical_across_backends ... ok
test assertion_introspection_json_matches_mir_and_direct_backends ... ok
test assertion_operand_traps_precede_assertion_failure ... ok
test assertions_evaluate_condition_once_and_message_only_on_failure ... ok
test assertions_preserve_exact_messages_in_run_and_direct_backends ... ok
test ast_exits_cleanly_when_stdout_pipe_closes ... ok
test ast_json_preserves_named_and_loop_shapes_while_exposing_tuples ... ok
test aura_test_discovers_test_functions_and_keeps_main_files_working ... ok
test aura_test_expands_parameter_registrations_before_filtering ... ok
test aura_test_filter_is_literal_case_sensitive_and_validates_usage ... ok
test aura_test_hook_failures_preserve_primary_and_report_teardown_secondarily ... ok
test aura_test_ignores_class_trait_and_impl_methods_named_like_hooks ... ok
test aura_test_json_is_one_ordered_schema_versioned_document ... ok
test aura_test_json_runner_failures_use_reason_and_do_not_leak_program_stdout ... ok
test aura_test_lifecycle_order_is_observable_through_external_side_effects ... ok
test aura_test_maintained_assertions_example_pins_the_runner_contract ... ok
test aura_test_non_function_hook_collisions_are_structured_diagnostics ... ok
test aura_test_preserves_manifest_authorized_ffi_across_lifecycle_phases ... ok
test aura_test_preserves_source_declaration_order_and_normalizes_reported_paths ... ok
test aura_test_registration_timeout_retains_stdout_in_the_single_json_document ... ok
test aura_test_registration_type_rejects_capturing_closures ... ok
test aura_test_reuses_one_checked_module_when_setup_rewrites_the_source ... ok
test aura_test_runs_setup_and_teardown_for_each_selected_case ... ok
test aura_test_treats_file_level_assertions_as_test_results ... ok
test aura_test_validates_parameter_labels_and_allows_empty_registration ... ok
test auto_run_json_fallback_preserves_native_progress_in_one_document ... ok
test bounded_blocking_pool_admission_preserves_scheduler_progress_on_every_runtime_path ... ok
test bounded_blocking_pool_timeout_and_cancellation_preserve_acceptance_boundary_parity ... ok
test build_executes_multiple_specialized_trait_impl_dispatch ... ok
test build_executes_nested_generic_trait_bound_dispatch ... ok
test build_executes_trait_impl_associated_methods ... ok
test build_from_stdin_produces_runnable_module_binary ... ok
test build_json_buffers_concurrent_wait_notice_into_one_failure_document ... ok
test build_produces_a_runnable_binary ... ok
test build_produces_runnable_binary_for_program_with_local_modules ... ok
test build_produces_runnable_concurrency_binary ... ok
test build_rejects_removed_mir_runtime_backend_option ... ok
test build_runs_indirect_recursive_example ... ok
test build_supports_task_result_returning_plain_classes ... ok
test build_with_auto_backend_falls_back_for_rich_match_example ... ok
test build_with_direct_backend_caps_fs_read_to_string_and_read_bytes ... ok
test build_with_direct_backend_flushes_notice_before_waiting_for_concurrent_build ... ok
test build_with_direct_backend_prefers_more_specific_trait_impls ... ok
test build_with_direct_backend_preserves_scalar_return_values_through_with_cleanup ... ok
test build_with_direct_backend_prints_boolean_values_as_true_and_false ... ok
test build_with_direct_backend_produces_runnable_binary_for_supported_program ... ok
test build_with_direct_backend_rejects_narrow_integer_overflow_at_runtime ... ok
test build_with_direct_backend_rejects_unsupported_programs ... ok
test build_with_direct_backend_runs_indirect_recursive_example ... ok
test build_with_direct_backend_runs_with_cleanup_on_normal_scope_exit ... ok
test build_with_direct_backend_supports_bare_none_unit_values ... ok
test build_with_direct_backend_supports_borrow_parameters_example ... ok
test build_with_direct_backend_supports_bytes_file_io_example ... ok
test build_with_direct_backend_supports_class_methods_example ... ok
test build_with_direct_backend_supports_concurrency_example ... ok
test build_with_direct_backend_supports_copy_return_selection_example ... ok
test build_with_direct_backend_supports_dict_basics_example ... ok
test build_with_direct_backend_supports_explicit_builtin_enum_type_args_example ... ok
test build_with_direct_backend_supports_file_io_example ... ok
test build_with_direct_backend_supports_float_comparisons_in_conditions ... ok
test build_with_direct_backend_supports_float_modulo ... ok
test build_with_direct_backend_supports_float_return_from_enum_match ... ok
test build_with_direct_backend_supports_for_range_example ... ok
test build_with_direct_backend_supports_full_range_uint128_example ... ok
test build_with_direct_backend_supports_generic_class_field_arithmetic ... ok
test build_with_direct_backend_supports_generic_constructor_specialization_example ... ok
test build_with_direct_backend_supports_generic_data_example ... ok
test build_with_direct_backend_supports_generic_trait_bounds_example ... ok
test build_with_direct_backend_supports_generic_trait_impl_example ... ok
test build_with_direct_backend_supports_http_roundtrip_example ... ok
test build_with_direct_backend_supports_indexed_member_chains_and_fstring_indexing ... ok
test build_with_direct_backend_supports_inferred_enum_match_variants ... ok
test build_with_direct_backend_supports_list_basics_example ... ok
test build_with_direct_backend_supports_list_iteration_example ... ok
test build_with_direct_backend_supports_list_literals_and_iteration ... ok
test build_with_direct_backend_supports_list_methods_and_constructor ... ok
test build_with_direct_backend_supports_list_polish_example ... ok
test build_with_direct_backend_supports_literal_match_example ... ok
test build_with_direct_backend_supports_multi_payload_enum_variants ... ok
test build_with_direct_backend_supports_multi_type_trait_dispatch_example ... ok
test build_with_direct_backend_supports_mutating_methods_example ... ok
test build_with_direct_backend_supports_namespace_import_types_example ... ok
test build_with_direct_backend_supports_numeric_builtins_example ... ok
test build_with_direct_backend_supports_operator_traits_example ... ok
test build_with_direct_backend_supports_ordering_traits_example ... ok
test build_with_direct_backend_supports_point_example ... ok
test build_with_direct_backend_supports_queue_timeout_example ... ok
test build_with_direct_backend_supports_queue_timeout_matches ... ok
test build_with_direct_backend_supports_set_basics_example ... ok
test build_with_direct_backend_supports_simple_example ... ok
test build_with_direct_backend_supports_string_example ... ok
test build_with_direct_backend_supports_string_map_and_numeric_builtins ... ok
test build_with_direct_backend_supports_string_methods_example ... ok
test build_with_direct_backend_supports_string_parsing_and_formatting_example ... ok
test build_with_direct_backend_supports_task_result_returning_plain_classes ... ok
test build_with_direct_backend_supports_tcp_bytes_example ... ok
test build_with_direct_backend_supports_tcp_echo_example ... ok
test build_with_direct_backend_supports_trait_dispatch_example ... ok
test build_with_direct_backend_supports_trait_impls_on_builtin_types ... ok
test build_with_direct_backend_supports_try_and_result_example ... ok
test build_with_direct_backend_supports_udp_echo_example ... ok
test build_with_direct_backend_supports_unix_and_tls_example ... ok
test build_with_direct_backend_supports_websocket_roundtrip_example ... ok
test build_with_direct_backend_supports_with_cleanup_example ... ok
test built_binary_exits_cleanly_when_stdout_pipe_closes ... ok
test built_binary_runs_after_source_file_is_removed ... ok
test built_default_binaries_render_runtime_errors_with_source_context ... ok
test built_direct_binaries_render_runtime_errors_with_source_context ... ok
test cancelled_sleeping_children_resume_and_can_observe_cancellation ... ok
test cancelled_yields_for_cpu_bound_lightweight_tasks ... ok
test capture_free_function_values_cover_storage_copy_calls_and_task_targets_on_both_backends ... ok
test check_accepts_module_qualified_builtin_io_error_variants ... ok
test check_and_direct_backend_preserve_d6_own_parameter_guidance ... ok
test check_and_direct_backend_reject_queue_iteration_capability_modifiers ... ok
test check_and_direct_backend_reject_range_iteration_capability_modifiers ... ok
test check_and_forced_direct_reject_stale_field_match_binding ... ok
test check_rejects_huge_left_associative_expression_chains_without_crashing ... ok
test check_rejects_match_borrow_mut_binding_use_after_scrutinee_reassign ... ok
test check_reports_imported_module_syntax_errors_at_the_imported_file ... ok
test check_reports_match_expression_and_literal_pattern_diagnostics ... ok
test check_stdin_resolves_local_module_imports ... ok
test compile_commands_accept_membership_and_comparison_chains ... ok
test compile_commands_emit_the_shared_structured_diagnostic_schema ... ok
test complete_recovers_member_completions_for_dangling_dot_at_eof_stdin_buffers ... ok
test complete_recovers_member_completions_for_multiple_dangling_dots_with_imports ... ok
test complete_stdin_includes_imported_trait_methods ... ok
test complete_stdin_resolves_local_module_member_completions ... ok
test default_build_supports_bare_none_unit_values ... ok
test default_build_supports_bytes_file_io_example ... ok
test default_build_supports_copy_return_selection_example ... ok
test default_build_supports_dict_basics_example ... ok
test default_build_supports_explicit_builtin_enum_type_args_example ... ok
test default_build_supports_file_io_example ... ok
test default_build_supports_float_return_from_enum_match ... ok
test default_build_supports_generic_constructor_specialization_example ... ok
test default_build_supports_generic_trait_bounds_example ... ok
test default_build_supports_generic_trait_impl_example ... ok
test default_build_supports_http_roundtrip_example ... ok
test default_build_supports_list_basics_example ... ok
test default_build_supports_list_iteration_example ... ok
test default_build_supports_list_polish_example ... ok
test default_build_supports_literal_match_example ... ok
test default_build_supports_namespace_import_types_example ... ok
test default_build_supports_numeric_builtins_example ... ok
test default_build_supports_operator_traits_example ... ok
test default_build_supports_ordering_traits_example ... ok
test default_build_supports_queue_timeout_matches ... ok
test default_build_supports_set_basics_example ... ok
test default_build_supports_simple_example ... ok
test default_build_supports_string_methods_example ... ok
test default_build_supports_string_parsing_and_formatting_example ... ok
test default_build_supports_tcp_bytes_example ... ok
test default_build_supports_tcp_echo_example ... ok
test default_build_supports_udp_echo_example ... ok
test default_build_supports_unix_and_tls_example ... ok
test default_build_supports_websocket_roundtrip_example ... ok
test direct_backend_build_supports_advanced_io_and_network_surface ... ok
test direct_backend_build_supports_process_module_surface ... ok
test direct_backend_build_supports_unix_and_tls_network_surface ... ok
test direct_backend_callee_trap_cleanup_uses_current_resource_state ... ok
test direct_backend_metrics_int64_overflow_fails_at_runtime ... ok
test direct_backend_preserves_body_trap_when_cleanup_also_traps ... ok
test direct_backend_recursion_limit_uses_source_diagnostic ... ok
test direct_backend_recursion_with_with_frames_matches_run_cleanup_count ... ok
test direct_backend_releases_owned_projected_receivers_on_every_dynamic_dispatch_path ... ok
test direct_backend_reports_recursion_overflow_without_signalling ... ok
test direct_backend_unwinds_with_resources_before_recursion_limit ... ok
test direct_backend_unwinds_with_resources_before_runtime_trap ... ok
test direct_backend_unwinds_with_resources_when_callee_traps ... ok
test direct_cfg_view_identity_is_independent_of_block_storage_and_unreachable_metadata ... ok
test direct_closure_writebacks_follow_cfg_and_snapshot_returned_view_selectors ... ok
test direct_json_channel_is_private_and_does_not_wait_for_a_grandchild ... ok
test direct_run_json_buffers_wait_progress_into_one_document ... ok
test direct_run_json_distinguishes_normal_nonzero_status_from_a_runtime_trap ... ok
test direct_run_json_failure_remains_one_document_when_a_rebuild_is_needed ... ok
test direct_run_json_transports_runtime_traps_on_cold_warm_and_auto_paths ... ok
test dynamic_json_dumps_depth_limit_fits_forced_512_kib_tasks_on_both_backends ... ok
test editor_stdin_analysis_and_completion_do_not_write_package_lockfile ... ok
test explicit_four_worker_cancellation_and_task_failures_remain_isolated ... ok
test explicit_four_worker_queue_and_task_handles_match_backends ... ok
test explicit_four_worker_queue_stress_preserves_integrity_and_per_producer_fifo ... ok
test fixed_width_integer_methods_match_forced_mir_and_direct_backends ... ok
test fmt_is_idempotent_for_adr_0022_capability_syntax ... ok
test fmt_is_idempotent_for_extern_c_declarations ... ok
test fmt_is_idempotent_for_lambda_expression_syntax ... ok
test fmt_preserves_triple_quoted_string_bytes ... ok
test forced_direct_json_preserves_the_original_lowering_diagnostic ... ok
test four_worker_prints_are_complete_atomic_lines_on_both_backends ... ok
test fs_write_bytes_accepts_empty_lists_in_run_and_direct_backend ... ok
test generic_default_can_supply_a_function_value_for_calls_and_tasks_on_both_backends ... ok
test generic_tuple_substitution_runs_in_mir_and_direct_backends ... ok
test help_flags_exit_successfully ... ok
test hosted_ci_safepoint_windows_scale_without_changing_local_windows ... ok
test http_declared_response_above_fixed_cap_is_typed_on_both_backends ... ok
test imported_builtin_function_values_retain_process_run_defaults_on_both_backends ... ok
test imported_builtin_function_values_use_normal_dispatch_on_both_backends ... ok
test imported_module_function_values_store_pass_and_call_on_both_backends ... ok
test inferred_function_values_preserve_mut_writeback_and_own_consumption_on_both_backends ... ok
test installed_direct_run_keeps_native_cache_optional_for_build_locking ... ok
test invalid_blocking_pool_configuration_is_au4006_before_user_code_on_every_runtime_path ... ok
test invalid_worker_override_is_au4006_on_mir_and_direct_backends ... ok
test large_http_responses_complete_without_timing_out ... ok
test list_insert_clamps_out_of_bounds_indices_on_run_and_direct_backends ... ok
test loop_backedge_safepoints_prevent_socket_readiness_starvation ... ok
test loop_backedge_safepoints_prevent_timer_and_queue_starvation ... ok
test lsp_service_handles_multiple_requests_in_one_process ... ok
test mir_and_forced_direct_reject_noncopy_internal_exposure ... ok
test mir_and_forced_direct_support_one_thousand_simultaneously_suspended_tasks ... ok
test mir_exits_cleanly_when_stdout_pipe_closes ... ok
test mir_stdin_resolves_local_module_imports ... ok
test module_qualified_spawn_target_runs_across_commands ... ok
test native_cache_creates_every_new_path_component_private_under_permissive_umask ... ok
test native_cache_format_carries_the_link_and_strip_construction_epoch ... ok
test native_keep_symbols_skips_strip_and_separates_cached_programs ... ok
test native_run_cache_preserves_verified_entry_when_private_launch_staging_fails ... ok
test native_run_cache_rejects_symlink_and_fifo_members_without_blocking_or_leaking ... ok
test native_run_cache_serializes_concurrent_cold_runs_into_one_build_and_verified_hits ... ok
test native_run_cache_unrelated_warm_hit_does_not_wait_for_another_key ... ok
test native_run_cache_verifies_artifacts_rebuilds_invalid_entries_and_keys_on_the_program ... ok
test nested_package_module_can_be_analyzed_directly ... ok
test nested_package_module_can_be_checked_directly ... ok
test nested_scheduler_spawns_preserve_outcomes_cleanup_and_backend_parity ... ok
test new_fmt_and_test_commands_cover_the_project_workflow ... ok
test numeric_array_all_dtypes_match_forced_mir_and_direct_backends ... ok
test numeric_array_composed_member_results_match_forced_mir_and_direct_backends ... ok
test numeric_array_invalid_shapes_match_forced_mir_and_direct_backends ... ok
test numeric_array_matrix_matches_forced_mir_and_direct_backends ... ok
test numeric_array_nested_collection_copies_match_forced_mir_and_direct_backends ... ok
test numeric_array_operator_modes_match_forced_mir_and_direct_backends ... ok
test numeric_array_traps_match_forced_mir_and_direct_backends ... ok
test old_product_environment_names_are_not_honored ... ok
test owned_slice_au4003_traps_match_forced_mir_and_direct_backends ... ok
test owned_slice_matrix_matches_forced_mir_and_direct_backends ... ok
test process_completed_exposes_binary_stdout_bytes_in_run_and_direct_backend ... ok
test process_completed_stdout_bytes_get_matches_short_option_patterns ... ok
test queue_consumers_share_work_fairly_on_one_worker ... ok
test queue_get_or_without_timeout_returns_default_immediately ... ok
test queue_iteration_consumers_complete_with_more_cpu_burners_than_default_workers ... ok
test queue_iteration_exits_when_a_sibling_task_fails ... ok
test queue_iteration_exits_when_task_group_is_cancelled ... ok
test queue_iteration_exits_when_task_group_producers_return_cleanly ... ok
test queue_iteration_waits_for_standalone_task_group_producers ... ok
test queue_iteration_without_registered_producers_exits ... ok
test reference_tool_runner_package_has_pinned_output_on_both_backends ... ok
test retrying_network_worker_runs_with_computed_backoff_on_both_backends ... ok
test run_and_built_programs_receive_arguments_and_environment ... ok
test run_and_direct_backend_allow_match_expression_value_scrutinee_first_use ... ok
test run_and_direct_backend_match_bare_none_in_indirect_option_field ... ok
test run_and_direct_backend_match_bare_none_literals_as_option_none ... ok
test run_and_direct_backend_match_d6_parameter_loop_and_task_defaults ... ok
test run_and_direct_backend_match_unannotated_get_or_none_and_result_or_none ... ok
test run_and_direct_backend_preserve_bare_none_in_collection_paths_and_nested_options ... ok
test run_and_direct_backend_preserve_builtin_module_enum_identity ... ok
test run_and_direct_backend_preserve_field_match_writeback_across_sibling_mutation ... ok
test run_and_direct_backend_preserve_match_borrow_mut_writebacks_after_dead_branches ... ok
test run_and_direct_backends_backtrack_before_moving_match_expression_payloads ... ok
test run_and_direct_backends_compose_returned_view_descendants ... ok
test run_and_direct_backends_discover_queues_nested_in_task_arguments ... ok
test run_and_direct_backends_distinguish_exact_cast_from_rounding_conversion ... ok
test run_and_direct_backends_move_deep_fields_without_consuming_siblings ... ok
test run_and_direct_backends_move_noncopy_try_errors_through_from_conversion ... ok
test run_and_direct_backends_preserve_bounded_trait_dispatch_identity ... ok
test run_and_direct_backends_preserve_contextual_int32_literal_inference ... ok
test run_and_direct_backends_preserve_default_int64_to_uint64_negation_failure ... ok
test run_and_direct_backends_preserve_default_integer_generic_dispatch ... ok
test run_and_direct_backends_preserve_dynamic_returned_view_closure_writeback ... ok
test run_and_direct_backends_preserve_false_fs_exists_results ... ok
test run_and_direct_backends_preserve_float_context_integer_literals ... ok
test run_and_direct_backends_preserve_floor_division_across_integer_widths_and_places ... ok
test run_and_direct_backends_preserve_floor_division_and_modulo ... ok
test run_and_direct_backends_preserve_generic_numeric_receiver_dispatch ... ok
test run_and_direct_backends_preserve_int64_defaulting_boundaries_aliases_and_casts ... ok
test run_and_direct_backends_preserve_integer_call_equality_contexts ... ok
test run_and_direct_backends_preserve_integer_to_float_expression_contexts ... ok
test run_and_direct_backends_preserve_integer_to_float_rounding ... ok
test run_and_direct_backends_preserve_nested_numeric_generic_dispatch ... ok
test run_and_direct_backends_preserve_shortest_roundtrip_float_printing ... ok
test run_and_direct_backends_preserve_specialized_returned_view_trait_identity_in_both_impl_orders ... ok
test run_and_direct_backends_preserve_the_dynamic_json_surface ... ok
test run_and_direct_backends_preserve_the_numbers_example ... ok
test run_and_direct_backends_preserve_try_error_conversion_width ... ok
test run_and_direct_backends_preserve_vec_algorithm_order_stability_and_ownership ... ok
test run_and_direct_backends_publish_mutable_call_writebacks_before_trap_cleanup ... ok
test run_and_direct_backends_support_immediate_mutable_returned_view_receivers ... ok
test run_and_direct_backends_support_loop_local_mutable_closures ... ok
test run_and_direct_backends_transfer_json_task_results_and_clean_up_unobserved_values ... ok
test run_and_direct_backends_transfer_structural_values_across_task_boundaries ... ok
test run_and_direct_backends_trap_boxed_int128_floor_division_overflow ... ok
test run_and_direct_backends_trap_float_floor_division_by_zero ... ok
test run_and_direct_backends_trap_signed_floor_division_overflow ... ok
test run_and_direct_filesystem_read_to_string_accepts_above_retired_cap ... ok
test run_backend_selector_matches_across_mir_direct_and_auto ... ok
test run_backends_drop_partial_comprehension_before_propagating_trap ... ok
test run_backends_lower_comprehensions_in_function_and_field_defaults ... ok
test run_backends_match_eager_comprehension_behavior ... ok
test run_backends_match_full_comprehension_runtime_matrix ... ok
test run_backends_publish_mutable_match_guard_writeback_before_trap_cleanup ... ok
test run_caps_fs_read_to_string_and_read_bytes ... ok
test run_executes_bytes_file_io_example ... ok
test run_executes_copy_return_selection_example ... ok
test run_executes_dict_basics_example ... ok
test run_executes_file_io_example ... ok
test run_executes_generic_constructor_specialization_example ... ok
test run_executes_generic_trait_bounds_example ... ok
test run_executes_generic_trait_impl_example ... ok
test run_executes_http_roundtrip_example ... ok
test run_executes_list_basics_example ... ok
test run_executes_list_iteration_example ... ok
test run_executes_list_literals_and_iteration ... ok
test run_executes_list_polish_example ... ok
test run_executes_literal_match_example ... ok
test run_executes_numeric_builtins_example ... ok
test run_executes_operator_traits_example ... ok
test run_executes_ordering_traits_example ... ok
test run_executes_programs_with_local_modules ... ok
test run_executes_set_basics_example ... ok
test run_executes_string_map_and_numeric_builtins ... ok
test run_executes_string_methods_example ... ok
test run_executes_string_parsing_and_formatting_example ... ok
test run_executes_supported_programs ... ok
test run_executes_tcp_bytes_example ... ok
test run_executes_tcp_echo_example ... ok
test run_executes_try_example ... ok
test run_executes_udp_echo_example ... ok
test run_executes_unix_and_tls_roundtrip_example ... ok
test run_executes_vec_methods_and_constructor ... ok
test run_executes_websocket_roundtrip_example ... ok
test run_executes_with_example ... ok
test run_flushes_stdout_before_sigkill ... ok
test run_handles_long_binary_expression_chains_quickly ... ok
test run_mir_command_is_rejected ... ok
test run_preserves_buffered_stdout_on_runtime_error ... ok
test run_stdin_resolves_local_module_imports ... ok
test run_stdin_with_path_resolves_local_module_imports ... ok
test runtime_selected_function_value_traps_keep_the_dynamic_target_frame_on_both_backends ... ok
test runtime_selected_task_target_traps_name_the_chosen_target_and_spawn_ancestry ... ok
test s1_discarded_collection_capacity_failures_match_mir_and_direct_backends ... ok
test s1_float32_power_and_python_surface_match_mir_and_direct_backends ... ok
test s1_narrow_operators_format_sort_and_guarded_patterns_match_backends ... ok
test s1_string_to_bytes_matches_mir_and_direct_backends ... ok
test scheduler_mixed_wakeups_complete_in_mir_and_direct_backends ... ok
test self_receiver_method_result_can_bind_to_a_name ... ok
test single_worker_queue_stress_preserves_integrity_without_promising_consumer_fairness ... ok
test string_lengths_and_negative_list_indices_match_run_and_direct_backends ... ok
test task_group_join_detects_cross_join_cycles_after_multiple_cleanup_probes ... ok
test task_group_join_does_not_treat_the_joining_parent_as_a_queue_waker ... ok
test task_group_join_keeps_reachable_queue_producers_alive_under_cpu_load ... ok
test task_group_join_still_cancels_a_queue_wait_without_a_reachable_waker ... ok
test task_group_join_tracks_queue_handles_received_after_task_start ... ok
test task_group_scope_exit_cancels_blocked_children ... ok
test task_group_stack_overrides_preserve_bounds_argument_order_and_backend_parity ... ok
test task_group_stack_overrides_reject_dynamic_out_of_range_values_on_both_backends ... ok
test task_result_or_without_timeout_returns_fallback_immediately ... ok
test task_results_surface_errors_without_aborting_the_program ... ok
test too_negative_list_index_traps_on_run_and_direct_backends ... ok
test trapping_function_value_defaults_report_the_public_target_on_both_backends ... ok
test typed_select_negative_deadline_is_au4001_on_both_backends_with_four_workers ... ok
test typed_select_nested_queue_payload_types_match_on_both_backends ... ok
test typed_select_nonrepeatable_task_delivery_matches_with_four_workers ... ok
test typed_select_pending_queue_task_deadline_and_cancellation_match_with_four_workers ... ok
test typed_select_queue_priority_and_loser_preservation_match_with_four_workers ... ok
test unread_task_failures_abort_task_group_scope ... ok
test upgrade_downloads_and_runs_the_official_installer_for_the_active_prefix ... ok
test upgrade_rejects_arguments_and_the_unratified_update_alias ... ok
test vec_remove_out_of_bounds_is_a_runtime_error ... ok
test vec_set_out_of_bounds_is_a_runtime_error ... ok
test vec_swap_out_of_bounds_is_a_runtime_error ... ok
test version_flags_exit_successfully ... ok
test wait_any_without_tasks_times_out_immediately ... ok
test with_task_group_joins_start_soon_before_scope_exit ... ok
test yield_now_fairness_remains_observable_on_one_worker ... ok
test zero_sized_udp_reads_return_typed_invalid_input_in_mir_and_direct_backends ... ok

test result: ok. 378 passed; 0 failed; 0 ignored; 0 measured; 0 filtered out; finished in 757.97s

     Running tests/control_retry.rs (target/llvm-cov-target/debug/deps/control_retry-3c7e175d7513300c)

running 6 tests
test retry_propagates_task_cancellation_instead_of_returning_the_last_error ... ok
test retry_propagates_worker_traps_without_retrying_on_both_backends ... ok
test retry_reaches_a_later_success_and_doubles_delays_on_both_backends ... ok
test retry_rejects_nonzero_arity_and_non_result_workers_with_teaching_diagnostics ... ok
test retry_validates_arguments_before_invoking_the_worker_on_both_backends ... ok
test specialized_retry_function_value_preserves_retry_semantics_on_both_backends ... ok

test result: ok. 6 passed; 0 failed; 0 ignored; 0 measured; 0 filtered out; finished in 15.42s

     Running tests/ffi_acceptance.rs (target/llvm-cov-target/debug/deps/ffi_acceptance-02fccf109e14dd64)

running 5 tests
test getpid_binding_runs_with_backend_parity ... ok
test maintained_getpid_example_runs_with_backend_parity ... ok
test manifest_authorized_ffi_test_function_runs_through_the_trusted_path_api ... ok
test package_ffi_requires_explicit_manifest_opt_in ... ok
test same_clock_tick_temp_packages_remain_isolated ... ok

test result: ok. 5 passed; 0 failed; 0 ignored; 0 measured; 0 filtered out; finished in 4.06s

     Running tests/lambda_acceptance.rs (target/llvm-cov-target/debug/deps/lambda_acceptance-53c1d69dc4e92be7)

running 2 tests
test closures_and_lambda_powered_apis_match_on_both_backends ... ok
test imported_lambdas_at_the_same_source_position_keep_distinct_closure_ids ... ok

test result: ok. 2 passed; 0 failed; 0 ignored; 0 measured; 0 filtered out; finished in 4.31s

     Running tests/mir_backtraces.rs (target/llvm-cov-target/debug/deps/mir_backtraces-d919f2facd93ee8f)

running 6 tests
test aura_run_renders_nested_call_and_child_task_backtraces ... ok
test direct_json_stdin_preserves_the_virtual_path_in_typed_frames ... ok
test mir_and_direct_json_preserve_exact_nested_task_ancestry ... ok
test mir_and_direct_json_use_the_same_typed_call_and_task_frames ... ok
test standalone_direct_human_trap_keeps_frames_and_runs_cleanup_once ... ok
test structured_frames_keep_imported_function_paths_on_both_backends ... ok

test result: ok. 6 passed; 0 failed; 0 ignored; 0 measured; 0 filtered out; finished in 12.48s

     Running tests/native_codegen_acceptance.rs (target/llvm-cov-target/debug/deps/native_codegen_acceptance-8c62d88eef592fb7)

running 1 test
test public_object_codegen_infers_host_and_wait_result_types ... ok

test result: ok. 1 passed; 0 failed; 0 ignored; 0 measured; 0 filtered out; finished in 0.02s

     Running tests/packages.rs (target/llvm-cov-target/debug/deps/packages-faa1cea841716fc3)

running 8 tests
test deps_update_preserves_the_compiler_diagnostic_code ... ok
test deps_update_refreshes_a_specific_git_dependency_only ... ok
test deps_update_refreshes_all_git_dependencies_in_the_current_package ... ok
test maintained_package_examples_run_through_cli_commands ... ok
test manifest_aware_cli_commands_support_git_dependencies ... ok
test manifest_aware_cli_commands_support_path_dependencies ... ok
test manifest_aware_stdin_analysis_and_completion_support_git_dependencies ... ok
test manifest_aware_stdin_analysis_and_completion_support_path_dependencies ... ok

test result: ok. 8 passed; 0 failed; 0 ignored; 0 measured; 0 filtered out; finished in 9.56s

     Running tests/process_diagnostic_codes.rs (target/llvm-cov-target/debug/deps/process_diagnostic_codes-7801298f21bec687)

running 1 test
test process_completed_text_decoding_is_au4005_on_mir_and_direct_backends ... ok

test result: ok. 1 passed; 0 failed; 0 ignored; 0 measured; 0 filtered out; finished in 4.24s

     Running unittests src/lib.rs (target/llvm-cov-target/debug/deps/aura_compiler-a1af07a7215d2a39)

running 1885 tests
test analysis::tests::adr0038_analysis_callee_resolution_handles_grouping_shadowing_and_arity ... ok
test analysis::tests::adr0038_analysis_exposes_view_provenance_and_return_contracts ... ok
test analysis::tests::adr0038_analysis_resolves_imported_returned_views_and_nested_type_arguments ... ok
test analysis::tests::adr0038_analysis_resolves_unambiguous_bounded_trait_returned_view_methods ... ok
test analysis::tests::adr0038_analysis_specializes_returned_view_methods_and_preserves_origins ... ok
test analysis::tests::adr0038_analysis_substitutes_trait_arguments_and_grouped_specialized_callees ... ok
test analysis::tests::adr0038_analysis_traces_grouped_and_forwarded_view_origins ... ok
test analysis::tests::adr0038_analysis_tracks_capture_identifiers_and_recovers_partial_capture_completion ... ok
test analysis::tests::adr0038_analysis_view_source_helpers_cover_place_shapes_and_recovery ... ok
test analysis::tests::adr0038_capture_recovery_ignores_quoted_delimiters_and_stale_capture_names ... ok
test analysis::tests::adr0038_completion_recovers_multiline_capture_list_boundaries ... ok
test analysis::tests::adr0038_completion_recovers_multiline_lambda_capture_lists ... ok
test analysis::tests::adr0038_completion_scope_retains_view_bindings_and_sources ... ok
test analysis::tests::analysis_and_completion_report_public_length_members_as_int64 ... ok
test analysis::tests::analysis_builtin_completion_and_statement_helpers_cover_remaining_branches ... ok
test analysis::tests::analysis_builtin_member_types_cover_io_network_and_process_surfaces ... ok
test analysis::tests::analysis_completion_and_inference_helpers_cover_builtin_collection_and_enum_surfaces ... ok
test analysis::tests::analysis_completion_helpers_cover_top_level_module_and_enum_surfaces ... ok
test analysis::tests::analysis_exposes_structural_tuple_equality_without_consuming_operands ... ok
test analysis::tests::analysis_helper_functions_cover_formatting_ranges_and_builtin_surface ... ok
test analysis::tests::analysis_ignores_builtin_omitted_defaults_outside_source_inference ... ok
test analysis::tests::analysis_import_and_match_resolution_helpers_cover_fallbacks ... ok
test analysis::tests::analysis_infers_canonical_concrete_type_for_user_generic_specialization ... ok
test analysis::tests::analysis_infers_enumerate_and_zip_loop_binding_types ... ok
test analysis::tests::analysis_maps_tuple_ordering_diagnostic ... ok
test analysis::tests::analysis_member_assignment_without_source_field_range_does_not_emit_occurrence ... ok
test analysis::tests::analysis_preserves_tuple_recovery_for_invalid_patterns_and_grouped_indices ... ok
test analysis::tests::analysis_records_enum_occurrences_nested_inside_tuple_patterns ... ok
test analysis::tests::analysis_records_recursive_tuple_match_bindings_and_body_uses ... ok
test analysis::tests::analysis_records_variant_occurrences_inside_match_patterns ... ok
test analysis::tests::analysis_recovery_helpers_cover_member_error_paths ... ok
test analysis::tests::analysis_recovery_helpers_cover_placeholders_and_receiver_extraction ... ok
test analysis::tests::analysis_recovery_helpers_stop_when_replacement_makes_no_progress ... ok
test analysis::tests::analysis_recovery_only_classifies_code_dots_as_dangling_members ... ok
test analysis::tests::analysis_recovery_replaces_the_multiline_statement_owning_a_dangling_member ... ok
test analysis::tests::analysis_reports_collection_search_and_projection_result_types ... ok
test analysis::tests::analysis_resolves_canonical_enums_from_the_module_registry ... ok
test analysis::tests::analysis_scope_and_call_inference_helpers_cover_methods_assignments_and_builtins ... ok
test analysis::tests::analysis_tracks_annotated_tuple_destructuring_index_types_and_completion_scope ... ok
test analysis::tests::analysis_trait_impl_helpers_cover_generic_bound_resolution ... ok
test analysis::tests::array_analysis_infers_results_and_exposes_constructor_and_member_completions ... ok
test analysis::tests::builtin_module_alias_analysis_uses_the_visible_name_and_canonical_members ... ok
test analysis::tests::builtin_variant_inference_helpers_cover_builtin_constructors_and_unknowns ... ok
test analysis::tests::closure_types_preserve_analysis_shape_unknown_detection_and_call_results ... ok
test analysis::tests::compiler_analysis_accepts_builtin_named_arguments ... ok
test analysis::tests::compiler_analysis_handles_named_wait_any_timeout ... ok
test analysis::tests::compiler_analysis_infers_round_and_divmod_results_and_builtin_hover ... ok
test analysis::tests::compiler_analysis_preserves_real_ownership_diagnostic_metadata ... ok
test analysis::tests::compiler_analysis_reports_provenance_for_representative_ownership_paths ... ok
test analysis::tests::compiler_completion_uses_nested_scopes_for_methods_match_for_and_trait_bounds ... ok
test analysis::tests::compiler_duration_tooling_exposes_static_constructors_and_instance_conversions ... ok
test analysis::tests::compiler_member_completion_for_list_reports_insert_unit_detail ... ok
test analysis::tests::compiler_member_completion_for_map_exposes_map_methods ... ok
test analysis::tests::compiler_member_completion_for_string_exposes_string_methods ... ok
test analysis::tests::compiler_member_completion_includes_trait_impl_methods ... ok
test analysis::tests::compiler_member_completion_returns_class_fields ... ok
test analysis::tests::compiler_member_completion_survives_a_closing_delimiter_and_unrelated_diagnostic ... ok
test analysis::tests::compiler_member_completion_tolerates_dangling_dot_at_eof_buffers ... ok
test analysis::tests::compiler_member_completion_tolerates_dangling_dot_buffers ... ok
test analysis::tests::compiler_member_completion_tolerates_multiple_dangling_dot_buffers ... ok
test analysis::tests::compiler_string_byte_tooling_separates_static_decode_from_instance_encode ... ok
test analysis::tests::compiler_top_level_completion_includes_keywords_and_builtins ... ok
test analysis::tests::complete_path_source_recovers_imported_module_member_completion ... ok
test analysis::tests::completion_keeps_function_scope_through_a_multiline_final_statement ... ok
test analysis::tests::completion_preserves_array_types_through_group_call_index_and_slice_receivers ... ok
test analysis::tests::completion_scope_tracks_nested_statement_bindings ... ok
test analysis::tests::completion_scope_walks_past_if_else_and_while_blocks ... ok
test analysis::tests::completion_uses_expression_and_nested_block_extents_for_final_statements ... ok
test analysis::tests::comprehension_analysis_infers_every_builtin_iterable_target_and_result_shape ... ok
test analysis::tests::comprehension_analysis_uses_execution_scope_and_exact_target_spans ... ok
test analysis::tests::comprehension_completion_finds_the_filter_keyword_by_source_token_position ... ok
test analysis::tests::comprehension_completion_respects_token_boundaries_and_map_output_scope ... ok
test analysis::tests::comprehension_scope_composes_with_contextual_lambda_scope ... ok
test analysis::tests::conditional_expression_analysis_uses_the_contextual_arm_type ... ok
test analysis::tests::conditional_expression_analysis_visits_all_operands_and_keeps_result_type ... ok
test analysis::tests::conditional_expression_result_type_drives_member_completion ... ok
test analysis::tests::conditional_function_type_inference_prefers_concrete_nested_contracts ... ok
test analysis::tests::d3_analysis_reports_canonical_int64_for_aliases_and_defaulted_expressions ... ok
test analysis::tests::d3_assert_analysis_visits_condition_and_lazy_message_without_defining_scope ... ok
test analysis::tests::d5_analysis_renders_canonical_receiver_modes_and_completes_own_keyword ... ok
test analysis::tests::d6_analysis_renders_source_parameter_and_transfer_ownership ... ok
test analysis::tests::fixed_width_integer_completion_exposes_all_shift_arithmetic_modes ... ok
test analysis::tests::function_value_analysis_preserves_symbol_contract_and_indirect_call_result ... ok
test analysis::tests::import_alias_analysis_preserves_visible_names_and_canonical_definitions ... ok
test analysis::tests::incomplete_expression_inference_preserves_stable_editor_types ... ok
test analysis::tests::lambda_analysis_displays_consuming_closure_bindings ... ok
test analysis::tests::lambda_analysis_preserves_parameter_modes_and_vec_map_result_types ... ok
test analysis::tests::lambda_analysis_resolves_parameters_captures_and_closure_bindings ... ok
test analysis::tests::lambda_scope_navigation_follows_every_expression_container_to_its_structural_end ... ok
test analysis::tests::lambda_scope_navigation_reaches_assignment_targets_and_assert_operands ... ok
test analysis::tests::machine_readable_analysis_covers_symbols_and_occurrences ... ok
test analysis::tests::machine_readable_analysis_preserves_zero_based_runtime_frames ... ok
test analysis::tests::machine_readable_analysis_recovers_symbols_for_dangling_dot_at_eof_buffers ... ok
test analysis::tests::machine_readable_analysis_recovers_symbols_for_dangling_dot_buffers ... ok
test analysis::tests::machine_readable_analysis_recovers_symbols_for_multiple_dangling_dot_buffers ... ok
test analysis::tests::machine_readable_analysis_reports_diagnostics ... ok
test analysis::tests::math_analysis_completes_and_hovers_the_exact_public_surface ... ok
test analysis::tests::math_analysis_exposes_qualified_and_aliased_constant_details ... ok
test analysis::tests::membership_and_comparison_chain_operands_keep_analysis_coverage ... ok
test analysis::tests::module_constants_are_symbols_hover_targets_and_completions ... ok
test analysis::tests::nested_written_function_types_drive_completion_scope_and_json_schema ... ok
test analysis::tests::p64_extern_items_are_preserved_in_machine_readable_symbols ... ok
test analysis::tests::p64_path_analysis_exposes_imported_extern_members_and_handle_types ... ok
test analysis::tests::p64_path_analysis_exposes_local_extern_completions_hovers_and_definitions ... ok
test analysis::tests::path_analysis_infers_imported_function_values_and_member_call_results ... ok
test analysis::tests::path_aware_analysis_handles_large_repo_scratch_corpus_without_panicking ... ok
test analysis::tests::path_aware_analysis_preserves_same_leaf_imported_generic_class_identity ... ok
test analysis::tests::path_aware_analysis_tracks_definitions_for_namespace_imported_symbols ... ok
test analysis::tests::path_aware_analysis_tracks_imported_function_field_and_trait_method_definitions ... ok
test analysis::tests::path_named_random_keeps_user_rng_analysis_distinct_from_the_builtin ... ok
test analysis::tests::phase6_analysis_specializes_vec_map_and_explicit_generic_module_results ... ok
test analysis::tests::phase72_slice_analysis_visits_bounds_and_preserves_owned_result_types ... ok
test analysis::tests::phase72_slice_completion_recovers_call_bases_and_delimiters_inside_strings ... ok
test analysis::tests::phase72_slice_result_type_drives_member_completion_during_an_incomplete_edit ... ok
test analysis::tests::queue_timeout_analysis_does_not_treat_queue_receive_or_ms_as_unknown ... ok
test analysis::tests::random_analysis_exposes_single_rng_binding_and_stateful_members ... ok
test analysis::tests::s1_frontend_analysis_resolves_trait_symbols_and_integer_round_results ... ok
test analysis::tests::s1_frontend_range_loop_analysis_matches_the_int64_index_domain ... ok
test analysis::tests::s1_frontend_specialized_collection_completion_reports_the_concrete_result_type ... ok
test analysis::tests::top_level_completion_scope_respects_constant_initialization_phase ... ok
test analysis::tests::typed_select_analysis_exposes_inferred_outcomes_and_builtin_surface ... ok
test analysis::tests::typed_select_analysis_withholds_types_for_invalid_or_ambiguous_sources ... ok
test analysis::tests::user_defined_rng_completion_uses_only_its_declared_surface ... ok
test analysis::tests::written_function_type_aliases_are_canonical_in_completion_scope ... ok
test ast::tests::adding_conditional_expressions_preserves_existing_expression_json_shapes ... ok
test ast::tests::conditional_expression_json_shape_names_all_three_operands ... ok
test ast::tests::dummy_helpers_cover_receiver_and_none_defaults ... ok
test ast::tests::for_stmt_json_preserves_simple_binding_shape_and_exposes_tuple_targets ... ok
test ast::tests::function_type_convenience_constructor_preserves_parameter_spans_and_default_capability ... ok
test ast::tests::function_type_pretty_json_preserves_the_public_wire_shape ... ok
test ast::tests::item_name_matches_decl_name ... ok
test ast::tests::membership_and_comparison_chain_json_shapes_are_stable ... ok
test ast::tests::owned_slice_json_keeps_omitted_endpoints_and_colon_span_explicit ... ok
test ast::tests::tuple_ast_nodes_are_structural_and_keep_binding_spans ... ok
test ast::tests::type_ref_json_preserves_named_tuple_and_function_shapes ... ok
test builtin_modules::tests::builtin_imported_binding_reports_unknown_builtin_module_paths ... ok
test builtin_modules::tests::builtin_imported_binding_resolves_exports_and_reports_missing_names ... ok
test builtin_modules::tests::builtin_type_lowering_preserves_nested_function_signatures ... ok
test builtin_modules::tests::bytes_namespace_exposes_shared_byte_vector_codecs_and_typed_errors ... ok
test builtin_modules::tests::control_namespace_exposes_generic_retry_contract_and_defaults ... ok
test builtin_modules::tests::host_builtin_metadata_covers_module_functions_and_associated_string_codecs ... ok
test builtin_modules::tests::json_namespace_exposes_dynamic_tree_contract ... ok
test builtin_modules::tests::math_namespace_exposes_exact_generic_float64_constants ... ok
test builtin_modules::tests::math_namespace_exposes_the_exact_float64_function_contract ... ok
test builtin_modules::tests::random_namespace_exposes_one_opaque_rng_type_and_secure_functions ... ok
test bytes_codec::tests::allocation_budget_and_host_capacity_failures_use_the_same_resource_category ... ok
test bytes_codec::tests::base64_decoder_allocates_only_the_exact_decoded_length ... ok
test bytes_codec::tests::base64_decoding_requires_standard_canonical_encoding_and_exact_offsets ... ok
test bytes_codec::tests::base64_matches_the_rfc_4648_vectors ... ok
test bytes_codec::tests::base64_round_trips_arbitrary_bytes ... ok
test bytes_codec::tests::codec_errors_have_stable_user_facing_messages_and_categories ... ok
test bytes_codec::tests::every_allocating_operation_reports_a_resource_failure_without_partial_output ... ok
test bytes_codec::tests::every_byte_round_trips_through_hex ... ok
test bytes_codec::tests::expanded_length_checks_pin_the_exact_codec_safety_ceiling_without_allocating ... ok
test bytes_codec::tests::hashing_a_string_uses_its_utf8_representation ... ok
test bytes_codec::tests::hex_decoding_is_strict_and_reports_byte_offsets_before_allocating ... ok
test bytes_codec::tests::hex_encoding_is_lowercase_and_decoding_accepts_both_cases ... ok
test bytes_codec::tests::sha256_returns_raw_standard_digest_bytes ... ok
test bytes_codec::tests::string_conversion_uses_exact_utf8_bytes_and_does_not_modify_the_input ... ok
test bytes_codec::tests::string_from_bytes_rejects_invalid_utf8_at_the_first_invalid_byte ... ok
test call::tests::array_call_metadata_pins_constructors_members_and_integer_modes ... ok
test call::tests::associated_call_metadata_covers_duration_constructors_and_string_byte_decoding ... ok
test call::tests::bind_call_arguments_reports_named_binding_errors ... ok
test call::tests::builtin_function_bind_args_cover_remaining_variants ... ok
test call::tests::builtin_function_call_shapes_expose_bare_shared_argument_metadata ... ok
test call::tests::builtin_function_metadata_and_binding_surface_are_stable ... ok
test call::tests::builtin_member_call_shapes_declare_receiver_argument_and_variadic_passing ... ok
test call::tests::builtin_member_io_network_and_process_bindings_cover_argument_shapes ... ok
test call::tests::builtin_member_io_network_and_process_metadata_is_stable ... ok
test call::tests::builtin_member_metadata_resolution_and_binding_surface_are_stable ... ok
test call::tests::call_binding_helpers_cover_argument_count_and_decl_metadata_paths ... ok
test call::tests::call_metadata_helpers_cover_argument_count_and_doc_surface ... ok
test call::tests::callable_params_follow_default_presence ... ok
test call::tests::concurrency_builtin_docs_teach_transfer_and_single_consumer_contracts ... ok
test call::tests::concurrency_builtin_surface_uses_structured_wait_helpers_only ... ok
test call::tests::integer_and_array_arithmetic_hover_contracts_name_each_operation ... ok
test call::tests::keyword_only_binding_rejects_positional_arguments ... ok
test call::tests::list_indexed_mutation_hover_docs_match_runtime_behavior ... ok
test call::tests::positional_or_named_binding_orders_arguments ... ok
test call::tests::random_call_metadata_covers_opaque_construction_and_mutating_members ... ok
test call::tests::s1_frontend_canonical_collection_associated_metadata_is_exact_and_bindable ... ok
test call::tests::s1_frontend_canonical_membership_metadata_names_dict_and_set_behavior_plainly ... ok
test call::tests::variadic_task_group_binding_preserves_order_and_rejects_keyword_arguments ... ok
test diag::tests::an_empty_runtime_frame_snapshot_is_still_complete ... ok
test diag::tests::assertion_operand_values_are_bounded_to_4096_utf8_bytes ... ok
test diag::tests::assertion_operands_are_typed_structured_fields_and_human_notes ... ok
test diag::tests::diagnostic_code_registry_is_unique_banded_and_append_only_shaped ... ok
test diag::tests::renders_annotated_diagnostics_with_source_context ... ok
test diag::tests::renders_unspanned_and_out_of_range_diagnostics ... ok
test diag::tests::runtime_boundary_normalization_keeps_runtime_diagnostics_in_the_runtime_band ... ok
test diag::tests::runtime_frames_capture_once_clone_and_render_without_polluting_notes ... ok
test diag::tests::structured_diagnostics_always_serialize_typed_runtime_frame_arrays ... ok
test diag::tests::structured_diagnostics_preserve_codes_labels_help_and_edits ... ok
test diag::tests::structured_runtime_frames_use_the_report_path_when_source_paths_are_absent ... ok
test diag::tests::uncoded_constructors_assign_stable_phase_banded_codes ... ok
test ffi::tests::empty_views_use_null_pointers_with_zero_lengths ... ok
test ffi::tests::marshals_every_fixed_width_scalar_argument ... ok
test ffi::tests::mutable_byte_view_writes_back_without_allowing_a_length_change ... ok
test ffi::tests::mutable_view_writes_back_even_when_return_validation_fails ... ok
test ffi::tests::opaque_handle_round_trips_but_a_null_return_is_rejected ... ok
test ffi::tests::passes_utf8_strings_and_byte_vectors_as_pointer_length_views ... ok
test ffi::tests::rejected_argument_diagnostics_name_every_ffi_v0_boundary_type ... ok
test ffi::tests::rejects_arity_type_and_view_return_contract_errors_before_calling_host_code ... ok
test ffi::tests::resolves_process_global_system_symbols_and_reports_lookup_failures ... ok
test ffi::tests::unmarshals_every_fixed_width_scalar_return ... ok
test integer::tests::checked_arithmetic_preserves_common_width_and_exposes_out_of_width_results_for_validation ... ok
test integer::tests::checked_integer_power_preserves_width_and_reports_domain_and_overflow ... ok
test integer::tests::d3_negative_literal_default_is_int64_and_does_not_widen_implicitly ... ok
test integer::tests::every_integer_kind_validates_shift_counts_and_preserves_width_semantics ... ok
test integer::tests::fixed_width_bitwise_and_shift_helpers_obey_the_accepted_contract ... ok
test integer::tests::integer_floor_division_and_modulo_follow_the_divisor_sign ... ok
test integer::tests::integer_value_helpers_cover_division_remainder_comparisons_and_bounds ... ok
test integer::tests::runtime_integer_kinds_report_every_language_integer_name ... ok
test integer::tests::s1_frontend_bitwise_operations_preserve_every_runtime_integer_width ... ok
test integer::tests::s1_frontend_unsigned_integer_power_preserves_the_declared_runtime_width ... ok
test integer::tests::saturating_integer_arithmetic_clamps_to_the_declared_bounds ... ok
test integer::tests::typed_integer_constructors_enforce_each_declared_width ... ok
test integer::tests::typed_integer_metadata_survives_copy_containers_and_serde ... ok
test integer::tests::width_arithmetic_obeys_every_declared_integer_boundary ... ok
test integer::tests::wrapping_integer_arithmetic_preserves_declared_width_and_wraps_at_both_bounds ... ok
test json_codec::tests::bounded_numeric_writer_flush_is_transparent_and_preserves_followup_writes ... ok
test json_codec::tests::codec_errors_have_stable_user_facing_messages ... ok
test json_codec::tests::decoder_adapter_diagnostics_remain_specific_and_source_anchored ... ok
test json_codec::tests::depth_limit_precedes_later_parse_validation ... ok
test json_codec::tests::dump_object_sort_scratch_allocation_failure_is_reported ... ok
test json_codec::tests::dumps_is_sorted_compact_or_exactly_indented_and_preserves_integer_spelling ... ok
test json_codec::tests::dumps_rejects_invalid_indent_nonfinite_values_depth_and_output_overflow ... ok
test json_codec::tests::dumps_uses_canonical_escapes_for_named_and_other_control_characters ... ok
test json_codec::tests::duplicate_object_keys_keep_the_first_slot_and_last_value ... ok
test json_codec::tests::empty_objects_parse_as_empty_objects ... ok
test json_codec::tests::eof_syntax_errors_point_immediately_after_the_final_source_scalar ... ok
test json_codec::tests::exact_number_lexemes_select_int_or_float_without_losing_i64_boundaries ... ok
test json_codec::tests::exponent_lexemes_beyond_i128_preserve_overflow_and_underflow_semantics ... ok
test json_codec::tests::full_parse_and_dumps_entry_points_enforce_exact_byte_cap_boundaries ... ok
test json_codec::tests::input_and_depth_limits_accept_the_exact_boundary_without_large_allocations ... ok
test json_codec::tests::iterative_dumps_handles_empty_and_nonempty_containers_in_both_layouts ... ok
test json_codec::tests::large_unique_objects_use_one_hash_index_probe_per_entry ... ok
test json_codec::tests::materialized_value_node_limit_accepts_the_exact_boundary_and_rejects_the_next_node ... ok
test json_codec::tests::parse_errors_are_structured_with_exact_source_locations ... ok
test json_codec::tests::parse_materializes_every_json_value_kind_and_preserves_object_order ... ok
test json_codec::tests::serde_arbitrary_precision_marker_is_preserved_as_a_real_object_key ... ok
test json_codec::tests::syntax_errors_take_precedence_over_later_number_like_text ... ok
test json_codec::tests::tree_construction_allocation_failures_keep_the_allocation_error_category ... ok
test lexer::tests::d4_lexer_accepts_single_quoted_strings_with_shared_escape_semantics ... ok
test lexer::tests::d4_lexer_reports_single_quoted_string_diagnostics_at_the_literal_span ... ok
test lexer::tests::d4_lexer_tracks_single_quoted_strings_inside_fstring_interpolations ... ok
test lexer::tests::delimited_match_closer_indentation_is_continuation_formatting ... ok
test lexer::tests::delimited_match_layout_island_emits_only_the_match_suite_layout ... ok
test lexer::tests::delimiter_diagnostics_pair_closers_and_eof_with_the_opening_span ... ok
test lexer::tests::delimiter_nesting_limit_is_a_lexical_error_at_the_next_opener ... ok
test lexer::tests::delimiters_inside_strings_fstrings_and_comments_do_not_affect_continuation ... ok
test lexer::tests::duration_literals_scale_to_nonnegative_i128_nanoseconds_at_each_unit_boundary ... ok
test lexer::tests::fstring_prefix_diagnostics_teach_the_supported_single_line_form ... ok
test lexer::tests::invalid_integer_base_digits_and_separator_positions_are_au1001 ... ok
test lexer::tests::lexer_covers_extended_escape_brace_float_and_identifier_edges ... ok
test lexer::tests::lexer_covers_successful_escape_decoding_and_signed_duration_range_failures ... ok
test lexer::tests::lexer_decodes_extended_string_escape_sequences ... ok
test lexer::tests::lexer_ignores_a_utf8_bom_at_the_start_of_the_source ... ok
test lexer::tests::lexer_reports_exact_truncated_escape_and_numeric_boundary_diagnostics ... ok
test lexer::tests::lexer_reports_fstring_interpolation_depth_limit ... ok
test lexer::tests::lexer_reports_precise_spans_for_dedents_eof_and_errors ... ok
test lexer::tests::lexes_exact_triple_quoted_and_raw_string_values ... ok
test lexer::tests::lexes_indentation_and_skips_blank_or_comment_lines ... ok
test lexer::tests::lexes_integer_base_prefixes_and_between_digit_separators ... ok
test lexer::tests::lexes_keywords_operators_and_delimiters ... ok
test lexer::tests::lexes_nested_interpolations_and_reports_duration_overflow ... ok
test lexer::tests::lexes_single_token_and_trailing_comment_cases ... ok
test lexer::tests::lexes_strings_fstrings_numbers_and_durations ... ok
test lexer::tests::multiline_triple_string_escape_errors_point_at_the_later_physical_line ... ok
test lexer::tests::nested_delimiters_inside_a_delimited_match_arm_remain_continuations ... ok
test lexer::tests::newline_continuation_ignores_blank_and_comment_only_physical_lines ... ok
test lexer::tests::newline_continuation_ignores_physical_indent_and_resumes_outer_layout ... ok
test lexer::tests::newline_continuation_suppresses_layout_inside_all_delimiter_kinds ... ok
test lexer::tests::physical_tabs_are_content_only_inside_triple_quoted_strings ... ok
test lexer::tests::rejects_unterminated_triple_and_odd_terminal_raw_backslashes ... ok
test lexer::tests::reports_lex_errors_for_tabs_bad_indentation_and_invalid_sequences ... ok
test lexer::tests::s1_frontend_fstring_interpolation_keeps_braces_inside_triple_quoted_arguments ... ok
test lexer::tests::s1_frontend_fstrings_preserve_escaped_braces_and_decode_ordinary_escapes ... ok
test lexer::tests::s1_frontend_numeric_literal_failures_name_overflow_and_duration_separator_rules ... ok
test lexer::tests::s1_frontend_physical_tabs_in_single_line_string_forms_report_the_same_source_error ... ok
test lexer::tests::s1_frontend_raw_string_diagnostics_distinguish_unsupported_triples_and_missing_terminators ... ok
test mir::tests::adr0038_branch_local_view_ids_and_existing_view_capture_sources_are_distinct ... ok
test mir::tests::adr0038_cleanup_ends_local_loans_before_early_exit ... ok
test mir::tests::adr0038_closure_capture_lowering_preserves_each_loan_mode ... ok
test mir::tests::adr0038_contextual_returned_call_projections_cross_control_flow_shapes ... ok
test mir::tests::adr0038_deep_symbolic_returned_view_contracts_fail_closed_without_stack_overflow ... ok
test mir::tests::adr0038_every_reachable_returned_view_path_requires_a_loan_handoff ... ok
test mir::tests::adr0038_forwarded_returned_call_projections_use_composed_loans ... ok
test mir::tests::adr0038_generic_trait_member_calls_retain_authoritative_trait_identity ... ok
test mir::tests::adr0038_generic_trait_views_and_early_return_cleanup_lower_without_panics ... ok
test mir::tests::adr0038_imported_returned_view_forwarding_uses_the_declaration_owner ... ok
test mir::tests::adr0038_loan_identifiers_and_active_descriptor_names_are_bounded ... ok
test mir::tests::adr0038_loan_validator_rejects_alias_spelling_moves_and_use_after_end ... ok
test mir::tests::adr0038_loan_validator_rejects_capability_forgery_and_unbalanced_paths ... ok
test mir::tests::adr0038_malformed_mir_loan_instruction_diagnostics_are_specific ... ok
test mir::tests::adr0038_member_effect_validation_uses_declared_receiver_passing ... ok
test mir::tests::adr0038_mir_reborrow_and_returned_projections_are_canonical_and_type_valid ... ok
test mir::tests::adr0038_mir_structure_is_validated_before_reachability ... ok
test mir::tests::adr0038_module_qualified_returned_views_keep_exported_origin_metadata ... ok
test mir::tests::adr0038_multi_alternative_returned_view_captures_resolve_the_selected_source ... ok
test mir::tests::adr0038_mutable_member_receivers_cannot_redirect_writeback ... ok
test mir::tests::adr0038_nested_fixed_places_render_without_placeholder_segments ... ok
test mir::tests::adr0038_public_mir_rejects_forged_call_argument_contracts ... ok
test mir::tests::adr0038_public_mir_rejects_forged_function_and_method_declarations ... ok
test mir::tests::adr0038_public_mir_rejects_mutable_argument_writeback_forgery ... ok
test mir::tests::adr0038_public_mir_rejects_mutable_capture_escalation_from_shared_input ... ok
test mir::tests::adr0038_public_mir_rejects_mutable_member_receiver_contract_forgery ... ok
test mir::tests::adr0038_public_mir_rejects_named_function_signature_forgery ... ok
test mir::tests::adr0038_public_mir_rejects_suspended_locked_and_overlapping_loan_accesses ... ok
test mir::tests::adr0038_reborrow_expansion_has_cumulative_work_and_active_state_budgets ... ok
test mir::tests::adr0038_recursive_returned_view_cycles_use_a_conservative_root_descriptor ... ok
test mir::tests::adr0038_return_loan_is_linear_and_returned_paths_are_bounded ... ok
test mir::tests::adr0038_returned_contract_analysis_bounds_cumulative_alias_expansion ... ok
test mir::tests::adr0038_returned_contract_analysis_rejects_inconsistent_and_invalid_descriptors ... ok
test mir::tests::adr0038_returned_loan_handoffs_are_bound_to_the_exact_callee_contract ... ok
test mir::tests::adr0038_returned_loan_handoffs_may_narrow_authorized_projection_alternatives ... ok
test mir::tests::adr0038_returned_method_views_and_immediate_call_reborrows_lower_explicitly ... ok
test mir::tests::adr0038_returned_view_contracts_preserve_local_descriptor_suffixes ... ok
test mir::tests::adr0038_returned_view_descendant_captures_resolve_the_selected_source ... ok
test mir::tests::adr0038_returned_view_projection_helpers_cover_every_place_and_control_shape ... ok
test mir::tests::adr0038_specialized_generic_returned_views_ignore_same_named_impl_order ... ok
test mir::tests::adr0038_symbolic_contract_budget_rejects_direct_resource_overflow ... ok
test mir::tests::adr0038_unreachable_return_loans_cannot_expand_callee_authority ... ok
test mir::tests::adr0038_view_lowering_uses_explicit_loan_operations ... ok
test mir::tests::array_and_builtin_associated_results_retain_checked_types_in_mir ... ok
test mir::tests::assertion_introspection_captures_supported_binary_and_membership_operands ... ok
test mir::tests::assertion_introspection_evaluates_once_left_to_right_and_renders_before_lazy_message ... ok
test mir::tests::assertion_introspection_excludes_conditions_without_two_operand_semantics ... ok
test mir::tests::assertion_introspection_requires_shared_custom_comparison_dispatch ... ok
test mir::tests::assertions_lower_to_lazy_failure_blocks_with_keyword_spans ... ok
test mir::tests::canonical_list_calls_preserve_value_types_and_widen_only_index_arguments ... ok
test mir::tests::canonical_numeric_constants_formats_and_patterns_preserve_exact_mir_types ... ok
test mir::tests::closure_callbacks_and_task_targets_lower_through_shared_callable_contracts ... ok
test mir::tests::comprehensions_lower_to_owned_collection_literals_nested_loops_and_insertion_calls ... ok
test mir::tests::comprehensions_preserve_checked_iterator_ownership_and_generated_lambda_context ... ok
test mir::tests::conditional_expressions_lower_to_a_typed_branch_and_join ... ok
test mir::tests::conditional_result_inference_uses_the_concrete_arm_in_either_position ... ok
test mir::tests::consuming_bind_only_tuple_patterns_do_not_clone_elements_during_matching ... ok
test mir::tests::consuming_match_uses_a_private_owner_and_destructive_payload_operands ... ok
test mir::tests::consuming_mixed_tuple_patterns_take_owned_elements_and_copy_scalar_bindings ... ok
test mir::tests::contextual_none_equality_lowers_none_as_option_variants ... ok
test mir::tests::control_retry_is_materialized_only_when_imported_and_has_a_real_callable_body ... ok
test mir::tests::control_retry_lowers_to_shared_indirect_calls_and_runtime_policy_adapters ... ok
test mir::tests::copy_tuple_indexing_projects_without_partial_move_mir ... ok
test mir::tests::d3_mir_canonicalizes_int_and_defaults_unhinted_integer_values_to_int64 ... ok
test mir::tests::d6_mir_uses_declaration_resolved_parameter_conventions ... ok
test mir::tests::d6_shared_default_temporary_lives_through_the_call ... ok
test mir::tests::duration_builtin_operator_matrix_takes_precedence_over_traits ... ok
test mir::tests::duration_constructors_and_conversions_lower_to_canonical_call_targets ... ok
test mir::tests::duration_nanoseconds_lower_to_an_exact_i128_operand ... ok
test mir::tests::duration_operators_with_integer_literals_keep_heterogeneous_builtin_types ... ok
test mir::tests::every_for_loop_shape_has_exactly_one_safepoint_latch ... ok
test mir::tests::every_ordinary_for_form_uses_a_fresh_scoped_target_slot ... ok
test mir::tests::extern_calls_lower_to_explicit_abi_metadata_without_synthetic_function_bodies ... ok
test mir::tests::extern_view_and_shared_handle_calls_preserve_exact_mir_contracts ... ok
test mir::tests::generic_operator_calls_retain_the_authoritative_trait_identity ... ok
test mir::tests::generic_supertrait_calls_retain_the_declaring_trait_identity ... ok
test mir::tests::generic_tuple_type_helpers_preserve_nested_parameters_and_structure ... ok
test mir::tests::grouped_tuple_index_and_set_destructure_execute_through_mir ... ok
test mir::tests::guarded_consuming_or_pattern_commits_with_destructive_payload_operands ... ok
test mir::tests::heterogeneous_ordinary_for_bindings_use_distinct_scoped_typed_slots ... ok
test mir::tests::imported_class_and_enum_lookup_rejects_ambiguous_unqualified_names ... ok
test mir::tests::imported_comprehensions_resolve_owner_qualified_result_metadata ... ok
test mir::tests::imported_extern_calls_lower_from_and_qualified_names_without_wrapper_bodies ... ok
test mir::tests::imported_generic_rng_holders_keep_distinct_canonical_mir_identities ... ok
test mir::tests::imported_lambdas_resolve_owner_qualified_metadata_and_lifted_function_ids ... ok
test mir::tests::imported_module_class_collection_walks_nested_namespaces ... ok
test mir::tests::imported_task_targets_preserve_contextual_and_static_specialization ... ok
test mir::tests::imported_trait_impl_collection_deduplicates_equivalent_impls ... ok
test mir::tests::indexed_compound_assignment_results_keep_the_collection_element_type ... ok
test mir::tests::integer_call_equality_keeps_each_call_temporary_at_its_declared_type ... ok
test mir::tests::json_dump_failures_keep_their_documented_mir_trap_codes ... ok
test mir::tests::json_dumps_omitted_indent_materializes_option_none_in_checked_mir ... ok
test mir::tests::json_named_and_default_arguments_preserve_source_evaluation_order ... ok
test mir::tests::json_owned_accessors_accept_rvalue_temporaries ... ok
test mir::tests::json_owned_accessors_lower_noncopy_places_without_snapshot_clones ... ok
test mir::tests::json_parse_dump_and_accessors_execute_through_the_mir_runtime ... ok
test mir::tests::json_runtime_enums_keep_their_module_qualified_identity ... ok
test mir::tests::list_algorithms_execute_stably_in_order_and_preserve_their_shared_source ... ok
test mir::tests::list_algorithms_lower_callbacks_to_ordinary_indirect_calls_before_mutation ... ok
test mir::tests::lower_path_to_mir_covers_imported_module_surface ... ok
test mir::tests::lower_source_to_mir_covers_broad_control_flow_and_collection_surface ... ok
test mir::tests::lowerer_constructor_inference_and_for_fallback_cover_unchecked_edges ... ok
test mir::tests::lowerer_direct_collection_literals_cover_uninferred_set_and_map_exprs ... ok
test mir::tests::lowerer_direct_pattern_helpers_cover_defensive_variant_and_literal_edges ... ok
test mir::tests::lowerer_module_resolution_and_rendering_helpers_cover_imported_paths ... ok
test mir::tests::lowerer_trait_and_member_type_helpers_cover_trait_bounds_and_variants ... ok
test mir::tests::mir_closure_conversion_preserves_capture_metadata_and_uses_value_calls ... ok
test mir::tests::mir_function_value_helpers_preserve_nested_types_and_imported_specialization ... ok
test mir::tests::mir_function_value_lowering_preserves_defaults_and_capabilities ... ok
test mir::tests::mir_functions_preserve_defining_paths_with_source_only_fallback_remaining_absent ... ok
test mir::tests::mir_helper_functions_cover_builtin_ops_and_type_lowering ... ok
test mir::tests::mir_projection_and_unknown_type_helpers_preserve_fallback_contracts ... ok
test mir::tests::mir_types_public_length_members_as_int64 ... ok
test mir::tests::module_constant_comprehension_receiver_metadata_tracks_the_materialized_collection ... ok
test mir::tests::module_constant_index_receiver_metadata_tracks_the_materialized_collection ... ok
test mir::tests::mutable_guarded_or_match_expression_writes_back_before_the_next_arm ... ok
test mir::tests::mutable_vec_writeback_precedes_its_single_safepoint_latch ... ok
test mir::tests::nested_and_copy_tuple_patterns_preserve_binding_ownership ... ok
test mir::tests::nested_closure_conversion_nests_environment_types_and_lifted_call_abis ... ok
test mir::tests::nested_while_loops_have_distinct_single_safepoint_latches ... ok
test mir::tests::non_copy_destructure_consumes_the_whole_source_then_takes_captured_elements ... ok
test mir::tests::noncopy_value_flow_lowers_to_explicit_moves_while_copy_payloads_stay_reads ... ok
test mir::tests::ordinary_for_target_scope_starts_after_iterable_evaluation ... ok
test mir::tests::own_user_and_trait_receivers_lower_as_explicit_moves ... ok
test mir::tests::owned_conditional_values_move_only_the_selected_arm_into_the_join ... ok
test mir::tests::owned_operator_receiver_metadata_tracks_the_snapshot_operand ... ok
test mir::tests::owned_slice_lowering_preserves_endpoint_presence_and_source_order ... ok
test mir::tests::path_named_random_keeps_local_and_imported_user_rng_classes_out_of_builtin_lowering ... ok
test mir::tests::projected_copy_member_receiver_metadata_tracks_the_materialized_value ... ok
test mir::tests::projected_source_reads_do_not_register_projection_paths_as_mir_locals ... ok
test mir::tests::queue_and_owned_collection_iteration_lower_destructive_yields ... ok
test mir::tests::queue_iteration_receiver_metadata_tracks_the_materialized_handle ... ok
test mir::tests::random_rng_constructor_and_projected_shuffle_lower_with_mutable_writeback ... ok
test mir::tests::retained_process_and_http_builtin_arguments_lower_with_owned_operands ... ok
test mir::tests::task_group_captures_use_owned_operands_for_bare_and_own_target_params ... ok
test mir::tests::task_group_generic_starts_preserve_specialized_result_types_and_repeatability ... ok
test mir::tests::task_group_stack_override_lowers_stack_operand_and_named_target_arguments ... ok
test mir::tests::task_group_start_records_copyability_of_the_result_type ... ok
test mir::tests::task_observations_and_waits_move_only_nonrepeatable_rights ... ok
test mir::tests::task_target_context_does_not_reinterpret_ordinary_or_invalid_indices ... ok
test mir::tests::task_target_inference_rejects_conflicting_argument_types_before_lowering ... ok
test mir::tests::task_target_specialization_preserves_tuple_qualified_and_inferred_types ... ok
test mir::tests::tuple_for_targets_project_the_iteration_value_before_the_body ... ok
test mir::tests::tuple_literal_elements_use_the_explicit_tuple_annotation_context ... ok
test mir::tests::tuple_literals_capture_each_element_left_to_right_before_construction ... ok
test mir::tests::tuple_patterns_lower_through_element_cfg_not_enum_match ... ok
test mir::tests::typed_select_lowers_sources_in_order_and_moves_only_nonrepeatable_task_rights ... ok
test mir::tests::typed_select_queue_and_deadline_outcomes_execute_through_mir ... ok
test mir::tests::while_backedge_paths_converge_at_one_safepoint_and_break_bypasses_it ... ok
test mir_runtime::tests::adr0038_condition_edges_and_branch_local_views_balance_the_runtime_ledger ... ok
test mir_runtime::tests::adr0038_dynamic_returned_view_closure_captures_keep_the_selected_descriptor ... ok
test mir_runtime::tests::adr0038_forwarded_returned_views_preserve_the_transferred_projection ... ok
test mir_runtime::tests::adr0038_generic_returned_view_forwarding_uses_declaration_context ... ok
test mir_runtime::tests::adr0038_grouped_specialized_forwarding_retains_its_projection ... ok
test mir_runtime::tests::adr0038_mir_loan_environment_covers_alias_resolution_and_nested_place_errors ... ok
test mir_runtime::tests::adr0038_mir_returned_loan_instruction_reports_handoff_errors_and_root_projection ... ok
test mir_runtime::tests::adr0038_mutable_closure_capture_writes_back_to_its_live_source ... ok
test mir_runtime::tests::adr0038_mutable_views_write_through_and_reborrows_share_one_place ... ok
test mir_runtime::tests::adr0038_nested_and_projected_returned_calls_compose_descriptors ... ok
test mir_runtime::tests::adr0038_nested_last_uses_end_in_the_selected_control_flow_path ... ok
test mir_runtime::tests::adr0038_parameterized_trait_forwarding_narrows_the_caller_descriptor ... ok
test mir_runtime::tests::adr0038_public_mir_runtime_validates_loan_authority_before_execution ... ok
test mir_runtime::tests::adr0038_return_cleanup_alias_forwarding_and_view_capture_remain_live ... ok
test mir_runtime::tests::adr0038_returned_view_descendants_compose_through_captures_and_forwarding ... ok
test mir_runtime::tests::adr0038_returned_view_handoffs_survive_reentrant_cleanup_calls ... ok
test mir_runtime::tests::adr0038_returned_views_keep_the_callers_origin ... ok
test mir_runtime::tests::adr0038_runtime_loan_ledger_enforces_capability_and_parent_lifecycle ... ok
test mir_runtime::tests::adr0038_runtime_loan_ledger_rejects_invalid_identity_and_shared_constant_moves ... ok
test mir_runtime::tests::adr0038_runtime_place_types_fall_back_to_values_and_reject_dynamic_projection ... ok
test mir_runtime::tests::adr0038_shared_reborrows_do_not_suspend_their_shared_parent ... ok
test mir_runtime::tests::adr0038_trapping_mutable_calls_publish_writebacks_before_cleanup ... ok
test mir_runtime::tests::borrow_mut_operator_writebacks_preserve_projected_places ... ok
test mir_runtime::tests::builtin_math_constant_uses_once_initialized_shared_module_storage ... ok
test mir_runtime::tests::canonical_collection_capacity_failures_have_stable_runtime_diagnostics ... ok
test mir_runtime::tests::canonical_list_index_absence_is_au4008_with_actionable_help ... ok
test mir_runtime::tests::contextual_none_rhs_equality_preserves_the_left_option_snapshot ... ok
test mir_runtime::tests::env_place_helpers_cover_nested_reads_and_writes ... ok
test mir_runtime::tests::failed_module_constant_reads_replay_the_original_diagnostic ... ok
test mir_runtime::tests::guarded_or_pattern_expressions_preserve_owned_commit_and_mutable_writeback ... ok
test mir_runtime::tests::mir_array_containing_vec_and_map_copies_are_independent ... ok
test mir_runtime::tests::mir_array_kernels_match_frozen_pre_vectorization_bits ... ok
test mir_runtime::tests::mir_array_place_operations_borrow_storage_and_mutate_in_place ... ok
test mir_runtime::tests::mir_arrays_execute_dense_members_kernels_and_row_major_callbacks ... ok
test mir_runtime::tests::mir_arrays_preserve_named_argument_order_and_capturing_map_results ... ok
test mir_runtime::tests::mir_assert_fail_attaches_typed_bounded_operands_in_source_order ... ok
test mir_runtime::tests::mir_assert_fail_moves_an_owned_message_only_on_the_failure_path ... ok
test mir_runtime::tests::mir_assert_fail_preserves_default_custom_empty_and_whitespace_messages ... ok
test mir_runtime::tests::mir_assert_fail_rejects_malformed_capture_shapes_and_values ... ok
test mir_runtime::tests::mir_bytes_adapter_propagates_materialization_allocation_failure_as_au4005 ... ok
test mir_runtime::tests::mir_bytes_adapter_reports_binding_and_operand_diagnostics ... ok
test mir_runtime::tests::mir_closure_behavior_callback_traps_preserve_partial_output_and_public_frames ... ok
test mir_runtime::tests::mir_closure_behavior_consuming_trap_follows_owned_transfer_with_complete_frames ... ok
test mir_runtime::tests::mir_closure_behavior_explicit_stack_tasks_handoff_captures_and_cleanup ... ok
test mir_runtime::tests::mir_closure_behavior_preserves_mut_writeback_owned_args_nested_moves_and_fresh_defaults ... ok
test mir_runtime::tests::mir_closure_behavior_retry_repeats_capture_and_returns_last_owned_error ... ok
test mir_runtime::tests::mir_closure_callbacks_keep_defaults_capture_snapshots_and_nested_environments ... ok
test mir_runtime::tests::mir_closure_final_task_results_cover_ready_error_optional_poll_and_cleanup ... ok
test mir_runtime::tests::mir_closure_selected_entry_and_runtime_hardening_preserve_exact_observable_contracts ... ok
test mir_runtime::tests::mir_closure_task_failure_surfaces_after_handoff_cleanup_with_task_ancestry ... ok
test mir_runtime::tests::mir_dynamic_string_to_bytes_borrows_receiver_before_allocation_failure ... ok
test mir_runtime::tests::mir_f_string_format_variants_match_the_runtime_contract ... ok
test mir_runtime::tests::mir_failed_owned_place_moves_preserve_unmoved_state ... ok
test mir_runtime::tests::mir_function_value_executes_dynamic_defaults_and_capability_handoffs ... ok
test mir_runtime::tests::mir_function_value_member_and_index_task_targets_execute_selected_functions ... ok
test mir_runtime::tests::mir_function_value_process_run_selects_scheduler_only_when_source_materializes_it ... ok
test mir_runtime::tests::mir_function_value_runtime_moves_owned_args_writes_back_mut_args_and_traps_bad_calls ... ok
test mir_runtime::tests::mir_function_value_runtime_rejects_missing_targets_defaults_and_malformed_task_args ... ok
test mir_runtime::tests::mir_function_value_runtime_type_parameter_discovery_descends_into_signatures ... ok
test mir_runtime::tests::mir_function_value_traps_report_selected_and_default_public_frames ... ok
test mir_runtime::tests::mir_json_adapters_reject_inexact_runtime_metadata ... ok
test mir_runtime::tests::mir_json_borrowed_calls_leave_source_allocations_in_place_on_success_and_error ... ok
test mir_runtime::tests::mir_json_borrowed_host_args_reference_the_existing_runtime_value ... ok
test mir_runtime::tests::mir_json_host_argument_errors_preserve_borrowed_sources ... ok
test mir_runtime::tests::mir_json_host_boundary_reports_malformed_values_without_hiding_consumption ... ok
test mir_runtime::tests::mir_json_into_accessors_move_payload_allocations_and_consume_places ... ok
test mir_runtime::tests::mir_json_owned_accessor_moves_a_nested_place_without_cloning_its_payload ... ok
test mir_runtime::tests::mir_json_parse_materialization_allocation_failure_is_au4005_and_preserves_source ... ok
test mir_runtime::tests::mir_json_variant_construction_moves_owned_payload_allocations ... ok
test mir_runtime::tests::mir_json_wrong_variant_owned_accessor_still_consumes_the_source ... ok
test mir_runtime::tests::mir_length_free_len_delegation_borrows_receiver_without_snapshot_clone ... ok
test mir_runtime::tests::mir_length_map_len_borrows_receiver_without_snapshot_clone ... ok
test mir_runtime::tests::mir_length_set_len_borrows_receiver_without_snapshot_clone ... ok
test mir_runtime::tests::mir_length_string_byte_len_borrows_receiver_without_snapshot_clone ... ok
test mir_runtime::tests::mir_length_string_len_borrows_receiver_without_snapshot_clone ... ok
test mir_runtime::tests::mir_length_vec_len_borrows_receiver_without_snapshot_clone ... ok
test mir_runtime::tests::mir_literal_string_to_bytes_avoids_snapshot_before_allocation_failure ... ok
test mir_runtime::tests::mir_math_edges_preserve_values_signed_zero_and_au_classes ... ok
test mir_runtime::tests::mir_module_constant_reads_share_one_stored_non_copy_value ... ok
test mir_runtime::tests::mir_move_variant_payload_preserves_allocation_and_marks_slot_consumed ... ok
test mir_runtime::tests::mir_nested_array_clone_allocation_failure_is_au4005_and_preserves_source ... ok
test mir_runtime::tests::mir_numeric_overflow_closures_preserve_public_diagnostics_and_spans ... ok
test mir_runtime::tests::mir_own_user_and_trait_receivers_transfer_the_original_allocation ... ok
test mir_runtime::tests::mir_owned_collection_mutators_do_not_clone_inserted_values ... ok
test mir_runtime::tests::mir_owned_process_and_http_decoders_transfer_string_allocations ... ok
test mir_runtime::tests::mir_owned_queue_and_task_fallback_adapters_preserve_allocations ... ok
test mir_runtime::tests::mir_owned_runtime_decoders_reject_malformed_values_without_partial_conversion ... ok
test mir_runtime::tests::mir_owned_slice_runtime_uses_scalar_bounds_and_preserves_au4003_spans ... ok
test mir_runtime::tests::mir_owned_vec_and_set_iteration_take_elements_from_the_private_source ... ok
test mir_runtime::tests::mir_place_reads_clone_and_preserve_copy_enum_payload_sources ... ok
test mir_runtime::tests::mir_public_numeric_parse_failure_and_bare_function_value_are_exact ... ok
test mir_runtime::tests::mir_rng_dispatches_nonbuiltin_traits_and_opaque_user_clone_methods ... ok
test mir_runtime::tests::mir_runtime_argument_binding_helpers_cover_named_and_positional_cases ... ok
test mir_runtime::tests::mir_runtime_builtin_call_surface_covers_named_and_error_paths ... ok
test mir_runtime::tests::mir_runtime_builtin_error_surface_covers_additional_builtin_branches ... ok
test mir_runtime::tests::mir_runtime_builtin_io_calls_cover_process_filesystem_and_network_paths ... ok
test mir_runtime::tests::mir_runtime_builtin_io_error_results_cover_filesystem_and_network_edges ... ok
test mir_runtime::tests::mir_runtime_captures_typed_frames_once_in_contract_order ... ok
test mir_runtime::tests::mir_runtime_cleanup_and_rvalue_helpers_cover_remaining_error_paths ... ok
test mir_runtime::tests::mir_runtime_closure_environment_is_by_value_repeatable_and_one_shot_when_consuming ... ok
test mir_runtime::tests::mir_runtime_collection_string_and_task_helpers_cover_remaining_paths ... ok
test mir_runtime::tests::mir_runtime_complexity_guard_rejects_excessive_instruction_counts ... ok
test mir_runtime::tests::mir_runtime_deadline_helper_rejects_overflowing_instants ... ok
test mir_runtime::tests::mir_runtime_duration_arithmetic_is_checked_exact_and_ordered ... ok
test mir_runtime::tests::mir_runtime_entrypoint_and_env_helpers_cover_write_stream_and_place_edges ... 1
error[AU4001]: failed to deserialize embedded MIR: key must be a string at line 1 column 2
 --> /tmp/entry.au
ok
test mir_runtime::tests::mir_runtime_entrypoint_call_and_type_helpers_cover_remaining_edges ... aura native runtime received a null input
embedded source path is not valid UTF-8: invalid utf-8 sequence of 1 bytes from index 0
embedded source is not valid UTF-8: invalid utf-8 sequence of 1 bytes from index 0
embedded MIR payload length 1073741825 exceeds the supported runtime limit of 1073741824 bytes
ok
test mir_runtime::tests::mir_runtime_env_and_entry_helpers_cover_additional_branch_paths ... aura native runtime received a null input
ok
test mir_runtime::tests::mir_runtime_ffi_calls_process_symbols_and_reports_missing_lookups ... ok
test mir_runtime::tests::mir_runtime_ffi_maps_noncanonical_bool_returns_to_au4001 ... ok
test mir_runtime::tests::mir_runtime_ffi_marshalling_preserves_boundaries_mutable_writeback_and_opaque_handles ... ok
test mir_runtime::tests::mir_runtime_ffi_marshals_every_scalar_and_shared_view_source_shape ... ok
test mir_runtime::tests::mir_runtime_ffi_rejects_forged_runtime_shapes_at_the_boundary ... ok
test mir_runtime::tests::mir_runtime_ffi_reports_runtime_abi_and_argument_binding_errors_before_dispatch ... ok
test mir_runtime::tests::mir_runtime_ffi_unmarshals_every_fixed_width_scalar_result ... ok
test mir_runtime::tests::mir_runtime_ffi_writes_mutable_views_back_before_foreign_and_result_errors ... ok
test mir_runtime::tests::mir_runtime_function_binding_reports_missing_and_invalid_writeback_arguments ... ok
test mir_runtime::tests::mir_runtime_helper_values_and_streams_cover_option_result_and_diagnostics ... ok
test mir_runtime::tests::mir_runtime_index_helpers_cover_error_paths ... ok
test mir_runtime::tests::mir_runtime_infers_resource_value_types_for_runtime_backed_surfaces ... ok
test mir_runtime::tests::mir_runtime_io_write_streams_to_stdout_sink ... ok
test mir_runtime::tests::mir_runtime_member_call_dispatch_covers_builtin_runtime_and_trait_receivers ... ok
test mir_runtime::tests::mir_runtime_member_error_surface_covers_remaining_dispatch_branches ... ok
test mir_runtime::tests::mir_runtime_missing_constant_initializer_is_a_bounded_diagnostic ... ok
test mir_runtime::tests::mir_runtime_mutating_member_calls_write_back_receivers_and_params ... ok
test mir_runtime::tests::mir_runtime_network_member_helpers_cover_closed_and_validation_edges ... ok
test mir_runtime::tests::mir_runtime_normalizes_negative_vec_indices_for_every_indexed_operation ... ok
test mir_runtime::tests::mir_runtime_operator_and_task_helpers_cover_additional_branches ... ok
test mir_runtime::tests::mir_runtime_print_tolerates_poisoned_stdout_lock ... ok
test mir_runtime::tests::mir_runtime_process_builtins_cover_spawn_timeout_and_cancelled_edges ... ok
test mir_runtime::tests::mir_runtime_process_capture_helpers_cover_success_and_malformed_results ... ok
test mir_runtime::tests::mir_runtime_process_child_methods_cover_timeout_cancel_and_error_edges ... ok
test mir_runtime::tests::mir_runtime_process_resource_members_cover_completed_errors_and_pipe_edges ... ok
test mir_runtime::tests::mir_runtime_process_run_builtin_captures_stdio_under_scheduler ... ok
test mir_runtime::tests::mir_runtime_process_supervisor_methods_cover_start_wait_and_cancel_edges ... ok
test mir_runtime::tests::mir_runtime_public_run_wrappers_cover_serialized_success_and_error_paths ... ok
test mir_runtime::tests::mir_runtime_range_and_type_substitution_helpers_cover_remaining_paths ... ok
test mir_runtime::tests::mir_runtime_range_rejects_unsigned_endpoints_outside_signed_index_space ... ok
test mir_runtime::tests::mir_runtime_resource_member_helpers_cover_io_process_and_network_paths ... ok
test mir_runtime::tests::mir_runtime_round_and_divmod_use_shared_checked_numeric_contracts ... ok
test mir_runtime::tests::mir_runtime_select_adapter_distinguishes_child_and_current_task_cancellation ... ok
test mir_runtime::tests::mir_runtime_select_adapter_preserves_source_order_and_queue_losers ... ok
test mir_runtime::tests::mir_runtime_select_adapter_rejects_invalid_deadlines_and_named_sources ... ok
test mir_runtime::tests::mir_runtime_select_adapter_reports_task_outcomes_and_claims_losers ... ok
test mir_runtime::tests::mir_runtime_select_adapter_validates_typed_source_descriptors_before_arbitration ... ok
test mir_runtime::tests::mir_runtime_single_consumer_task_results_claim_every_observing_attempt ... ok
test mir_runtime::tests::mir_runtime_stream_and_entrypoint_helpers_cover_success_and_error_paths ... error[AU4001]: failed to deserialize embedded MIR: expected ident at line 1 column 2
 --> /tmp/runtime_entry.au
embedded MIR payload length 1073741825 exceeds the supported runtime limit of 1073741824 bytes
ok
test mir_runtime::tests::mir_runtime_stream_and_http_member_helpers_cover_resource_branches ... ok
test mir_runtime::tests::mir_runtime_task_detection_helpers_cover_task_and_process_shapes ... ok
test mir_runtime::tests::mir_runtime_task_result_or_helpers_cover_nonblocking_shortcuts ... ok
test mir_runtime::tests::mir_runtime_terminator_and_cleanup_helpers_cover_branch_and_error_paths ... ok
test mir_runtime::tests::mir_runtime_try_error_conversion_helpers_cover_context_and_from_paths ... ok
test mir_runtime::tests::mir_runtime_wait_helpers_claim_distinct_nonrepeatable_tasks_before_observing ... ok
test mir_runtime::tests::mir_runtime_wait_helpers_cover_task_lists_ready_error_timeout_and_cancel_paths ... ok
test mir_runtime::tests::mir_runtime_writeback_and_spawn_helpers_cover_borrow_mut_edges ... ok
test mir_runtime::tests::mir_secure_bytes_rejects_requests_above_the_resource_ceiling_with_au4005 ... ok
test mir_runtime::tests::mir_secure_random_diagnostics_preserve_validation_and_host_failures ... ok
test mir_runtime::tests::mir_slice_internal_abi_rejects_malformed_endpoint_and_presence_operands ... ok
test mir_runtime::tests::mir_source_filesystem_reports_invalid_utf8_and_sorted_directory_entries ... ok
test mir_runtime::tests::mir_string_to_bytes_member_diagnostics_preserve_the_receiver ... ok
test mir_runtime::tests::mir_task_stack_override_accepts_contract_boundaries_and_reports_dynamic_violations ... ok
test mir_runtime::tests::mir_task_waits_report_unrepresentable_deadlines_and_completed_cancellation ... ok
test mir_runtime::tests::mir_trait_method_arguments_preserve_mutable_writeback_through_dispatch ... ok
test mir_runtime::tests::mir_tuple_coercion_preserves_owned_element_allocations_and_metadata ... ok
test mir_runtime::tests::mir_tuple_construct_project_and_take_preserve_ownership_boundaries ... ok
test mir_runtime::tests::mir_tuple_operations_reject_invalid_shape_and_places ... ok
test mir_runtime::tests::public_mir_collection_absence_and_clear_contracts_are_exact ... ok
test mir_runtime::tests::public_mir_execution_rejects_caller_supplied_ffi_metadata ... ok
test mir_runtime::tests::public_mir_flush_and_constant_failure_cleanup_are_observable ... ok
test mir_runtime::tests::serialized_mir_helper_reports_invalid_payloads ... ok
test mir_runtime::tests::source_assertion_custom_message_is_lazy_and_borrows_a_bare_string ... ok
test mir_runtime::tests::trait_impl_lookup_and_top_level_run_helpers_cover_runtime_paths ... ok
test native_codegen::tests::adr0038_direct_cfg_helpers_validate_reachability_order_and_selector_tags ... ok
test native_codegen::tests::adr0038_direct_cfg_join_rejects_branch_dependent_view_identity ... ok
test native_codegen::tests::adr0038_direct_codegen_rejects_malformed_loan_and_capture_metadata ... ok
test native_codegen::tests::adr0038_direct_metadata_diagnostics_cover_reachable_constructor_boundaries ... ok
test native_codegen::tests::adr0038_direct_method_resolution_covers_inherent_and_named_trait_fallbacks ... ok
test native_codegen::tests::adr0038_direct_mutable_closure_requires_source_place_metadata ... ok
test native_codegen::tests::adr0038_direct_return_projection_selection_and_tuple_errors_are_codegen_checked ... ok
test native_codegen::tests::adr0038_direct_tuple_place_errors_reach_codegen_after_constructor_setup ... ok
test native_codegen::tests::adr0038_direct_view_and_closure_metadata_helpers_preserve_dataflow_invariants ... ok
test native_codegen::tests::adr0038_direct_view_fixed_point_comparison_ignores_order_not_authority ... ok
test native_codegen::tests::adr0038_direct_view_place_projection_handles_root_and_nested_paths ... ok
test native_codegen::tests::adr0038_local_and_returned_views_compile_through_direct_backend ... ok
test native_codegen::tests::adr0038_loop_local_mutable_closure_writeback_compiles_directly ... ok
test native_codegen::tests::builtin_member_type_helpers_cover_collection_runtime_surface ... ok
test native_codegen::tests::cleanup_place_type_resolves_receivers_params_locals_and_inferred_values ... ok
test native_codegen::tests::d2_numeric_member_and_floor_division_inference_preserve_backend_result_types ... ok
test native_codegen::tests::d3_native_unhinted_integer_operands_use_the_unboxed_int64_path ... ok
test native_codegen::tests::dead_assignments_do_not_poison_reachable_cleanup_type_inference ... ok
test native_codegen::tests::dead_task_starts_do_not_enable_reachable_native_safepoints ... ok
test native_codegen::tests::direct_array_surface_relocates_only_to_dedicated_native_array_kernels ... ok
test native_codegen::tests::direct_assertions_reference_the_dedicated_failure_helper ... ok
test native_codegen::tests::direct_backend_builtin_call_surface_compiles_across_success_and_error_matrix ... ok
test native_codegen::tests::direct_backend_collection_member_argument_errors_cover_core_runtime_paths ... ok
test native_codegen::tests::direct_backend_emits_contextual_none_and_unit_equality ... ok
test native_codegen::tests::direct_backend_emits_object_for_broad_maintained_example_surface ... ok
test native_codegen::tests::direct_backend_emits_object_for_call_writeback_and_cleanup_surface ... ok
test native_codegen::tests::direct_backend_emits_object_for_every_runnable_fixture ... ok
test native_codegen::tests::direct_backend_emits_object_for_extended_feature_examples ... ok
test native_codegen::tests::direct_backend_emits_object_for_generic_sort_trait_bound_repro ... ok
test native_codegen::tests::direct_backend_emits_object_for_generic_trait_bound_returning_int_repro ... ok
test native_codegen::tests::direct_backend_emits_object_for_member_call_surface_matrix ... ok
test native_codegen::tests::direct_backend_emits_object_for_module_examples ... ok
test native_codegen::tests::direct_backend_emits_object_for_multi_param_trait_bound_repro ... ok
test native_codegen::tests::direct_backend_emits_object_for_multiple_trait_methods_repro ... ok
test native_codegen::tests::direct_backend_emits_object_for_plain_class_programs ... ok
test native_codegen::tests::direct_backend_emits_object_for_process_member_surface_matrix ... ok
test native_codegen::tests::direct_backend_emits_object_for_runtime_member_surface_matrix ... ok
test native_codegen::tests::direct_backend_emits_object_for_supported_cleanup_and_explicit_task_group_close ... ok
test native_codegen::tests::direct_backend_emits_object_for_supported_scalar_program ... ok
test native_codegen::tests::direct_backend_emits_object_for_trait_impl_dispatch ... ok
test native_codegen::tests::direct_backend_emits_retain_and_release_hooks_for_opaque_call_and_local_flow ... ok
test native_codegen::tests::direct_backend_enables_stack_returns_for_flattened_mutable_writeback ... ok
test native_codegen::tests::direct_backend_entry_thunk_handles_unit_parameters ... ok
test native_codegen::tests::direct_backend_for_range_and_spawn_error_surface_reports_expected_diagnostics ... ok
test native_codegen::tests::direct_backend_internal_collection_member_errors_are_reported ... ok
test native_codegen::tests::direct_backend_internal_collection_member_surface_compiles ... ok
test native_codegen::tests::direct_backend_manual_wait_surface_compiles ... ok
test native_codegen::tests::direct_backend_match_and_branch_terminator_edges_cover_enum_and_opaque_paths ... ok
test native_codegen::tests::direct_backend_member_call_error_surface_reports_expected_diagnostics ... ok
test native_codegen::tests::direct_backend_operand_and_construct_error_surface_reports_expected_diagnostics ... ok
test native_codegen::tests::direct_backend_prefers_builtin_handle_member_if_collision_reaches_mir ... ok
test native_codegen::tests::direct_backend_preserves_integer_call_types_through_equality_contexts ... ok
test native_codegen::tests::direct_backend_resource_member_argument_errors_cover_network_and_process_paths ... ok
test native_codegen::tests::direct_backend_resource_member_success_paths_cover_remaining_network_surfaces ... ok
test native_codegen::tests::direct_backend_runtime_member_arity_errors_cover_string_collection_and_runtime_paths ... ok
test native_codegen::tests::direct_backend_runtime_member_matrix_covers_remaining_string_collection_and_runtime_paths ... ok
test native_codegen::tests::direct_backend_scalar_bool_range_and_coercion_paths_compile ... ok
test native_codegen::tests::direct_backend_task_result_payloads_support_plain_class_values ... ok
test native_codegen::tests::direct_backend_wait_helpers_cover_unknown_task_payload_fallback ... ok
test native_codegen::tests::direct_callable_objects_pin_defaults_capability_writebacks_and_task_handoff_abis ... ok
test native_codegen::tests::direct_closure_invalid_mir_reports_thunk_binder_call_and_task_contracts ... ok
test native_codegen::tests::direct_closure_objects_pin_environment_call_default_binding_and_task_abis ... ok
test native_codegen::tests::direct_codegen_ignores_dead_cleanup_and_terminator_metadata_but_checks_cfg_structure ... ok
test native_codegen::tests::direct_discarded_with_capacity_calls_preserve_each_collection_constructor ... ok
test native_codegen::tests::direct_duration_api_uses_centralized_constructor_and_conversion_dispatch ... ok
test native_codegen::tests::direct_dynamic_binary_opcodes_match_the_runtime_abi ... ok
test native_codegen::tests::direct_dynamic_json_surface_uses_the_host_builtin_abi ... ok
test native_codegen::tests::direct_ffi_codegen_embeds_call_metadata_and_uses_only_the_runtime_adapter ... ok
test native_codegen::tests::direct_ffi_codegen_handles_narrow_scalars_mutable_bytes_and_opaque_ownership ... ok
test native_codegen::tests::direct_ffi_source_types_pin_the_v0_abi_and_capability_contract ... ok
test native_codegen::tests::direct_ffi_validation_rejects_unvalidated_metadata ... ok
test native_codegen::tests::direct_field_and_try_helpers_cover_remaining_direct_inference_paths ... ok
test native_codegen::tests::direct_fixed_width_integer_methods_relocate_to_the_width_arithmetic_kernel ... ok
test native_codegen::tests::direct_int32_range_check_still_traps_exactly_at_the_boundary ... ok
test native_codegen::tests::direct_introspected_assertions_reference_the_detailed_failure_helper ... ok
test native_codegen::tests::direct_member_length_explicit_int32_cast_keeps_checked_narrowing ... ok
test native_codegen::tests::direct_member_lengths_do_not_emit_implicit_int32_range_checks ... ok
test native_codegen::tests::direct_monotonic_time_uses_scalar_runtime_abi_without_generic_host_boxing ... ok
test native_codegen::tests::direct_opaque_user_clone_dispatches_to_the_declared_trait_method ... ok
test native_codegen::tests::direct_path_named_random_keeps_user_rng_constructors_out_of_builtin_runtime ... ok
test native_codegen::tests::direct_random_api_uses_dedicated_borrowed_runtime_symbols ... ok
test native_codegen::tests::direct_rng_nonbuiltin_trait_dispatch_preserves_builtin_member_dispatch ... ok
test native_codegen::tests::direct_runtime_type_substitutions_respect_callable_structure_and_capabilities ... ok
test native_codegen::tests::direct_select_inference_preserves_queue_and_task_payload_types ... ok
test native_codegen::tests::direct_select_packages_variadic_sources_into_the_owned_tuple_abi ... ok
test native_codegen::tests::direct_sleep_uses_void_runtime_abi_without_boxing_unit ... ok
test native_codegen::tests::direct_string_to_bytes_routes_through_the_registered_host_builtin ... ok
test native_codegen::tests::direct_task_lowering_preserves_specialized_repeatability_and_owned_observers ... ok
test native_codegen::tests::direct_try_moves_noncopy_ok_payloads_through_the_destructive_runtime_path ... ok
test native_codegen::tests::direct_type_supports_plain_classes_and_scalars ... ok
test native_codegen::tests::direct_user_defined_rng_does_not_reference_random_runtime_symbols ... ok
test native_codegen::tests::direct_validation_accepts_assert_fail_operands_and_rejects_unknown_places ... ok
test native_codegen::tests::direct_validation_rejects_move_place_in_non_consuming_expressions ... ok
test native_codegen::tests::direct_yield_now_uses_void_runtime_abi_without_boxing_unit ... ok
test native_codegen::tests::ensure_direct_type_maps_runtime_backed_types_to_opaque_values ... ok
test native_codegen::tests::handbuilt_mir_safepoint_does_not_mask_a_malformed_terminator ... ok
test native_codegen::tests::handbuilt_mir_safepoint_validates_and_emits_for_a_sequential_module ... ok
test native_codegen::tests::heterogeneous_match_arm_mutable_locals_keep_distinct_direct_slots ... ok
test native_codegen::tests::host_builtin_return_types_cover_the_control_plane_surface ... ok
test native_codegen::tests::infer_operand_and_rvalue_types_track_plain_classes ... ok
test native_codegen::tests::malformed_uncalled_array_slice_reports_a_direct_diagnostic_without_panicking ... ok
test native_codegen::tests::mangle_symbol_rewrites_non_alphanumeric_characters ... ok
test native_codegen::tests::native_codegen_builtin_member_tables_and_trait_lookup_cover_additional_paths ... ok
test native_codegen::tests::native_codegen_cleanup_thunks_cover_class_close_success_and_missing_targets ... ok
test native_codegen::tests::native_codegen_cleanup_thunks_cover_scalar_plain_opaque_and_metadata_errors ... ok
test native_codegen::tests::native_codegen_constructor_initializes_runtime_function_surface ... ok
test native_codegen::tests::native_codegen_constructor_tracks_receiver_and_writeback_types_for_methods_and_top_level ... ok
test native_codegen::tests::native_codegen_default_binder_reports_method_and_metadata_failures ... ok
test native_codegen::tests::native_codegen_direct_error_paths_cover_missing_entry_wrapper_and_return_type_cases ... ok
test native_codegen::tests::native_codegen_forwards_exact_call_and_task_frame_metadata_to_runtime_abis ... ok
test native_codegen::tests::native_codegen_function_value_binding_skips_named_slots_for_later_positionals ... ok
test native_codegen::tests::native_codegen_function_value_signature_errors_are_precise ... ok
test native_codegen::tests::native_codegen_helper_utilities_cover_signatures_wildcards_and_metadata ... ok
test native_codegen::tests::native_codegen_orders_named_builtin_args_and_reports_binding_errors ... ok
test native_codegen::tests::native_codegen_receiver_and_type_param_helpers_cover_missing_receiver_and_terminal_types ... ok
test native_codegen::tests::native_codegen_rejects_try_between_non_result_types ... ok
test native_codegen::tests::native_codegen_release_helpers_cover_cleanup_error_paths ... ok
test native_codegen::tests::native_codegen_replace_nested_field_rejects_empty_paths_without_panicking ... ok
test native_codegen::tests::native_codegen_reports_invalid_non_boolean_branch_conditions ... ok
test native_codegen::tests::native_codegen_thunk_helpers_cover_roundtrip_paths ... ok
test native_codegen::tests::native_codegen_thunks_cover_float_bool_plain_class_params_and_unit_main_wrapper ... ok
test native_codegen::tests::native_codegen_type_helpers_cover_nested_type_params_and_opaque_fallbacks ... ok
test native_codegen::tests::native_codegen_variant_payload_helpers_cover_builtin_result_shapes ... ok
test native_codegen::tests::native_loop_safepoint_elides_runtime_call_when_no_sibling_can_run ... ok
test native_codegen::tests::native_loop_safepoint_uses_void_yield_runtime_abi_when_tasks_can_run ... ok
test native_codegen::tests::s1_direct_inference_pins_numeric_collection_and_constant_abis ... ok
test native_codegen::tests::signature_helpers_flatten_plain_class_abi_types ... ok
test native_codegen::tests::ticket9_direct_backend_emits_unboxed_int64_ten_million_loop ... ok
test native_codegen::tests::ticket9_expected_uint64_operands_avoid_generic_literal_boxing ... ok
test native_codegen::tests::ticket9_int64_and_uint64_are_unboxed_i64_direct_scalars ... ok
test native_codegen::tests::ticket9_int64_opaque_results_use_the_checked_int64_unbox_helper ... ok
test native_codegen::tests::ticket9_int64_task_thunks_use_the_checked_int64_unbox_helper ... ok
test native_codegen::tests::ticket9_uint64_opaque_boundaries_use_typed_boxing_without_generic_detours ... ok
test native_codegen::tests::ticket9_wide_boundary_literals_stay_unboxed ... ok
test native_codegen::tests::ticket9_wide_scalar_casts_avoid_boxed_runtime_dispatch ... ok
test native_codegen::tests::tuple_native_ownership_gates_separate_public_projection_from_private_destructuring ... ok
test native_codegen::tests::tuple_native_symbols_keep_public_projection_separate_from_private_take ... ok
test native_codegen::tests::tuple_specialized_trait_dispatch_emits_structural_runtime_matchers ... ok
test native_codegen::tests::validate_function_rejects_unreachable_terminators_for_direct_backend ... ok
test native_codegen::tests::validate_operand_accepts_nested_places ... ok
test native_runtime::tests::adr0038_cleanup_and_mutable_sink_ids_roll_over_without_using_zero ... ok
test native_runtime::tests::adr0038_direct_closure_capture_abi_covers_mutability_and_errors ... ok
test native_runtime::tests::adr0038_direct_mutable_sink_updates_projected_cleanup_snapshot_before_return ... ok
test native_runtime::tests::adr0038_direct_nested_place_assignment_helper_covers_tuple_and_class_paths ... ok
test native_runtime::tests::adr0038_direct_returned_view_handoffs_are_call_frame_scoped ... ok
test native_runtime::tests::adr0038_direct_returned_view_projection_handoff_is_exact_and_consuming ... ok
test native_runtime::tests::adr0038_direct_returned_view_projection_handoff_reports_invalid_state ... ok
test native_runtime::tests::adr0038_indirect_mutable_sink_handoff_keeps_capture_and_argument_slots_distinct ... ok
test native_runtime::tests::adr0038_mutable_sink_abi_rejects_invalid_counts_buffers_and_handoffs ... ok
test native_runtime::tests::adr0038_mutable_sink_rejects_invalid_cleanup_registration_shape ... ok
test native_runtime::tests::adr0038_mutable_sink_zero_and_expired_cleanup_are_safe_noops ... ok
test native_runtime::tests::canonical_collection_abi_pins_mutation_search_capacity_and_set_discard ... ok
test native_runtime::tests::canonical_collection_abi_preserves_absence_bounds_and_capacity_diagnostics ... ok
test native_runtime::tests::canonical_list_pop_trap_releases_the_write_lock_for_later_tasks ... ok
test native_runtime::tests::coverage_native_runtime_classifies_power_bitwise_unary_and_divmod_paths ... ok
test native_runtime::tests::coverage_native_runtime_closure_capture_and_timer_errors_preserve_diagnostics ... ok
test native_runtime::tests::coverage_native_runtime_decodes_closure_patterns_and_uses_type_fallbacks ... ok
test native_runtime::tests::coverage_native_runtime_dynamic_json_and_process_stdio_errors_stay_structured ... ok
test native_runtime::tests::coverage_native_runtime_queue_group_iteration_reports_value_closed_and_cancelled ... ok
test native_runtime::tests::coverage_native_runtime_refcount_and_pending_buffer_fallbacks_release_real_values ... ok
test native_runtime::tests::coverage_native_runtime_rejects_invalid_enum_payload_metadata_and_indices ... ok
test native_runtime::tests::coverage_native_runtime_root_wrapper_runs_normal_and_forced_cleanup_paths ... ok
test native_runtime::tests::direct_array_abi_accepts_positive_literal_representations_at_signed_boundaries ... ok
test native_runtime::tests::direct_array_abi_uses_typed_storage_kernels_and_callback_thunks ... ok
test native_runtime::tests::direct_array_clone_uses_fallible_storage_copy_and_preserves_span ... ok
test native_runtime::tests::direct_array_constructor_shape_copy_reports_au4005_at_call_site ... ok
test native_runtime::tests::direct_array_kernel_failures_preserve_codes_and_source_spans ... ok
test native_runtime::tests::direct_array_kernels_match_frozen_pre_vectorization_bits ... ok
test native_runtime::tests::direct_array_map_allocation_failure_is_au4005_with_source_span ... ok
test native_runtime::tests::direct_array_public_abi_rejects_invalid_codes_and_runtime_values_exactly ... ok
test native_runtime::tests::direct_binary_shift_preserves_the_structured_code_and_source_span ... ok
test native_runtime::tests::direct_bytes_adapter_propagates_materialization_allocation_failure_as_au4005 ... ok
test native_runtime::tests::direct_bytes_host_ffi_dispatches_without_consuming_borrowed_input ... ok
test native_runtime::tests::direct_capacity_format_and_detailed_assertion_abis_pin_observable_contracts ... ok
test native_runtime::tests::direct_closure_type_matching_preserves_callable_and_capture_contracts ... ok
test native_runtime::tests::direct_collection_receiver_traps_release_value_locks_for_later_tasks ... ok
test native_runtime::tests::direct_completed_text_accessors_report_non_utf8_bytes_as_au4005 ... ok
test native_runtime::tests::direct_duration_literal_reconstructs_signed_i128_from_low_then_high_limbs ... ok
test native_runtime::tests::direct_duration_runtime_surface_is_checked_exact_and_uses_floor_division ... ok
test native_runtime::tests::direct_duration_task_deadlines_preserve_ready_error_and_timeout_outcomes ... ok
test native_runtime::tests::direct_enum_owned_payload_buffer_moves_string_vec_and_map_allocations ... ok
test native_runtime::tests::direct_ffi_adapter_calls_process_symbols_and_maps_runtime_failures ... ok
test native_runtime::tests::direct_ffi_adapter_rejects_invalid_boundary_metadata_and_argument_buffers ... ok
test native_runtime::tests::direct_ffi_adapter_reports_argument_marshalling_as_au4005 ... ok
test native_runtime::tests::direct_ffi_adapter_writes_back_bytes_and_keeps_handles_opaque ... ok
test native_runtime::tests::direct_ffi_call_spec_round_trips_and_rejects_corruption ... ok
test native_runtime::tests::direct_ffi_metadata_pins_every_v0_type_code ... ok
test native_runtime::tests::direct_ffi_mutable_byte_writeback_rejects_lost_buffer_without_mutating_the_caller ... ok
test native_runtime::tests::direct_ffi_mutable_bytes_write_back_before_return_validation_failure ... ok
test native_runtime::tests::direct_ffi_value_conversion_preserves_every_exact_scalar_kind ... ok
test native_runtime::tests::direct_ffi_value_conversion_reports_range_type_and_nominal_mismatches ... ok
test native_runtime::tests::direct_fixed_width_and_general_operator_abis_cover_every_new_numeric_opcode ... ok
test native_runtime::tests::direct_format_abi_returns_exact_text_and_preserves_type_diagnostic_codes ... ok
test native_runtime::tests::direct_function_value_abi_preserves_signature_capabilities_defaults_and_metadata ... ok
test native_runtime::tests::direct_function_value_abi_rejects_invalid_signatures_and_missing_native_targets ... ok
test native_runtime::tests::direct_function_value_type_patterns_bind_nested_types_and_capabilities ... ok
test native_runtime::tests::direct_host_arg_buffer_reports_metadata_and_storage_contract_violations ... ok
test native_runtime::tests::direct_host_builtin_ffi_covers_success_and_diagnostic_boundaries ... ok
test native_runtime::tests::direct_instance_owned_field_set_preserves_payload_allocation_identity ... ok
test native_runtime::tests::direct_instance_take_field_moves_nested_value_and_preserves_container ... ok
test native_runtime::tests::direct_int64_unbox_helper_preserves_the_full_signed_range ... ok
test native_runtime::tests::direct_integer_to_float_helper_rounds_without_consuming_the_integer ... ok
test native_runtime::tests::direct_integer_width_public_abi_preserves_validation_diagnostics ... ok
test native_runtime::tests::direct_json_accessors_return_none_for_other_variants_and_owned_accessors_still_consume ... ok
test native_runtime::tests::direct_json_dump_trap_preserves_borrowed_value_and_copy_indent ... ok
test native_runtime::tests::direct_json_host_abi_rejects_malformed_values_with_precise_diagnostics ... ok
test native_runtime::tests::direct_json_host_builtins_borrow_without_cloning_and_move_owned_payloads ... ok
test native_runtime::tests::direct_json_parse_materialization_allocation_failure_is_au4005_and_preserves_source ... ok
test native_runtime::tests::direct_json_parse_reserves_capacity_before_borrowing_and_copying_the_source ... ok
test native_runtime::tests::direct_json_rejects_inexact_int_array_object_and_indent_metadata ... ok
test native_runtime::tests::direct_list_index_mutator_traps_release_the_write_lock_for_later_tasks ... ok
test native_runtime::tests::direct_module_constant_abi_initializes_once_caches_and_reinitializes_after_reset ... ok
test native_runtime::tests::direct_module_constant_abi_rejects_a_null_initializer_exactly ... ok
test native_runtime::tests::direct_module_constant_abi_reports_reentrancy_then_remembers_failure ... ok
test native_runtime::tests::direct_nested_array_collection_reads_and_clones_use_fallible_copy ... ok
test native_runtime::tests::direct_numeric_abis_preserve_every_integer_width_across_modes_power_round_and_divmod ... ok
test native_runtime::tests::direct_owned_collection_and_queue_adapters_preserve_allocation_identity ... ok
test native_runtime::tests::direct_owned_index_and_fallback_adapters_preserve_allocation_identity ... ok
test native_runtime::tests::direct_owned_slice_runtime_copies_values_and_preserves_au4003_spans ... ok
test native_runtime::tests::direct_print_helpers_are_callable ... 7
7.0
7.0
false
true

ok
test native_runtime::tests::direct_print_u64_renders_the_full_unsigned_range ... ok
test native_runtime::tests::direct_projected_instance_helpers_report_paths_precisely_without_mutating_on_failure ... ok
test native_runtime::tests::direct_projected_instance_wrappers_preserve_targets_and_obey_owned_consumption ... ok
test native_runtime::tests::direct_random_runtime_is_deterministic_borrowed_and_mutates_vectors_in_place ... ok
test native_runtime::tests::direct_random_runtime_rejects_wrong_receivers_and_shuffle_targets ... ok
test native_runtime::tests::direct_root_entrypoint_helper_exits_for_invalid_thunks_and_return_types ... ok
test native_runtime::tests::direct_runtime_helper_errors_surface_expected_diagnostics ... ok
test native_runtime::tests::direct_runtime_map_and_set_helpers_cover_collection_surface ... ok
test native_runtime::tests::direct_runtime_round_and_divmod_use_shared_checked_numeric_contracts ... ok
test native_runtime::tests::direct_runtime_scalar_and_concurrency_helpers_cover_remaining_surface ... ok
test native_runtime::tests::direct_runtime_string_and_numeric_helpers_cover_builtin_surface ... ok
test native_runtime::tests::direct_runtime_tuple_type_names_parse_and_match_structurally ... ok
test native_runtime::tests::direct_runtime_type_tags_preserve_generic_identity_through_clone ... ok
test native_runtime::tests::direct_runtime_vec_helpers_cover_collection_surface ... ok
test native_runtime::tests::direct_runtime_vec_helpers_normalize_negative_indices_uniformly ... ok
test native_runtime::tests::direct_secure_random_runtime_preserves_validation_and_resource_diagnostics ... ok
test native_runtime::tests::direct_select_abi_consumes_its_owned_tuple_and_returns_canonical_deadline_outcome ... ok
test native_runtime::tests::direct_spanned_binary_abi_pins_remaining_arithmetic_and_equality_opcodes ... ok
test native_runtime::tests::direct_stdout_result_helpers_accept_empty_writes_and_flushes ... ok
test native_runtime::tests::direct_supervisor_start_consumes_every_value_argument_without_value_clones ... ok
test native_runtime::tests::direct_task_producer_discovery_and_abandoned_args_do_not_clone_values ... ok
test native_runtime::tests::direct_tuple_abi_constructs_projects_matches_and_compares_opaque_values ... ok
test native_runtime::tests::direct_uint64_boxing_helpers_preserve_the_full_range ... ok
test native_runtime::tests::direct_unboxed_wide_cast_helpers_preserve_checked_numeric_semantics ... ok
test native_runtime::tests::direct_variant_take_payload_preserves_allocation_and_consumes_slot ... ok
test native_runtime::tests::direct_wait_deadline_helper_rejects_overflow_instead_of_becoming_unlimited ... ok
test native_runtime::tests::division_by_zero_helper_exits_with_error ... ok
test native_runtime::tests::duration_integer_outside_signed_range_helper_exits_with_error ... ok
test native_runtime::tests::duration_type_mismatch_helper_exits_with_error ... ok
test native_runtime::tests::int32_overflow_helper_exits_with_error ... ok
test native_runtime::tests::int32_overflow_message_mentions_value_and_type ... ok
test native_runtime::tests::invalid_direct_host_timers_use_typed_io_and_process_errors ... ok
test native_runtime::tests::io_read_line_reports_end_of_input_consistently_through_both_runtime_surfaces ... ok
test native_runtime::tests::legacy_direct_sleep_maps_deadline_overflow_to_explicit_au4001 ... ok
test native_runtime::tests::lightweight_task_stack_allocation_rounds_up_and_includes_a_guard_page ... ok
test native_runtime::tests::metrics_state_and_diagnostics_are_observable_from_each_fresh_entry_path ... ok
test native_runtime::tests::native_assert_failure_omits_spans_for_absent_or_invalid_coordinates ... ok
test native_runtime::tests::native_assert_failure_preserves_default_custom_empty_whitespace_and_span ... ok
test native_runtime::tests::native_assert_failure_rejects_non_string_messages_without_consuming_them ... ok
test native_runtime::tests::native_assert_failure_remains_primary_when_cleanup_traps ... ok
test native_runtime::tests::native_cleanup_primary_trap_captures_the_cleanup_call_chain ... ok
test native_runtime::tests::native_detailed_assert_failure_attaches_typed_bounded_operands_without_consuming_inputs ... ok
test native_runtime::tests::native_detailed_assert_failure_rejects_malformed_capture_strings ... ok
test native_runtime::tests::native_runtime_arg_buffer_store_retains_opaque_values ... ok
test native_runtime::tests::native_runtime_boxing_range_and_condition_helpers_cover_remaining_valid_paths ... ok
test native_runtime::tests::native_runtime_call_frames_push_pop_and_snapshot_once_before_cleanup ... ok
test native_runtime::tests::native_runtime_child_task_inherits_youngest_first_ancestry_and_starts_a_new_call_chain ... ok
test native_runtime::tests::native_runtime_cleanup_diagnostic_state_is_isolated_across_tasks ... ok
test native_runtime::tests::native_runtime_closure_call_moves_owned_args_and_copies_only_mutable_writebacks ... ok
test native_runtime::tests::native_runtime_closure_calls_preserve_results_writebacks_and_call_kind ... ok
test native_runtime::tests::native_runtime_closure_construction_handles_zero_captures_and_reports_invalid_inputs ... ok
test native_runtime::tests::native_runtime_closure_task_handoff_preserves_repeatable_and_one_shot_semantics ... ok
test native_runtime::tests::native_runtime_closure_task_handoff_transfers_capture_ownership_to_child ... ok
test native_runtime::tests::native_runtime_closure_task_rejects_negative_public_arity_then_allows_valid_retry ... ok
test native_runtime::tests::native_runtime_collection_helpers_cover_remaining_success_paths ... ok
test native_runtime::tests::native_runtime_common_frame_storage_stays_inline_until_a_trap_materializes_it ... ok
test native_runtime::tests::native_runtime_deep_persistent_task_ancestry_drops_iteratively ... ok
test native_runtime::tests::native_runtime_detached_closure_task_surfaces_unobserved_trap_and_cleans_capture ... ok
test native_runtime::tests::native_runtime_direct_call_depth_is_isolated_across_suspended_tasks ... ok
test native_runtime::tests::native_runtime_direct_cancellation_releases_frame_owned_argument_references ... ok
test native_runtime::tests::native_runtime_direct_concurrency_wrappers_cover_cancelled_paths ... ok
test native_runtime::tests::native_runtime_direct_filesystem_wrappers_cover_file_success_paths ... ok
test native_runtime::tests::native_runtime_direct_filesystem_wrappers_cover_io_error_results ... ok
test native_runtime::tests::native_runtime_direct_forced_exit_releases_frame_owned_argument_references ... ok
test native_runtime::tests::native_runtime_direct_forced_exit_runs_external_cleanup ... ok
test native_runtime::tests::native_runtime_direct_network_wrappers_cover_tcp_udp_http_success_paths ... ok
test native_runtime::tests::native_runtime_direct_network_wrappers_cover_timeout_and_error_results ... ok
test native_runtime::tests::native_runtime_direct_owned_ledger_balances_normal_and_buffer_transfers ... ok
test native_runtime::tests::native_runtime_direct_process_run_wrapper_captures_both_streams ... ok
test native_runtime::tests::native_runtime_direct_process_run_wrapper_covers_timeout_result_path ... ok
test native_runtime::tests::native_runtime_direct_process_supervisor_wrappers_cover_start_wait_and_stop_paths ... ok
test native_runtime::tests::native_runtime_direct_process_wrappers_cover_child_pipe_and_completed_paths ... ok
test native_runtime::tests::native_runtime_direct_process_wrappers_cover_streaming_and_signal_paths ... ok
test native_runtime::tests::native_runtime_direct_process_wrappers_cover_timeout_and_error_results ... ok
test native_runtime::tests::native_runtime_direct_queue_and_task_fallback_wrappers_cover_option_default_paths ... ok
test native_runtime::tests::native_runtime_direct_root_forced_exit_discards_state_once_but_normal_return_does_not_clean ... ok
test native_runtime::tests::native_runtime_direct_task_claim_flag_is_released_after_normal_completion ... ok
test native_runtime::tests::native_runtime_direct_task_claim_flag_is_released_when_spawn_fails ... ok
test native_runtime::tests::native_runtime_direct_task_claim_flag_survives_late_scope_unwind ... ok
test native_runtime::tests::native_runtime_direct_task_external_state_survives_panic_before_result_handoff ... ok
test native_runtime::tests::native_runtime_direct_task_registers_captured_queue_before_submission ... ok
test native_runtime::tests::native_runtime_direct_yield_allows_a_queued_task_to_make_observable_progress ... ok
test native_runtime::tests::native_runtime_discarded_frame_state_is_absent_when_the_same_task_key_is_reused ... ok
test native_runtime::tests::native_runtime_entrypoint_guards_invalid_inputs ... aura native runtime received a null input
embedded source path is not valid UTF-8: invalid utf-8 sequence of 1 bytes from index 0
embedded source is not valid UTF-8: invalid utf-8 sequence of 1 bytes from index 0
ok
test native_runtime::tests::native_runtime_error_capture_is_isolated_across_suspended_tasks ... ok
test native_runtime::tests::native_runtime_frame_metadata_rejects_a_null_required_name_before_call_activation ... ok
test native_runtime::tests::native_runtime_frame_metadata_rejects_invalid_utf8_before_mutating_call_state ... ok
test native_runtime::tests::native_runtime_function_value_task_handoff_preserves_absent_source_paths ... ok
test native_runtime::tests::native_runtime_function_value_task_handoff_rejects_invalid_spawn_path_utf8 ... ok
test native_runtime::tests::native_runtime_function_value_task_handoff_rejects_noncallables_and_missing_thunks ... ok
test native_runtime::tests::native_runtime_function_value_task_handoff_uses_selected_callable_metadata ... ok
test native_runtime::tests::native_runtime_indirect_call_and_default_callback_traps_identify_invalid_selection ... ok
test native_runtime::tests::native_runtime_internal_diagnostic_channels_are_hidden_cloexec_and_one_shot ... 
running 1 test
test native_runtime::tests::native_runtime_internal_diagnostic_channels_are_hidden_cloexec_and_one_shot ... ok

test result: ok. 1 passed; 0 failed; 0 ignored; 0 measured; 1884 filtered out; finished in 0.00s

ok
test native_runtime::tests::native_runtime_internal_diagnostic_signal_precedes_failed_record_encoding ... ok
test native_runtime::tests::native_runtime_invalid_task_stack_releases_transferred_arguments ... ok
test native_runtime::tests::native_runtime_max_depth_skips_saturated_cleanup_and_releases_its_snapshot ... ok
test native_runtime::tests::native_runtime_normal_direct_task_completion_releases_external_state_once ... ok
test native_runtime::tests::native_runtime_operator_and_io_helpers_cover_additional_paths ... ok
test native_runtime::tests::native_runtime_operator_helpers_cover_comparison_binary_and_unary_error_edges ... ok
test native_runtime::tests::native_runtime_owned_arg_buffer_replacement_releases_previous_value_and_validates_index ... ok
test native_runtime::tests::native_runtime_private_value_decoders_cover_success_paths ... ok
test native_runtime::tests::native_runtime_process_capture_task_helper_covers_success_and_malformed_results ... ok
test native_runtime::tests::native_runtime_process_error_and_wait_all_helpers_cover_remaining_paths ... ok
test native_runtime::tests::native_runtime_ref_count_helpers_reject_zero_and_overflow ... ok
test native_runtime::tests::native_runtime_rejected_call_depth_does_not_push_the_attempted_frame ... ok
test native_runtime::tests::native_runtime_releases_cleanup_arguments_when_cleanup_traps ... ok
test native_runtime::tests::native_runtime_resource_metadata_reports_maintained_type_names ... ok
test native_runtime::tests::native_runtime_retain_and_release_keep_values_alive_until_last_handle ... ok
test native_runtime::tests::native_runtime_scalar_helpers_cover_comparisons_unary_ops_and_metadata ... ok
test native_runtime::tests::native_runtime_scheduler_teardown_releases_started_direct_task_ledger_exactly_once ... ok
test native_runtime::tests::native_runtime_scheduler_teardown_releases_unstarted_direct_task_external_state ... ok
test native_runtime::tests::native_runtime_selected_default_callbacks_bind_functions_but_not_closures ... ok
test native_runtime::tests::native_runtime_single_consumer_task_observation_is_defended_across_aliases ... ok
test native_runtime::tests::native_runtime_static_task_frames_preserve_absent_paths_and_reject_invalid_utf8 ... ok
test native_runtime::tests::native_runtime_task_arg_buffer_disarm_transfers_without_releasing ... ok
test native_runtime::tests::native_runtime_task_arg_buffer_guard_releases_pre_handoff_values ... ok
test native_runtime::tests::native_runtime_task_arg_buffer_guard_reports_invalid_and_mismatched_ids ... ok
test native_runtime::tests::native_runtime_task_boundary_maps_task_signals_and_resumes_unrelated_panics ... ok
test native_runtime::tests::native_runtime_task_exit_unwinds_live_drop_values ... ok
test native_runtime::tests::native_runtime_task_result_handoff_clones_copy_values_and_moves_noncopy_values ... ok
test native_runtime::tests::native_runtime_task_stack_allocation_failure_releases_transferred_arguments ... ok
test native_runtime::tests::native_runtime_task_start_validation_releases_owned_abi_state ... ok
test native_runtime::tests::native_runtime_task_state_map_retains_only_pointer_sized_slots ... ok
test native_runtime::tests::native_runtime_thread_local_and_pointer_helpers_cover_remaining_paths ... ok
test native_runtime::tests::native_runtime_timeout_and_option_decoders_cover_error_edges ... ok
test native_runtime::tests::native_runtime_trapping_closure_call_releases_combined_buffer_without_mut_writeback ... ok
test native_runtime::tests::native_runtime_uncalled_closure_releases_owned_capture_environment ... ok
test native_runtime::tests::nested_native_runtime_scope_restores_outer_task_ancestry ... ok
test native_runtime::tests::render_bool_uses_aura_boolean_strings ... ok
test native_runtime::tests::render_float_covers_nonfinite_and_full_precision_values ... ok
test native_runtime::tests::render_float_preserves_whole_number_fraction ... ok
test native_runtime::tests::render_float_uses_each_source_types_shortest_roundtrip_spelling ... ok
test native_runtime::tests::runtime_init_is_callable ... ok
test native_runtime::tests::sqrt_helper_matches_standard_library ... ok
test native_runtime::tests::wide_integer_overflow_and_cast_helpers_report_precise_diagnostics ... ok
test native_runtime::tests::wide_integer_overflow_messages_match_mir_diagnostics_exactly ... ok
test native_runtime::tests::with_sigpipe_blocked_restores_the_previous_signal_mask_after_broken_pipe ... ok
test package::tests::command_timeout_terminates_hung_git_helpers ... ok
test package::tests::configured_git_command_disables_interactive_prompts ... ok
test package::tests::extern_declarations_enforce_manifest_authorization_during_module_loading ... ok
test package::tests::ffi_authorization_rejects_paths_outside_the_discovered_package_graph ... ok
test package::tests::ffi_dependency_missing_own_opt_in_names_its_dependency_path ... ok
test package::tests::ffi_dependency_report_accepts_listed_direct_and_transitive_dependencies ... ok
test package::tests::ffi_dependency_report_names_the_missing_transitive_dependency_path ... ok
test package::tests::ffi_dependency_report_rejects_duplicate_invalid_and_self_entries ... ok
test package::tests::ffi_dependency_report_rejects_unknown_and_non_ffi_entries ... ok
test package::tests::ffi_dependency_report_requires_the_root_package_opt_in_too ... ok
test package::tests::ffi_dependency_report_teaches_unopted_root_to_add_the_missing_report_entry ... ok
test package::tests::ffi_manifest_opt_in_defaults_off_and_allows_direct_root_use_when_enabled ... ok
test package::tests::package_discovery_accepts_only_the_aura_manifest_name ... ok
test package::tests::package_git_dependency_resolution_reuses_the_locked_branch_revision ... ok
test package::tests::package_git_dependency_resolution_uses_cached_revision_selectors ... ok
test package::tests::package_git_resolution_and_checkout_helpers_cover_live_git_edges ... ok
test package::tests::package_git_selector_and_refresh_helpers_cover_validation_edges ... ok
test package::tests::package_graph_helpers_report_unusual_but_supported_edges ... ok
test package::tests::package_io_helpers_cover_local_error_paths ... ok
test package::tests::package_lookup_helpers_propagate_manifest_parse_errors ... ok
test package::tests::package_manifest_and_lockfile_helpers_report_current_diagnostics ... ok
test package::tests::package_path_cache_and_validation_helpers_cover_remaining_edges ... ok
test package::tests::package_resolver_reports_cycle_duplicate_and_expected_name_edges ... ok
test package::tests::package_resolver_reports_git_dependency_resolution_and_package_name_errors ... ok
test package::tests::package_resolver_reports_graph_limit_and_workspace_lookup_edges ... ok
test package::tests::package_resolver_reports_missing_source_roots_and_dependency_paths ... ok
test package::tests::package_unix_cache_helpers_reject_symlinked_manifest_and_missing_dirs ... ok
test package::tests::package_update_and_workspace_helpers_cover_edge_paths ... ok
test package::tests::package_workspace_update_marks_non_member_dependencies_external ... ok
test package::tests::public_package_graph_round_trips_git_locks_and_rejects_version_only_dependencies ... ok
test package::tests::read_cached_git_revision_rejects_symlinked_markers ... ok
test package::tests::reject_symlinks_in_tree_reports_symlinked_entries ... ok
test parser::tests::adr0038_parser_rejects_invalid_view_returns_and_capture_lists ... ok
test parser::tests::array_coordinate_assignment_preserves_a_tuple_index_target ... ok
test parser::tests::bitwise_shift_and_power_precedence_matches_the_accepted_grammar ... ok
test parser::tests::capability_prefixes_parse_as_bare_mut_and_own ... ok
test parser::tests::comparison_chains_keep_every_operator_at_one_precedence_level ... ok
test parser::tests::comprehension_clause_and_filter_chains_obey_the_expression_complexity_limit ... ok
test parser::tests::comprehension_iterables_and_filters_preserve_unparenthesized_lambda_ast ... ok
test parser::tests::comprehensions_parse_list_set_map_nested_filters_targets_and_multiline_forms ... ok
test parser::tests::comprehensions_reject_capability_modifiers_and_generator_expressions_with_guidance ... ok
test parser::tests::comprehensions_reject_mixed_literals_trailing_commas_and_malformed_clauses_precisely ... ok
test parser::tests::conditional_expression_requires_else_arm ... ok
test parser::tests::conditional_expressions_are_low_precedence_and_right_associative ... ok
test parser::tests::d3_parser_accepts_int_alias_as_numeric_cast_target ... ok
test parser::tests::d3_parser_preserves_assert_forms_keyword_span_and_comma_boundary ... ok
test parser::tests::d4_parser_accepts_single_quoted_expressions_patterns_and_fstring_arguments ... ok
test parser::tests::d6_parser_preserves_parameter_modes_and_keeps_own_out_of_match ... ok
test parser::tests::declaration_parser_reports_the_exact_stage_that_rejected_incomplete_syntax ... ok
test parser::tests::destructuring_and_for_targets_use_recursive_binding_target_nodes ... ok
test parser::tests::fstring_interpolation_preserves_nested_operator_source_spans ... ok
test parser::tests::fstring_map_comprehension_preserves_exact_nested_source_spans ... ok
test parser::tests::function_type_parameter_capabilities_reject_invalid_placements_precisely ... ok
test parser::tests::function_type_syntax_requires_an_arrow_and_rejects_indirect ... ok
test parser::tests::function_types_use_declaration_shaped_syntax_and_nest_structurally ... ok
test parser::tests::import_alias_diagnostics_cover_invalid_and_duplicate_bindings ... ok
test parser::tests::keyword_only_parameter_markers_receive_a_focused_rejection ... ok
test parser::tests::match_guards_and_or_patterns_parse_in_statement_and_expression_forms ... ok
test parser::tests::misplaced_capability_prefixes_name_the_valid_positions ... ok
test parser::tests::offset_helpers_cover_fstring_expression_parts ... ok
test parser::tests::or_patterns_preserve_every_alternative_in_source_order ... ok
test parser::tests::p63_lambda_has_python_precedence_and_nests_in_expression_positions ... ok
test parser::tests::p63_lambda_nesting_obeys_the_expression_recursion_limit ... ok
test parser::tests::p63_lambda_parameters_are_contextual_and_the_body_is_an_expression ... ok
test parser::tests::p63_lambda_rejects_non_contextual_parameter_syntax_with_teaching_diagnostics ... ok
test parser::tests::p64_extern_c_functions_and_opaque_classes_are_bodyless_items ... ok
test parser::tests::p64_extern_declarations_reject_unsupported_abis_bodies_and_defaults ... ok
test parser::tests::p64_extern_declarations_reserve_variadics_callbacks_and_raw_pointers ... ok
test parser::tests::parse_control_flow_patterns_and_helper_errors_cover_more_branches ... ok
test parser::tests::parse_expression_accepts_reasonably_deep_generated_expressions ... ok
test parser::tests::parse_expression_reports_recursion_limit_for_deep_nesting ... ok
test parser::tests::parse_expression_reports_the_chain_limit_for_many_not_operators ... ok
test parser::tests::parse_expression_reports_trailing_tokens_and_primary_errors ... ok
test parser::tests::parse_format_parts_reuses_the_current_recursion_budget ... ok
test parser::tests::parse_import_aliases_preserve_target_and_local_names ... ok
test parser::tests::parse_item_rejects_public_impl_and_non_item_tokens ... ok
test parser::tests::parse_match_expressions_in_argument_and_nested_block_positions ... ok
test parser::tests::parse_module_constants_preserves_visibility_annotation_and_source_order ... ok
test parser::tests::parse_module_imports_and_generic_bounds_cover_success_paths ... ok
test parser::tests::parse_params_and_receivers_cover_error_and_receiver_only_forms ... ok
test parser::tests::parse_preserves_top_level_mutable_bindings_for_contextual_entry_checking ... ok
test parser::tests::parse_script_mode_keeps_mutable_locals_beside_module_constants ... ok
test parser::tests::parse_statement_and_operator_variants_cover_remaining_forms ... ok
test parser::tests::parse_structural_items_tolerate_blank_lines_and_pass ... ok
test parser::tests::parse_top_level_plain_assignment_reuses_an_existing_mutable_script_local ... ok
test parser::tests::parser_accepts_multiline_expressions_without_newline_skipping_workarounds ... ok
test parser::tests::parser_additional_blank_line_and_pattern_overflow_edges_are_covered ... ok
test parser::tests::parser_additional_payload_return_and_match_expression_edges_are_covered ... ok
test parser::tests::parser_additional_trait_impl_block_and_helper_edges_are_covered ... ok
test parser::tests::parser_covers_blank_lines_empty_literals_and_specialization_offsets ... ok
test parser::tests::parser_helper_functions_cover_assignment_targets_and_span_offsets ... ok
test parser::tests::parser_helper_functions_cover_format_offsets_and_specialization_checks ... ok
test parser::tests::parser_helpers_cover_brackets_keywords_and_member_names ... ok
test parser::tests::parser_helpers_cover_specialization_and_format_parts ... ok
test parser::tests::parser_internal_helpers_cover_member_names_patterns_and_match_terminators ... ok
test parser::tests::parser_preserves_duration_nanoseconds_and_keeps_literal_payloads_nonnegative ... ok
test parser::tests::parser_preserves_match_layout_islands_nested_in_delimiters ... ok
test parser::tests::parser_reports_recursion_limits_for_nested_statements_types_and_patterns ... ok
test parser::tests::parser_skips_synthetic_newlines_inside_indented_item_blocks ... ok
test parser::tests::parser_skips_synthetic_newlines_inside_statement_and_expression_blocks ... ok
test parser::tests::parser_treats_from_as_a_contextual_expression_and_argument_name ... ok
test parser::tests::parses_static_f_string_format_specifications_after_complete_expressions ... ok
test parser::tests::phase72_parser_keeps_index_specialization_and_postfix_chains_distinct ... ok
test parser::tests::phase72_parser_preserves_owned_slice_forms_and_colon_spans ... ok
test parser::tests::phase72_parser_rejects_mixed_tuple_and_slice_delimiters ... ok
test parser::tests::phase72_parser_rejects_slice_steps_and_slice_assignment_with_teaching_diagnostics ... ok
test parser::tests::rejects_nested_f_string_format_fields ... ok
test parser::tests::s1_frontend_every_pattern_form_can_anchor_an_or_pattern_at_its_own_source_span ... ok
test parser::tests::s1_frontend_fstring_format_specs_require_a_real_expression_before_the_colon ... ok
test parser::tests::s1_frontend_fstring_parser_treats_braces_inside_triple_quoted_arguments_as_string_content ... ok
test parser::tests::s1_frontend_multi_element_tuple_types_reject_a_trailing_comma ... ok
test parser::tests::tuple_literals_are_parenthesized_and_distinct_from_groups ... ok
test parser::tests::tuple_parsing_keeps_container_commas_and_rejects_unsupported_forms ... ok
test parser::tests::tuple_patterns_are_recursive_and_do_not_reuse_variant_payload_nodes ... ok
test parser::tests::tuple_types_are_structural_and_support_singletons_nesting_and_option ... ok
test parser::tests::typed_binding_lookahead_recognizes_function_type_annotations ... ok
test randomness::tests::bounded_sampling_rejects_the_low_biased_tail ... ok
test randomness::tests::invalid_next_int_range_is_rejected_before_consuming_a_draw ... ok
test randomness::tests::next_float_uses_the_high_53_bits_and_is_half_open ... ok
test randomness::tests::next_int_is_half_open_and_matches_seed_42_oracle_at_i64_boundaries ... ok
test randomness::tests::os_entropy_entry_points_handle_prevalidated_no_entropy_cases ... ok
test randomness::tests::secure_bytes_rejects_requests_above_its_safety_ceiling_before_allocation_or_entropy ... ok
test randomness::tests::secure_bytes_reports_entropy_and_allocation_failures ... ok
test randomness::tests::secure_bytes_returns_injected_entropy ... ok
test randomness::tests::secure_bytes_zero_length_skips_allocation_and_entropy ... ok
test randomness::tests::secure_int_propagates_entropy_failure ... ok
test randomness::tests::secure_int_rejects_invalid_range_without_requesting_entropy ... ok
test randomness::tests::secure_int_uses_injected_entropy_and_rejection_sampling ... ok
test randomness::tests::secure_random_errors_explain_invalid_input_and_host_resource_failures ... ok
test randomness::tests::seed_expansion_uses_four_splitmix64_steps ... ok
test randomness::tests::shuffle_is_descending_fisher_yates_with_seed_42 ... ok
test randomness::tests::shuffle_of_zero_or_one_elements_consumes_no_draws ... ok
test randomness::tests::signed_seed_is_reinterpreted_as_twos_complement_u64 ... ok
test randomness::tests::xoshiro256_star_star_matches_seed_42_oracle ... ok
test runtime_config::tests::blocking_io_pool_config_defaults_and_explicit_values_are_exact ... ok
test runtime_config::tests::blocking_io_pool_config_rejects_every_invalid_value_class_for_each_setting ... ok
test runtime_config::tests::blocking_io_pool_config_rejects_non_unicode_values_for_each_setting ... ok
test runtime_reactor::tests::a_new_earlier_timer_wakes_poll_and_recomputes_its_timeout ... ok
test runtime_reactor::tests::a_superseded_epoch_makes_its_old_timer_stale ... ok
test runtime_reactor::tests::cancelled_long_deadlines_are_compacted_without_disturbing_live_order ... ok
test runtime_reactor::tests::cancelling_a_stale_epoch_through_a_handle_preserves_the_current_wait ... ok
test runtime_reactor::tests::control_notification_before_poll_is_durable_without_a_wait_key ... ok
test runtime_reactor::tests::control_notification_during_poll_wakes_without_fabricating_readiness ... ok
test runtime_reactor::tests::deadlines_for_inactive_epochs_are_ignored_without_polluting_timer_state ... ok
test runtime_reactor::tests::interrupted_operations_are_retried ... ok
test runtime_reactor::tests::local_nonblocking_poll_admits_thread_wakes_and_expired_deadlines ... ok
test runtime_reactor::tests::readiness_from_multiple_sources_is_reported_once_and_cleans_losers ... ok
test runtime_reactor::tests::repeated_control_notifications_coalesce_into_one_scheduler_turn ... ok
test runtime_reactor::tests::shutdown_control_wake_preserves_existing_keyed_waits ... ok
test runtime_reactor::tests::subscription_cancellation_retires_queued_wake_and_deadline_sources ... ok
test runtime_reactor::tests::subscriptions_identify_and_wake_only_their_own_reactor_wait ... ok
test runtime_reactor::tests::superseding_an_epoch_discards_already_queued_stale_readiness ... ok
test runtime_reactor::tests::timers_fire_at_the_earliest_deadline_and_preserve_equal_deadline_order ... ok
test runtime_reactor::tests::unix::cancelling_a_closed_last_descriptor_retires_every_internal_registration ... ok
test runtime_reactor::tests::unix::descriptor_events_wake_only_waiters_with_matching_interests ... ok
test runtime_reactor::tests::unix::error_readiness_wakes_every_waiter_on_the_source_and_deduplicates ... ok
test runtime_reactor::tests::unix::failed_interest_narrowing_retires_the_fd_and_wakes_surviving_waiters ... ok
test runtime_reactor::tests::unix::inactive_and_invalid_descriptor_registrations_are_rejected_safely ... ok
test runtime_reactor::tests::unix::nonblocking_poll_admits_fd_readiness_even_when_inbox_work_is_already_ready ... ok
test runtime_reactor::tests::unix::one_persistent_fd_registration_aggregates_waiters_and_narrows_interest ... ok
test runtime_reactor::tests::unix::shared_descriptor_readiness_wakes_each_registered_waiter_once ... ok
test runtime_reactor::tests::unix::stale_tokens_cannot_wake_a_waiter_after_fd_reuse ... ok
test runtime_reactor::tests::waker_coalescing_does_not_lose_inbox_entries_and_ready_is_deduplicated ... ok
test runtime_reactor::tests::zero_duration_poll_returns_without_retiring_an_unready_wait ... ok
test runtime_value::tests::abandoned_blocking_io_discards_late_host_errors_and_panics_then_recovers ... ok
test runtime_value::tests::accepted_blocking_io_cancellation_discards_the_late_result_and_pool_recovers ... ok
test runtime_value::tests::accepted_blocking_io_timeout_discards_the_late_result_and_pool_recovers ... ok
test runtime_value::tests::adr0038_closure_capture_access_recovers_poisoned_loan_bookkeeping ... ok
test runtime_value::tests::adr0038_closure_environment_mutable_capture_helpers_cover_success_and_errors ... ok
test runtime_value::tests::adr0038_partial_capture_copies_release_every_projected_value_after_failure ... ok
test runtime_value::tests::array_aware_language_copy_preserves_reachable_scalar_set_order ... ok
test runtime_value::tests::array_clone_failure_drops_a_completed_deep_sibling_on_a_small_stack ... ok
test runtime_value::tests::array_construction_rejects_unsupported_types_and_inexact_scalar_metadata ... ok
test runtime_value::tests::array_containing_language_copies_preserve_empty_containers ... ok
test runtime_value::tests::array_containing_language_copies_preserve_reachable_structure_and_independence ... ok
test runtime_value::tests::array_containing_language_copy_reports_outer_shape_and_storage_allocation_failures ... ok
test runtime_value::tests::array_from_vec_validates_shape_and_count_before_allocation_or_conversion ... ok
test runtime_value::tests::array_slices_report_storage_allocation_failure_for_every_dtype_without_mutation ... ok
test runtime_value::tests::async_and_process_result_helpers_render_expected_variants ... ok
test runtime_value::tests::blocking_io_admission_preserves_surviving_fifo_when_the_middle_deadline_expires ... ok
test runtime_value::tests::blocking_io_admission_register_recheck_has_no_missed_cancel_or_slot_wake ... ok
test runtime_value::tests::blocking_io_operation_panics_are_observable_and_do_not_reduce_pool_size ... ok
test runtime_value::tests::blocking_io_pool_is_lazy_and_starts_the_exact_injected_worker_count_once ... ok
test runtime_value::tests::blocking_io_pool_shutdown_drains_accepted_jobs_and_cancels_parked_admission ... ok
test runtime_value::tests::blocking_io_pool_startup_failure_crosses_runtime_boundaries_as_fatal_au4006 ... ok
test runtime_value::tests::blocking_io_pool_worker_creation_failure_is_all_or_nothing_and_cached ... ok
test runtime_value::tests::blocking_io_slot_cancellation_races_have_one_outcome_and_lose_no_capacity ... ok
test runtime_value::tests::blocking_io_slot_deadline_races_have_one_outcome_and_lose_no_capacity ... ok
test runtime_value::tests::blocking_io_startup_fallback_wraps_plain_host_errors_as_fatal_au4006 ... ok
test runtime_value::tests::blocking_io_submission_rejects_bounded_and_unbounded_pools_once_shutdown_begins ... ok
test runtime_value::tests::blocking_service_cancellation_drops_late_results_safely ... ok
test runtime_value::tests::bounded_blocking_io_admission_is_fifo_after_a_cancelled_waiter_is_removed ... ok
test runtime_value::tests::bounded_blocking_io_admission_times_out_and_cancels_before_execution ... ok
test runtime_value::tests::bounded_blocking_io_capacity_counts_pending_jobs_but_excludes_running_jobs_and_waiters ... ok
test runtime_value::tests::bounded_channel_receive_directly_wakes_reactor_send_subscription ... ok
test runtime_value::tests::bounded_channel_waits_for_capacity_before_accepting_another_value ... ok
test runtime_value::tests::bounded_queue_full_to_available_transition_wakes_all_senders_once ... ok
test runtime_value::tests::bounded_read_helpers_reject_zero_and_oversized_requests_without_allocation ... ok
test runtime_value::tests::bytes_adapter_rejects_wrong_runtime_types_without_consuming_inputs ... ok
test runtime_value::tests::bytes_data_errors_materialize_exact_typed_result_payloads ... ok
test runtime_value::tests::bytes_encoder_expansion_is_preflighted_against_the_codec_safety_ceiling ... ok
test runtime_value::tests::bytes_error_index_retains_the_int32_bytes_error_payload_boundary ... ok
test runtime_value::tests::bytes_host_builtin_adapter_covers_codecs_hashes_and_strict_utf8 ... ok
test runtime_value::tests::bytes_host_builtin_adapter_returns_typed_data_errors_and_au4005_resources ... ok
test runtime_value::tests::bytes_runtime_conversion_rejects_malformed_vec_uint8_values ... ok
test runtime_value::tests::bytes_runtime_materialization_is_fallible_exact_and_non_consuming ... ok
test runtime_value::tests::bytes_runtime_utf8_validation_matches_std_first_error_offsets_without_allocating ... ok
test runtime_value::tests::bytes_string_from_bytes_classifies_invalid_utf8_before_runtime_materialization ... ok
test runtime_value::tests::bytes_string_from_bytes_reports_materialization_failure_without_consuming_input ... ok
test runtime_value::tests::cancellation_directly_wakes_unbounded_reactor_subscription ... ok
test runtime_value::tests::cast_numeric_value_covers_success_and_failure_paths ... ok
test runtime_value::tests::cast_numeric_value_reports_source_types_for_runtime_values ... ok
test runtime_value::tests::channel_and_task_helpers_tolerate_poisoned_locks ... ok
test runtime_value::tests::channel_close_wakes_all_ordinary_receivers_and_senders_but_not_ignore_closed_receivers ... ok
test runtime_value::tests::channel_close_wakes_ordinary_but_not_ignore_closed_receive_subscription ... ok
test runtime_value::tests::channel_runtime_helpers_cover_send_receive_and_close_paths ... ok
test runtime_value::tests::channel_send_directly_wakes_reactor_receive_subscription ... ok
test runtime_value::tests::chunked_http_framing_rejects_ambiguous_malformed_and_oversized_inputs ... ok
test runtime_value::tests::closure_environments_share_identity_and_enforce_capture_ownership ... ok
test runtime_value::tests::condvar_helpers_tolerate_poisoned_wait_guards ... ok
test runtime_value::tests::continuously_yielding_task_does_not_starve_reactor_wakeups ... ok
test runtime_value::tests::cross_worker_task_completion_error_cancellation_and_claim_races_are_atomic ... ok
test runtime_value::tests::deeply_recursive_reachable_array_copy_completes_on_a_512_kib_stack ... ok
test runtime_value::tests::dense_array_arithmetic_preserves_dtype_operand_order_and_integer_modes ... ok
test runtime_value::tests::dense_array_kernels_cover_checked_arithmetic_broadcast_and_modes ... ok
test runtime_value::tests::dense_array_reductions_define_empty_and_dtype_behavior ... ok
test runtime_value::tests::dense_arrays_all_dtypes_construct_clone_mutate_fill_and_slice_exactly ... ok
test runtime_value::tests::dense_arrays_copy_vec_inputs_normalize_coordinates_and_slice_the_first_axis ... ok
test runtime_value::tests::dense_arrays_validate_shape_storage_and_deep_clone ... ok
test runtime_value::tests::dense_queue_wait_cycle_has_bounded_reachability_traversal ... ok
test runtime_value::tests::direct_cleanup_can_spawn_a_child_before_the_parent_is_retired ... ok
test runtime_value::tests::direct_cleanup_runs_once_on_the_task_pinned_worker ... ok
test runtime_value::tests::dropping_scheduler_removes_outstanding_source_subscriptions ... ok
test runtime_value::tests::duplicate_reactor_subscriptions_and_wakes_produce_one_ready_key ... ok
test runtime_value::tests::duration_helpers_preserve_nanoseconds_rendering_conversions_and_host_limits ... ok
test runtime_value::tests::dynamic_json_accessors_reject_noncanonical_payload_metadata ... ok
test runtime_value::tests::dynamic_json_dump_node_budget_precedes_container_and_key_allocations ... ok
test runtime_value::tests::dynamic_json_dumps_rejects_noncanonical_indent_integer_metadata ... ok
test runtime_value::tests::dynamic_json_host_boundary_rejects_malformed_runtime_shapes ... ok
test runtime_value::tests::dynamic_json_host_builtins_parse_dump_and_expose_exact_typed_accessors ... ok
test runtime_value::tests::dynamic_json_materialization_counts_the_root_and_recovers_after_checkpoints ... ok
test runtime_value::tests::dynamic_json_metadata_validation_is_structural_and_allocation_free ... ok
test runtime_value::tests::dynamic_json_parse_maps_the_public_node_limit_to_au4005 ... ok
test runtime_value::tests::dynamic_json_parse_materializes_a_structurally_dense_valid_input ... ok
test runtime_value::tests::dynamic_json_parse_node_budget_precedes_container_allocations ... ok
test runtime_value::tests::dynamic_json_parse_runtime_materialization_allocation_failure_is_au4005 ... ok
test runtime_value::tests::dynamic_json_rejects_deserialized_int64_metadata_with_an_out_of_range_payload ... ok
test runtime_value::tests::dynamic_json_runtime_conversion_fits_a_forced_512_kib_task_stack_at_the_depth_limit ... ok
test runtime_value::tests::dynamic_json_runtime_conversion_rejects_depth_before_building_an_unbounded_clone ... ok
test runtime_value::tests::dynamic_json_runtime_conversion_rejects_noncanonical_payload_metadata ... ok
test runtime_value::tests::dynamic_json_runtime_conversion_round_trips_every_variant_and_preserves_object_slots ... ok
test runtime_value::tests::dynamic_json_runtime_conversions_enforce_the_shared_node_limit ... ok
test runtime_value::tests::dynamic_json_runtime_maps_typed_parse_errors_and_dump_trap_categories ... ok
test runtime_value::tests::dynamic_json_runtime_reserve_failures_are_coded_resource_diagnostics ... ok
test runtime_value::tests::dynamic_json_shared_parse_adapter_borrows_the_source_allocation ... ok
test runtime_value::tests::explicit_stack_tasks_preserve_single_consumer_results_through_forced_cleanup ... ok
test runtime_value::tests::fd_reads_check_deadline_and_size_before_ready_reads ... ok
test runtime_value::tests::ffi_handles_keep_addresses_opaque_in_runtime_rendering_and_identity_operations ... ok
test runtime_value::tests::file_and_encoding_helpers_cover_binary_roundtrip_surface ... ok
test runtime_value::tests::filesystem_helpers_surface_directory_conflicts_precisely ... ok
test runtime_value::tests::fixed_resource_caps_are_distinct_and_enforced_without_large_allocations ... ok
test runtime_value::tests::float_floor_divmod_matches_python_sign_precision_and_zero_rules ... ok
test runtime_value::tests::float_power_uses_destination_width_and_shared_exception_rules ... ok
test runtime_value::tests::floating_formatting_preserves_binary32_identity_and_ieee_signs ... ok
test runtime_value::tests::force_reset_releases_the_task_context_and_spawn_buffer ... ok
test runtime_value::tests::forced_256_kib_tls_handshake_and_data_preserve_sibling_timer_progress ... ok
test runtime_value::tests::forced_256_kib_websocket_data_serializes_clones_without_blocking_siblings ... ok
test runtime_value::tests::format_components_reject_host_overflow_and_round_decimal_ties_to_even ... ok
test runtime_value::tests::format_matrix_pins_alignment_sign_radix_scientific_and_default_rendering ... ok
test runtime_value::tests::format_matrix_pins_each_public_syntax_and_type_error_class ... ok
test runtime_value::tests::format_spec_variants_preserve_exact_output_and_teaching_diagnostics ... ok
test runtime_value::tests::format_width_and_precision_enforce_the_ratified_boundaries ... ok
test runtime_value::tests::function_values_expose_structural_identity_rendering_cloning_and_cast_diagnostics ... ok
test runtime_value::tests::function_values_remain_observable_inside_structural_runtime_aggregates ... ok
test runtime_value::tests::generated_root_cleanup_runs_once_on_forced_exit_and_not_on_normal_return ... ok
test runtime_value::tests::host_control_plane_builtins_cover_success_and_error_boundaries ... ok
test runtime_value::tests::http_content_length_validation_rejects_non_identity_transfer_coding ... ok
test runtime_value::tests::http_helper_parsing_covers_reason_phrases_and_header_errors ... ok
test runtime_value::tests::http_listener_replies_with_400_for_malformed_requests_and_continues_accepting ... ok
test runtime_value::tests::http_listener_replies_with_413_for_oversized_requests_and_continues_accepting ... ok
test runtime_value::tests::http_listener_replies_with_431_for_too_many_headers_and_continues_accepting ... ok
test runtime_value::tests::http_request_builder_covers_host_variants_and_header_overrides ... ok
test runtime_value::tests::http_request_rejects_control_characters_in_headers ... ok
test runtime_value::tests::http_request_rejects_invalid_header_names_and_non_ascii_values ... ok
test runtime_value::tests::http_resources_use_nonblocking_descriptors_internally ... ok
test runtime_value::tests::http_response_limit_rejects_declared_and_close_delimited_overflow_early ... ok
test runtime_value::tests::http_response_writer_rejects_header_injection_before_writing ... ok
test runtime_value::tests::http_stream_helpers_cover_response_without_content_length_and_custom_headers ... ok
test runtime_value::tests::http_stream_helpers_decode_chunked_requests_and_responses ... ok
test runtime_value::tests::http_stream_helpers_read_split_request_and_response_bodies ... ok
test runtime_value::tests::http_stream_helpers_report_unexpected_eof_for_incomplete_messages ... ok
test runtime_value::tests::http_streams_report_truncated_chunked_messages_and_incremental_limit_overflow ... ok
test runtime_value::tests::https_client_reports_incomplete_and_oversized_response_framing ... ok
test runtime_value::tests::https_client_uses_tls_validation_and_decodes_chunked_responses ... ok
test runtime_value::tests::impossible_blocking_io_worker_capacity_fails_before_spawning_or_executing_and_is_cached ... ok
test runtime_value::tests::impossible_runtime_format_contract_mismatches_are_diagnostics ... ok
test runtime_value::tests::injected_deadline_overflow_is_invalid_input_instead_of_a_sentinel ... ok
test runtime_value::tests::injected_resolver_outage_saturation_recovers_without_executing_rejected_jobs ... ok
test runtime_value::tests::injected_supervisor_backoff_overflow_becomes_a_failed_event ... ok
test runtime_value::tests::injected_tls_handshake_cap_overflow_fails_closed ... ok
test runtime_value::tests::integer_float_style_formats_do_not_round_through_binary64 ... ok
test runtime_value::tests::io_error_maps_closed_and_cancelled_resource_conditions ... ok
test runtime_value::tests::io_error_maps_standard_error_kinds_to_stable_variants ... ok
test runtime_value::tests::isolated_http_protocol_roundtrip_fits_forced_256_kib_callers ... ok
test runtime_value::tests::json_codec_non_task_admission_waits_for_capacity_before_cloning ... ok
test runtime_value::tests::json_codec_service_bounds_admission_and_recovers_permits_after_failures ... ok
test runtime_value::tests::legacy_json_validity_walks_nested_arrays_and_objects ... ok
test runtime_value::tests::lightweight_blocking_io_admission_parks_without_starving_a_sibling_timer ... ok
test runtime_value::tests::lightweight_blocking_io_observes_pre_cancelled_and_wait_cancelled_contexts ... ok
test runtime_value::tests::lightweight_scheduler_handles_http_after_blocking_io_server_step ... ok
test runtime_value::tests::lightweight_scheduler_handles_large_http_binary_round_trip ... ok
test runtime_value::tests::lightweight_scheduler_helpers_cover_unbounded_waits_and_defensive_exit ... ok
test runtime_value::tests::lightweight_scheduler_teardown_cancels_abandoned_tasks_and_runs_cleanup_once ... ok
test runtime_value::tests::lightweight_stack_allocator_reports_real_address_space_exhaustion ... ok
test runtime_value::tests::lightweight_task_cancel_boundary_marks_child_cancelled ... ok
test runtime_value::tests::lightweight_tasks_are_pinned_across_yield_timer_and_queue_waits ... ok
test runtime_value::tests::lightweight_tasks_observe_blocking_io_completion_before_parent_timeout ... ok
test runtime_value::tests::lightweight_worker_count_defaults_and_rejects_invalid_overrides ... ok
test runtime_value::tests::lightweight_worker_runner_rejects_an_empty_pool_before_starting_work ... ok
test runtime_value::tests::lightweight_workers_make_cpu_progress_concurrently ... ok
test runtime_value::tests::math_host_builtins_classify_every_exception_family ... ok
test runtime_value::tests::math_host_builtins_follow_the_ratified_finite_contract ... ok
test runtime_value::tests::math_host_dispatch_rejects_wrong_runtime_types_and_arities_exactly ... ok
test runtime_value::tests::nested_queue_producer_registration_walks_tuples_collections_instances_and_variants ... ok
test runtime_value::tests::nested_stack_allocation_failure_is_synchronous_and_does_not_enqueue_a_task ... ok
test runtime_value::tests::network_resources_use_nonblocking_descriptors_internally ... ok
test runtime_value::tests::non_lightweight_blocking_io_callers_use_the_shared_dedicated_pool ... ok
test runtime_value::tests::non_unix_tls_listener_wait_timeout_blocks_when_no_handshakes_are_pending ... ok
test runtime_value::tests::non_unix_tls_listener_wait_timeout_keeps_short_slices_when_handshakes_are_pending ... ok
test runtime_value::tests::non_unix_tls_listener_wait_timeout_uses_full_deadline_when_queue_is_empty ... ok
test runtime_value::tests::numeric_divmod_returns_matching_typed_pairs_and_classifies_failures ... ok
test runtime_value::tests::numeric_round_preserves_integers_and_uses_checked_ties_to_even_int64_results ... ok
test runtime_value::tests::option_and_result_helpers_render_expected_variants ... ok
test runtime_value::tests::owned_slice_helpers_normalize_once_reject_without_clamping_and_copy_values ... ok
test runtime_value::tests::p63_embedded_nominal_types_preserve_base_value_identity_and_rendering ... ok
test runtime_value::tests::p63_host_task_join_handoff_normalizes_a_panicked_thread_to_a_diagnostic ... ok
test runtime_value::tests::p63_retry_cancellation_propagates_as_task_cancellation_not_a_panic_error ... ok
test runtime_value::tests::p63_single_worker_infrastructure_failure_cancels_unadmitted_root_exactly_once ... ok
test runtime_value::tests::p63_task_join_reachability_tracks_weak_dependencies_and_external_wake_sources ... ok
test runtime_value::tests::p63_task_wait_reachability_follows_live_dependencies_without_retaining_them ... ok
test runtime_value::tests::pending_tls_listener_progress_uses_a_bounded_default_poll ... ok
test runtime_value::tests::phase51_runtime_wake_signal_notifies_once_per_false_to_true_transition ... ok
test runtime_value::tests::phase51_scheduler_rearms_after_a_queue_wake_loses_the_readiness_race ... ok
test runtime_value::tests::phase51_unsupported_fd_interest_surfaces_the_reactor_registration_diagnostic ... ok
test runtime_value::tests::phase58_select_captures_one_deadline_base_after_all_sources_validate ... ok
test runtime_value::tests::phase58_select_check_subscribe_recheck_and_loser_cleanup_are_race_safe ... ok
test runtime_value::tests::phase58_select_claims_nonrepeatable_tasks_before_waiting ... ok
test runtime_value::tests::phase58_select_committed_queue_winner_is_not_replaced_by_later_cancellation ... ok
test runtime_value::tests::phase58_select_concurrent_queue_and_task_publication_enqueues_waiter_once ... ok
test runtime_value::tests::phase58_select_cross_worker_publication_wakes_the_pinned_waiter ... ok
test runtime_value::tests::phase58_select_preserves_queue_task_and_deadline_outcome_shapes ... ok
test runtime_value::tests::phase58_select_rearms_when_a_queue_wake_loses_the_atomic_receive_race ... ok
test runtime_value::tests::phase58_select_rechecks_task_deadline_and_cancellation_registration_races ... ok
test runtime_value::tests::phase58_select_rejects_a_deadline_that_overflows_after_source_validation ... ok
test runtime_value::tests::phase58_select_repeatable_task_winner_remains_reusable ... ok
test runtime_value::tests::phase58_select_unwind_during_subscription_cleans_every_loser_registration ... ok
test runtime_value::tests::phase58_select_uses_cancellation_first_then_original_source_index ... ok
test runtime_value::tests::phase58_select_uses_original_index_across_queue_task_deadline_permutations ... ok
test runtime_value::tests::phase58_select_validates_every_source_and_deadline_before_observing_readiness ... ok
test runtime_value::tests::phase73_observable_runtime_json_clone_preserves_empty_containers_and_nested_buffers ... ok
test runtime_value::tests::phase73_observable_runtime_task_group_cancellation_precedes_empty_completion ... ok
test runtime_value::tests::phase73_observable_runtime_task_group_distinguishes_values_and_normal_completion ... ok
test runtime_value::tests::phase73_observable_runtime_task_group_wait_wakes_as_cancelled ... ok
test runtime_value::tests::practical_format_specifications_are_unicode_aware_and_width_exact ... ok
test runtime_value::tests::process_child_helpers_cover_empty_command_and_cancellation_edges ... ok
test runtime_value::tests::process_completed_values_preserve_output_status_and_check_semantics ... ok
test runtime_value::tests::process_config_decoders_report_unknown_and_wrong_variants ... ok
test runtime_value::tests::process_pipe_helpers_cover_read_all_and_pipe_direction_errors ... ok
test runtime_value::tests::process_pipe_helpers_cover_stderr_reads_and_closed_edges ... ok
test runtime_value::tests::process_stdout_supports_line_then_byte_reads ... ok
test runtime_value::tests::process_supervisor_wait_or_none_and_stop_cover_public_outcomes ... ok
test runtime_value::tests::protocol_state_step_panics_return_owned_state_and_preserve_the_service ... ok
test runtime_value::tests::protocol_step_deadlines_cover_queue_saturation_and_late_completion ... ok
test runtime_value::tests::protocol_step_panics_signal_the_waiter_and_preserve_the_service ... ok
test runtime_value::tests::protocol_steps_do_not_consume_a_forced_256_kib_caller_stack ... ok
test runtime_value::tests::protocol_steps_run_on_the_dedicated_service_and_resume_siblings ... ok
test runtime_value::tests::pure_rust_abandoned_task_unwinds_owned_values_once_at_teardown ... ok
test runtime_value::tests::python_zero_pad_shorthand_places_padding_after_the_numeric_sign ... ok
test runtime_value::tests::queue_empty_to_nonempty_transition_wakes_all_receivers_once ... ok
test runtime_value::tests::queue_iteration_ignores_nonproducer_reachability_handles ... ok
test runtime_value::tests::queue_iteration_wait_wakes_for_unobserved_task_group_failure ... ok
test runtime_value::tests::queue_task_role_registries_are_keyed_and_prune_task_churn ... ok
test runtime_value::tests::real_task_completion_directly_wakes_reactor_result_subscription ... ok
test runtime_value::tests::released_blocking_io_slot_skips_expired_oldest_waiter_and_accepts_next_in_fifo ... ok
test runtime_value::tests::render_float_formats_current_surface ... ok
test runtime_value::tests::resolving_a_scheduler_wait_removes_all_source_subscriptions ... ok
test runtime_value::tests::retry_host_dispatch_rejects_inexact_runtime_argument_types ... ok
test runtime_value::tests::retry_runtime_policy_validates_host_limits_and_checked_doubling ... ok
test runtime_value::tests::root_scheduler_stack_allocation_failure_is_synchronous_and_preserves_admission_order ... ok
test runtime_value::tests::runtime_io_wait_helpers_cover_deadlines_cancellation_and_poll_edges ... ok
test runtime_value::tests::runtime_scheduler_wakes_select_wait_on_cancellation ... ok
test runtime_value::tests::runtime_scheduler_wakes_sleep_on_cancellation ... ok
test runtime_value::tests::shutdown_drains_spawn_races_without_leaving_running_handles ... ok
test runtime_value::tests::single_worker_nested_spawns_preserve_admission_fifo_and_immediate_child_waits ... ok
test runtime_value::tests::socket_timeouts_honor_the_requested_budget ... ok
test runtime_value::tests::supervisor_delays_restarts_and_reports_restart_counts ... ok
test runtime_value::tests::supervisor_rejects_zero_backoff_when_restart_is_enabled ... ok
test runtime_value::tests::supervisor_reports_restart_spawn_failure_after_executable_disappears ... ok
test runtime_value::tests::supervisor_start_preserves_spawn_failures_in_the_typed_error_carrier ... ok
test runtime_value::tests::supervisor_wait_or_none_deadline_overflow_is_a_typed_error ... ok
test runtime_value::tests::task_and_cancellation_helpers_cover_current_runtime_contract ... ok
test runtime_value::tests::task_completion_clears_abandoned_join_dependencies ... ok
test runtime_value::tests::task_execution_finalization_maps_failures_to_task_results ... ok
test runtime_value::tests::task_group_and_queue_registration_precede_remote_task_submission ... ok
test runtime_value::tests::task_group_cleanup_probe_detects_unbounded_waits_after_fresh_spawns ... ok
test runtime_value::tests::task_group_reachability_rechecks_queue_after_a_waker_completes ... ok
test runtime_value::tests::task_group_wake_flags_cover_already_completed_and_duplicate_registrations ... ok
test runtime_value::tests::task_result_batch_claim_rejects_duplicate_aliases_and_cleanup_does_not_consume ... ok
test runtime_value::tests::task_result_observation_claim_has_exactly_one_race_winner ... ok
test runtime_value::tests::task_result_observation_claim_is_shared_by_aliases_and_repeatable_when_allowed ... ok
test runtime_value::tests::task_wait_reachability_snapshot_does_not_retain_tasks_or_queues ... ok
test runtime_value::tests::task_wait_ready_reason_preserves_cancellation_source_deadline_fd_precedence ... ok
test runtime_value::tests::tcp_and_http_helpers_handle_large_payloads ... ok
test runtime_value::tests::tcp_combined_resolve_connect_adapter_recovers_queued_work_after_resolver_saturation ... ok
test runtime_value::tests::tcp_connect_cancellation_stops_waiting_for_an_inflight_resolver ... ok
test runtime_value::tests::tcp_connect_candidates_share_one_timeout_budget ... ok
test runtime_value::tests::tcp_connect_offloads_slow_resolution_without_starving_a_sibling_timer ... ok
test runtime_value::tests::tcp_connect_reports_empty_resolution_with_the_original_address ... ok
test runtime_value::tests::tcp_connect_timeout_budget_includes_resolution_wait ... ok
test runtime_value::tests::tcp_connect_timeout_offloads_resolution_without_a_lightweight_task_context ... ok
test runtime_value::tests::tcp_stream_accessors_reads_half_shutdowns_and_closed_errors_are_consistent ... ok
test runtime_value::tests::tcp_udp_http_and_websocket_helpers_cover_timeout_and_protocol_surface ... ok
test runtime_value::tests::tls_and_websocket_validation_fail_before_remote_protocol_io ... ok
test runtime_value::tests::tls_handshake_deadline_caps_requested_timeout_to_default_budget ... ok
test runtime_value::tests::tls_listener_accept_is_not_linearly_delayed_by_multiple_stalled_peers ... ok
test runtime_value::tests::tls_listener_accept_requires_a_completed_handshake ... ok
test runtime_value::tests::tls_listener_accept_skips_timed_out_handshakes_and_accepts_the_next_peer ... ok
test runtime_value::tests::tls_state_is_reusable_after_cancellation_at_a_protocol_step_boundary ... ok
test runtime_value::tests::tuple_value_equality_uses_elements_not_runtime_type_metadata ... ok
test runtime_value::tests::tuple_values_preserve_type_metadata_equality_and_rendering ... ok
test runtime_value::tests::udp_datagrams_preserve_bytes_and_socket_waits_report_timeout_cancellation_and_close ... ok
test runtime_value::tests::unadmitted_cleanup_panics_are_diagnosed_after_terminalizing_the_task ... ok
test runtime_value::tests::unbounded_blocking_io_queue_accepts_without_admission_waiters ... ok
test runtime_value::tests::unix_and_tls_helpers_cover_local_socket_and_tls_surface ... ok
test runtime_value::tests::unix_connect_offloads_a_slow_connect_without_starving_a_sibling_timer ... ok
test runtime_value::tests::unix_error_normalization_helpers_cover_udp_and_websocket_edges ... ok
test runtime_value::tests::unix_fd_nonblocking_helper_toggles_socket_flags_and_reports_bad_fds ... ok
test runtime_value::tests::unix_listener_bind_rejects_existing_live_socket_paths ... ok
test runtime_value::tests::unix_listener_bind_rejects_existing_regular_files ... ok
test runtime_value::tests::unix_tls_and_websocket_resources_use_nonblocking_descriptors_internally ... ok
test runtime_value::tests::unobserved_task_cleanup_does_not_register_discarded_queue_results ... ok
test runtime_value::tests::value_equality_and_render_cover_collection_shapes ... ok
test runtime_value::tests::vectorized_float_division_preserves_empty_and_allocation_error_precedence ... ok
test runtime_value::tests::websocket_cross_type_messages_and_close_state_are_observable ... ok
test runtime_value::tests::websocket_error_mapping_preserves_io_error_kinds ... ok
test runtime_value::tests::websocket_handshake_rejections_are_observable_on_both_transport_roles ... ok
test runtime_value::tests::websocket_ipv6_host_header_retains_brackets_and_explicit_port ... ok
test runtime_value::tests::worker_coordinator_preserves_round_robin_admission_and_shutdown_accounting ... ok
test runtime_value::tests::worker_infrastructure_failures_cancel_root_cleanup_once_and_return_diagnostics ... ok
test sema::tests::a_projected_branch_result_field_is_consumed_from_every_arm ... ok
test sema::tests::adr0038_additional_view_diagnostics_cover_call_and_tuple_place_edges ... ok
test sema::tests::adr0038_assignment_indices_cannot_read_mutable_returned_views ... ok
test sema::tests::adr0038_branch_local_loan_expiry_is_independent_of_arm_order ... ok
test sema::tests::adr0038_call_initialized_view_aliases_keep_exact_returned_footprints ... ok
test sema::tests::adr0038_closure_capture_loans_support_reborrowing_and_reject_overlap ... ok
test sema::tests::adr0038_closure_loans_block_mutable_calls_and_owned_moves ... ok
test sema::tests::adr0038_concrete_generic_trait_calls_narrow_returned_view_footprints ... ok
test sema::tests::adr0038_consuming_aggregate_arguments_reject_nested_loan_closures ... ok
test sema::tests::adr0038_control_flow_forwarding_summaries_keep_exact_tuple_projections ... ok
test sema::tests::adr0038_copy_view_reads_can_write_through_an_existing_mutable_view ... ok
test sema::tests::adr0038_copy_views_never_decay_into_owned_values ... ok
test sema::tests::adr0038_deep_mutable_reborrows_suspend_and_resume_every_ancestor ... ok
test sema::tests::adr0038_direct_calls_cannot_erase_loan_closure_regions ... ok
test sema::tests::adr0038_explicit_capture_lists_are_exhaustive_and_capability_checked ... ok
test sema::tests::adr0038_forwarded_footprints_are_complete_and_exact ... ok
test sema::tests::adr0038_functions_cannot_return_loan_bearing_closures ... ok
test sema::tests::adr0038_generic_calls_cannot_erase_loan_closure_regions ... ok
test sema::tests::adr0038_grouped_closure_moves_and_view_task_arguments_retain_authority ... ok
test sema::tests::adr0038_grouped_closures_and_closure_children_retain_their_loans ... ok
test sema::tests::adr0038_if_elif_conditions_use_the_previous_false_edge_state ... ok
test sema::tests::adr0038_imported_generic_specializations_keep_owner_relative_footprints ... ok
test sema::tests::adr0038_inline_explicit_captures_acquire_their_loans_immediately ... ok
test sema::tests::adr0038_lambda_capture_lists_reject_unused_and_immutable_mut_entries ... ok
test sema::tests::adr0038_lambda_owned_results_cannot_erase_returned_view_regions ... ok
test sema::tests::adr0038_last_use_walkers_retain_slice_comparison_and_nested_block_end_spans ... ok
test sema::tests::adr0038_loan_closure_regions_follow_moves_and_reject_aggregate_escape ... ok
test sema::tests::adr0038_loan_closures_reject_every_aggregate_storage_shape ... ok
test sema::tests::adr0038_loan_closures_reject_unsupported_deferred_flows ... ok
test sema::tests::adr0038_loop_carried_views_and_wrapped_returned_views_do_not_escape ... ok
test sema::tests::adr0038_loop_headers_keep_loans_live_and_if_conditions_end_on_their_edge ... ok
test sema::tests::adr0038_match_and_iteration_locks_use_canonical_physical_places ... ok
test sema::tests::adr0038_mutable_result_context_checks_preserve_nested_scopes_and_moves ... ok
test sema::tests::adr0038_mutable_returned_view_arguments_preserve_capability_and_overlap ... ok
test sema::tests::adr0038_mutable_returned_views_reject_all_read_only_control_contexts ... ok
test sema::tests::adr0038_mutable_returned_views_require_a_mutable_view_context ... ok
test sema::tests::adr0038_nested_dynamic_returned_views_keep_a_conservative_footprint ... ok
test sema::tests::adr0038_nested_place_types_are_nonconsuming_and_alias_relative ... ok
test sema::tests::adr0038_owned_sinks_cannot_erase_returned_view_regions ... ok
test sema::tests::adr0038_projected_returned_views_preserve_capability_and_parentage ... ok
test sema::tests::adr0038_reborrow_suspension_and_nested_last_use_are_enforced ... ok
test sema::tests::adr0038_recursive_projection_cycles_remain_conservative ... ok
test sema::tests::adr0038_recursive_singleton_forwarding_keeps_its_exact_footprint ... ok
test sema::tests::adr0038_reference_walker_exercises_nonmatching_nested_paths ... ok
test sema::tests::adr0038_return_statement_diagnostics_cover_contract_and_place_mismatches ... ok
test sema::tests::adr0038_returned_shared_iterables_lock_their_origin ... ok
test sema::tests::adr0038_returned_view_arguments_retain_their_physical_places ... ok
test sema::tests::adr0038_returned_view_capability_trait_dispatch_and_footprints_are_checked ... ok
test sema::tests::adr0038_returned_view_control_contexts_preserve_capability_and_lifetime ... ok
test sema::tests::adr0038_returned_view_lookup_is_local_first_and_group_transparent ... ok
test sema::tests::adr0038_returned_view_metadata_lookup_is_inert_for_ordinary_type_calls ... ok
test sema::tests::adr0038_returned_views_cannot_hide_in_groups_returns_or_aggregates ... ok
test sema::tests::adr0038_returned_views_never_become_owned_values ... ok
test sema::tests::adr0038_returned_views_reject_nested_literal_and_call_storage_contexts ... ok
test sema::tests::adr0038_returned_views_require_declared_origin_provenance ... ok
test sema::tests::adr0038_self_origin_trait_contracts_compare_by_receiver_slot ... ok
test sema::tests::adr0038_shared_children_suspend_parents_and_projected_reborrows_resume_them ... ok
test sema::tests::adr0038_shared_repeats_self_reborrows_and_mutable_capture_transfer_are_checked ... ok
test sema::tests::adr0038_shared_views_support_direct_read_contexts_and_copy_projections ... ok
test sema::tests::adr0038_statement_reference_walker_covers_every_statement_shape ... ok
test sema::tests::adr0038_transitive_method_forwarding_keeps_exact_footprints ... ok
test sema::tests::adr0038_tuple_view_places_reject_dynamic_negative_and_out_of_range_positions ... ok
test sema::tests::adr0038_tuple_views_use_nonconsuming_places_and_preserve_parent_capability ... ok
test sema::tests::adr0038_view_binding_diagnostics_cover_kind_place_and_shadowing_errors ... ok
test sema::tests::adr0038_view_capabilities_follow_receiver_and_argument_passing ... ok
test sema::tests::adr0038_view_place_helpers_cover_defensive_call_and_projection_edges ... ok
test sema::tests::adr0038_view_return_contract_validation_covers_every_invalid_origin ... ok
test sema::tests::adr0038_views_cannot_escape_through_assignment_or_destructuring_sinks ... ok
test sema::tests::adr0038_views_enforce_overlap_and_shorten_at_last_use ... ok
test sema::tests::adr0038_views_of_copy_values_are_neither_owned_captures_nor_transferable ... ok
test sema::tests::adr0038_whole_copy_views_cannot_escape_through_owned_returns ... ok
test sema::tests::array_constructor_remains_a_global_type_inside_binary_expressions ... ok
test sema::tests::array_containment_disables_membership_and_key_deduplication ... ok
test sema::tests::array_containment_recursively_disables_structural_equality ... ok
test sema::tests::array_containment_rejects_contextual_empty_sets_and_map_indexing ... ok
test sema::tests::array_surface_rejects_invalid_dtypes_mixed_arithmetic_and_invalid_members ... ok
test sema::tests::array_surface_reports_reachable_constructor_member_and_operator_contracts ... ok
test sema::tests::array_surface_type_checks_constructors_members_operators_and_transfer ... ok
test sema::tests::assertion_introspection_dispatch_requires_two_shared_custom_operands ... ok
test sema::tests::bare_copy_matches_retain_logical_shared_access_through_the_arm ... ok
test sema::tests::bitwise_shift_and_power_operators_require_the_accepted_exact_numeric_types ... ok
test sema::tests::borrowed_conditional_result_preserves_internal_arm_consumption ... ok
test sema::tests::borrowed_copy_return_assignments_bind_as_plain_values ... ok
test sema::tests::borrowed_match_result_preserves_internal_arm_consumption ... ok
test sema::tests::branch_expressions_reject_capturing_closure_unions_with_teaching_diagnostics ... ok
test sema::tests::builtin_bare_copy_arguments_retain_shared_access_through_later_arguments ... ok
test sema::tests::builtin_call_and_member_resolution_surface_type_checks ... ok
test sema::tests::builtin_method_names_cannot_be_shadowed_on_any_builtin_target ... ok
test sema::tests::builtin_omitted_marker_is_valid_only_while_checking_generated_defaults ... ok
test sema::tests::callable_equality_is_rejected_uniformly_for_function_values_and_closures ... ok
test sema::tests::capture_free_function_types_are_copy_values_with_declaration_spelling ... ok
test sema::tests::capture_free_lambda_coerces_to_an_ordinary_copy_function_value ... ok
test sema::tests::capturing_closure_storage_rejection_is_uniform_across_collection_and_field_surfaces ... ok
test sema::tests::capturing_closure_uses_annotation_as_context_without_erasing_ownership ... ok
test sema::tests::check_lowers_generic_top_level_items_and_impls ... ok
test sema::tests::check_rejects_duplicate_ordinary_parameter_names ... ok
test sema::tests::check_reports_duplicate_recursive_and_copy_class_errors ... ok
test sema::tests::check_reports_duplicate_type_params_across_top_level_item_kinds ... ok
test sema::tests::check_reports_field_default_and_trait_impl_validation_errors ... ok
test sema::tests::check_reports_top_level_lowering_errors_from_source ... ok
test sema::tests::check_with_context_covers_imported_binding_registration_and_duplicate_item_paths ... ok
test sema::tests::checker_assignment_helper_paths_cover_index_member_and_binding_edges ... ok
test sema::tests::checker_builtin_constructor_and_variant_error_edges_cover_direct_paths ... ok
test sema::tests::checker_builtin_function_success_surface_infers_expected_types ... ok
test sema::tests::checker_call_surface_helpers_cover_builtin_constructors_and_builtin_calls ... ok
test sema::tests::checker_class_constructor_direct_errors_cover_field_binding_edges ... ok
test sema::tests::checker_direct_entrypoints_cover_top_level_function_method_and_impl_paths ... ok
test sema::tests::checker_expression_helper_paths_cover_collection_specialization_and_control_edges ... ok
test sema::tests::checker_function_default_loop_and_resource_validation_cover_additional_branches ... ok
test sema::tests::checker_helper_paths_cover_explicit_type_args_and_pattern_unification_edges ... ok
test sema::tests::checker_helper_paths_cover_imported_modules_type_args_and_binding_consumption ... ok
test sema::tests::checker_loop_const_bool_conditions_cover_grouped_and_negated_forms ... ok
test sema::tests::checker_loop_move_helper_reports_full_and_partial_repeated_moves ... ok
test sema::tests::checker_match_and_builtin_error_surfaces_cover_remaining_branches ... ok
test sema::tests::checker_member_call_helpers_cover_string_map_set_and_channel_builtins ... ok
test sema::tests::checker_member_call_helpers_cover_successful_string_vec_map_and_runtime_surfaces ... ok
test sema::tests::checker_module_member_type_edges_cover_private_and_uncalled_members ... ok
test sema::tests::checker_module_resolution_helpers_cover_current_module_and_index_wrappers ... ok
test sema::tests::checker_move_consumption_helpers_cover_managed_specialized_member_and_match_paths ... ok
test sema::tests::checker_select_and_assignment_direct_helpers_cover_remaining_error_and_success_paths ... ok
test sema::tests::checker_small_helper_utilities_cover_default_arg_and_recursive_type_paths ... ok
test sema::tests::checker_type_of_call_covers_associated_methods_generic_variants_and_private_fields ... ok
test sema::tests::checker_user_call_argument_mismatch_reports_direct_callable_mismatch ... ok
test sema::tests::class_field_default_calls_keep_the_callable_boundary_diagnostic ... ok
test sema::tests::clone_producing_operations_cannot_duplicate_task_observation_rights ... ok
test sema::tests::clone_rejection_follows_stored_task_rights_through_classes_enums_and_generics ... ok
test sema::tests::closure_diagnostics_reject_branch_environment_erasure_against_named_functions ... ok
test sema::tests::closure_diagnostics_reject_explicit_specialization_of_concrete_signatures ... ok
test sema::tests::closure_diagnostics_reject_inferred_generic_field_environment_erasure ... ok
test sema::tests::closure_diagnostics_reject_map_key_environment_erasure ... ok
test sema::tests::closure_type_keeps_compact_runtime_layout_and_stable_serialization ... ok
test sema::tests::comparison_chains_evaluate_each_operand_once_and_short_circuit ... ok
test sema::tests::composite_and_projected_arguments_conflict_with_a_retained_shared_argument ... ok
test sema::tests::comprehension_arguments_preserve_owned_results_and_allow_source_reuse ... ok
test sema::tests::comprehension_contextual_output_mismatches_name_each_collection_position ... ok
test sema::tests::comprehension_default_parameter_dependencies_cover_filters_nested_sources_and_map_outputs ... ok
test sema::tests::comprehension_default_tuple_targets_shadow_same_named_parameters ... ok
test sema::tests::comprehension_defaults_find_parameter_dependencies_inside_nested_expression_containers ... ok
test sema::tests::comprehension_filters_targets_and_contextual_results_are_checked_exactly ... ok
test sema::tests::comprehension_lambda_capture_collection_covers_filters_sets_and_map_positions ... ok
test sema::tests::comprehension_lambda_capture_scopes_follow_adr_0037 ... ok
test sema::tests::comprehension_lockstep_sources_reject_non_collection_inputs_with_teaching_diagnostics ... ok
test sema::tests::comprehension_owned_storage_diagnostics_distinguish_cloneable_and_noncloneable_values ... ok
test sema::tests::comprehension_ownership_freezes_sources_and_never_hides_clones_or_repeated_moves ... ok
test sema::tests::comprehension_walkers_cover_default_parameter_references_and_bad_iterables ... ok
test sema::tests::comprehensions_in_function_and_field_defaults_retain_lowering_metadata ... ok
test sema::tests::comprehensions_share_bare_loop_types_and_export_progressive_metadata ... ok
test sema::tests::concrete_function_values_keep_named_and_default_call_rules ... ok
test sema::tests::concrete_operator_trait_resolution_reports_ambiguity_for_equal_specificity_impls ... ok
test sema::tests::conditional_arm_rejects_direct_consumption_followed_by_an_internal_move ... ok
test sema::tests::conditional_arm_still_rejects_an_internal_move_followed_by_direct_reuse ... ok
test sema::tests::conditional_condition_moves_are_visible_to_both_result_arms ... ok
test sema::tests::conditional_consumption_keeps_direct_else_arm_branch_local ... ok
test sema::tests::conditional_consumption_keeps_direct_then_arm_branch_local ... ok
test sema::tests::conditional_defaults_reject_references_from_every_operand ... ok
test sema::tests::conditional_expression_inference_is_symmetric_for_contextual_values_and_literals ... ok
test sema::tests::conditional_expressions_require_bool_unify_arms_and_merge_branch_moves ... ok
test sema::tests::conditional_inference_combines_complementary_empty_collection_context ... ok
test sema::tests::conditional_inference_exchanges_set_and_map_literal_shapes ... ok
test sema::tests::conditional_inference_recurses_through_collection_shapes ... ok
test sema::tests::conditional_inference_recursively_unifies_peer_tuple_and_generic_literals ... ok
test sema::tests::conditional_inference_speculation_uses_isolated_result_replay ... ok
test sema::tests::conditional_operands_participate_in_retained_access_conflicts ... ok
test sema::tests::conditional_result_consumption_interleaves_nested_composite_elements ... ok
test sema::tests::conditional_result_consumption_preserves_preexisting_moves ... ok
test sema::tests::conditional_result_consumption_preserves_unrelated_partial_moves ... ok
test sema::tests::conditional_result_places_participate_in_call_access_conflicts ... ok
test sema::tests::conditional_task_observation_consumption_participates_in_argument_overlap ... ok
test sema::tests::consuming_a_conditional_moves_values_from_both_possible_arms ... ok
test sema::tests::consuming_a_field_of_a_conditional_result_moves_each_possible_field ... ok
test sema::tests::consuming_a_field_of_a_match_result_moves_each_possible_field ... ok
test sema::tests::consuming_capture_makes_the_closure_single_use ... ok
test sema::tests::contextual_generic_function_values_report_each_specialization_failure_at_the_value ... ok
test sema::tests::contextual_none_equality_type_checks_symmetrically ... ok
test sema::tests::contextual_none_rejects_non_optional_comparisons_symmetrically ... ok
test sema::tests::control_flow_reassignment_intersects_function_contracts ... ok
test sema::tests::copy_and_type_classifier_helpers_cover_builtin_and_user_types ... ok
test sema::tests::d3_assert_checks_exact_types_and_remains_fallthrough ... ok
test sema::tests::d3_assert_keeps_condition_effects_and_discards_lazy_message_effects ... ok
test sema::tests::d3_generic_calls_use_expected_results_to_contextually_type_literal_arguments ... ok
test sema::tests::d3_int_alias_canonicalizes_across_signatures_generics_and_casts ... ok
test sema::tests::d3_int_alias_is_a_reserved_builtin_type_name ... ok
test sema::tests::d3_unhinted_integer_literals_default_to_checked_int64 ... ok
test sema::tests::d4_string_indexing_remains_rejected ... ok
test sema::tests::d6_builtin_retention_metadata_controls_observable_consumption ... ok
test sema::tests::d6_implicit_borrows_are_reusable_and_consumption_teaches_own ... ok
test sema::tests::d6_parameter_defaults_allow_shared_and_owned_temporaries_but_reject_borrow_mut ... ok
test sema::tests::d6_parameter_defaults_resolve_once_from_declared_types ... ok
test sema::tests::d6_place_iteration_and_queue_receive_have_distinct_ownership ... ok
test sema::tests::d6_qualified_imported_copy_types_resolve_through_module_namespaces ... ok
test sema::tests::d6_task_captures_are_owned_while_shared_child_parameters_are_allowed ... ok
test sema::tests::default_argument_and_trait_bound_helpers_cover_nested_expression_cases ... ok
test sema::tests::default_argument_reference_detection_walks_nested_expression_shapes ... ok
test sema::tests::dict_items_clone_observers_preserve_single_task_result_rights ... ok
test sema::tests::duration_static_and_mixed_operand_errors_name_the_supported_types ... ok
test sema::tests::duration_static_conversions_and_builtin_operator_surface_type_checks ... ok
test sema::tests::dynamic_function_contracts_retain_only_names_and_defaults_that_agree ... ok
test sema::tests::empty_set_constructor_requires_an_explicit_element_type ... ok
test sema::tests::enumerate_and_zip_iterate_in_lockstep_over_the_bare_loop_default ... ok
test sema::tests::equality_and_membership_remain_available_for_array_free_values ... ok
test sema::tests::equality_dependent_collection_surfaces_reject_callables_and_rng_state ... ok
test sema::tests::ffi_calls_preserve_the_declared_result_type_in_aura_contexts ... ok
test sema::tests::ffi_closures_that_capture_opaque_handles_use_the_callable_equality_diagnostic ... ok
test sema::tests::ffi_direct_call_only_contract_covers_specialization_values_and_tasks ... ok
test sema::tests::ffi_extern_metadata_supports_from_and_qualified_import_calls ... ok
test sema::tests::ffi_externs_are_direct_call_only_and_opaque_handles_are_not_transferable ... ok
test sema::tests::ffi_from_imported_opaque_handles_preserve_canonical_type_identity ... ok
test sema::tests::ffi_opaque_handle_duplication_is_rejected_through_structural_and_generic_shapes ... ok
test sema::tests::ffi_opaque_handle_equality_is_rejected_when_the_handle_is_the_right_operand ... ok
test sema::tests::ffi_opaque_handles_and_containing_values_do_not_have_equality ... ok
test sema::tests::ffi_opaque_handles_are_rejected_by_reachable_clone_producing_collection_observers ... ok
test sema::tests::ffi_opaque_handles_reject_pointer_arithmetic_and_address_ordering ... ok
test sema::tests::ffi_opaque_handles_remain_movable_out_of_collections_without_duplication ... ok
test sema::tests::ffi_opaque_signature_validation_uses_canonical_nominal_identity ... ok
test sema::tests::ffi_qualified_externs_remain_direct_call_only_as_values_and_task_targets ... ok
test sema::tests::ffi_qualified_imports_do_not_expose_private_extern_declarations ... ok
test sema::tests::ffi_qualified_imports_do_not_expose_private_opaque_handles ... ok
test sema::tests::ffi_qualified_public_opaque_handles_are_valid_in_signatures_and_non_cloneable ... ok
test sema::tests::ffi_v0_accepts_fixed_width_scalar_signatures_and_the_int64_alias ... ok
test sema::tests::ffi_v0_rejects_duplicate_names_and_unsupported_returns ... ok
test sema::tests::ffi_v0_rejects_unsupported_abi_types_and_returned_views ... ok
test sema::tests::ffi_v0_validates_views_and_opaque_handle_capabilities ... ok
test sema::tests::floor_div_operator_dispatches_to_the_floor_div_trait_after_builtins ... ok
test sema::tests::function_reassignment_intersects_named_and_default_contracts ... ok
test sema::tests::function_signature_helper_constructor_is_used ... ok
test sema::tests::function_type_helpers_preserve_nested_generic_shape_and_capability_diagnostics ... ok
test sema::tests::function_types_are_transfer_and_do_not_create_task_observation_rights ... ok
test sema::tests::function_value_diagnostics_distinguish_lowering_capability_and_call_contract_failures ... ok
test sema::tests::function_value_specialization_enforces_clone_safety_at_value_creation ... ok
test sema::tests::function_value_task_targets_preserve_call_and_transfer_failure_diagnostics ... ok
test sema::tests::function_values_are_transfer_task_targets ... ok
test sema::tests::generic_choose_returns_only_the_callable_contract_common_to_all_evidence ... ok
test sema::tests::generic_equality_rejects_array_substitutions_without_rejecting_eligible_ones ... ok
test sema::tests::generic_function_values_support_explicit_and_contextual_specialization ... ok
test sema::tests::generic_method_and_trait_dispatch_propagate_array_equality_obligations ... ok
test sema::tests::imported_generic_function_values_specialize_as_values_and_task_targets ... ok
test sema::tests::imported_module_functions_are_first_class_values ... ok
test sema::tests::index_domain_accepts_default_int64_variables ... ok
test sema::tests::index_domain_positions_contextually_type_literals_as_int64 ... ok
test sema::tests::indexed_compound_assignment_guidance_follows_the_element_clone_safety ... ok
test sema::tests::indexed_read_guidance_follows_the_element_clone_safety ... ok
test sema::tests::inferred_collection_storage_does_not_hide_capturing_closure_metadata ... ok
test sema::tests::inferred_function_values_preserve_own_and_mut_capabilities ... ok
test sema::tests::inferred_own_and_mut_function_contracts_survive_generic_and_storage_paths ... ok
test sema::tests::integer_base_spellings_preserve_contextual_fixed_width_typing ... ok
test sema::tests::lambda_capture_discovery_covers_nested_and_composite_expression_surfaces ... ok
test sema::tests::lambda_capture_discovery_respects_match_pattern_shadowing ... ok
test sema::tests::lambda_capture_discovery_tracks_composite_expressions_in_lexical_order ... ok
test sema::tests::lambda_capture_rejects_already_moved_partially_moved_and_shared_local_state ... ok
test sema::tests::lambda_context_diagnostics_pin_inference_arity_and_capability_boundaries ... ok
test sema::tests::lambda_defaults_respect_parameter_shadowing_and_reject_outer_parameter_capture ... ok
test sema::tests::lambdas_infer_contextual_parameters_and_record_lexical_capture_metadata ... ok
test sema::tests::len_delegates_to_the_value_and_str_renders_it ... ok
test sema::tests::lower_supertraits_reports_unknown_arity_and_lowers_self_args ... ok
test sema::tests::lower_trait_bounds_reports_unknown_traits_and_arity_mismatches ... ok
test sema::tests::lower_type_and_imported_context_helpers_cover_builtin_and_context_paths ... ok
test sema::tests::lower_type_covers_builtin_generic_and_error_paths ... ok
test sema::tests::match_arm_rejects_direct_consumption_followed_by_an_internal_move ... ok
test sema::tests::match_borrow_mut_requires_a_mutable_place_scrutinee ... ok
test sema::tests::match_consumption_keeps_direct_false_arm_branch_local ... ok
test sema::tests::match_consumption_keeps_direct_true_arm_branch_local ... ok
test sema::tests::math_module_requires_and_returns_exact_float64_types ... ok
test sema::tests::membership_and_chain_operands_are_visible_to_defaults_and_argument_reads ... ok
test sema::tests::membership_tests_read_supported_containers_and_reject_the_rest ... ok
test sema::tests::method_receiver_borrow_aliasing_checks_overlap_and_distinct_places ... ok
test sema::tests::method_values_and_function_trait_dispatch_are_explicitly_out_of_scope ... ok
test sema::tests::module_constant_diagnostic_names_the_later_top_level_script_local ... ok
test sema::tests::module_namespace_and_builtin_enum_helpers_cover_resolution_paths ... ok
test sema::tests::module_qualified_builtin_io_error_variants_type_check ... ok
test sema::tests::moved_collection_diagnostic_offers_the_canonical_copy_member ... ok
test sema::tests::moving_a_payload_out_of_a_bare_match_names_match_own ... ok
test sema::tests::mutable_access_to_a_capture_is_rejected_until_fnmut_exists ... ok
test sema::tests::mutable_function_storage_erases_names_and_defaults_but_keeps_exact_calls ... ok
test sema::tests::mutable_noncopy_sources_cannot_form_local_aliases ... ok
test sema::tests::named_function_values_cover_variables_parameters_fields_and_collections ... ok
test sema::tests::namespace_and_type_parameter_helpers_cover_registration_lookup_and_collection ... ok
test sema::tests::nested_imported_module_functions_are_first_class_values ... ok
test sema::tests::noncopy_capture_moves_at_creation_and_reports_au3001_on_later_use ... ok
test sema::tests::operator_dispatch_propagates_array_equality_contracts ... ok
test sema::tests::operator_method_from_type_param_reports_ambiguity_when_multiple_bounds_match ... ok
test sema::tests::operator_trait_and_bound_helpers_cover_checker_resolution_paths ... ok
test sema::tests::operator_trait_helpers_map_supported_operators ... ok
test sema::tests::owned_builtin_snapshots_are_transfer_but_live_authority_is_not ... ok
test sema::tests::owned_result_consumption_keeps_enum_variant_paths_out_of_place_tracking ... ok
test sema::tests::owned_slice_endpoints_use_the_int64_index_domain ... ok
test sema::tests::owned_slices_reject_unsupported_bases_and_string_scalar_indexing_remains_unavailable ... ok
test sema::tests::owned_vec_and_string_slices_preserve_result_types_and_sources ... ok
test sema::tests::ownership_help_uses_current_capability_language ... ok
test sema::tests::place_path_and_resource_helpers_cover_remaining_checker_paths ... ok
test sema::tests::qualified_imported_generic_constructor_inference_and_substituted_bounds_are_enforced ... ok
test sema::tests::qualified_imported_generic_constructors_preserve_substitutions_and_nominal_identity ... ok
test sema::tests::queue_transport_requires_transfer_payloads_but_handle_only_methods_do_not ... ok
test sema::tests::queue_try_put_enforces_structural_transfer_at_the_payload_span ... ok
test sema::tests::random_rng_cannot_be_publicly_cloned_through_containers_or_user_types ... ok
test sema::tests::random_rng_clone_producing_collection_and_task_observers_are_rejected ... ok
test sema::tests::random_rng_clone_safety_defers_generic_obligations_to_use_sites ... ok
test sema::tests::random_rng_is_non_copy_and_builtin_methods_cannot_be_shadowed ... ok
test sema::tests::random_static_surface_rejects_wrong_types_and_immutable_places ... ok
test sema::tests::random_static_surface_supports_qualified_and_imported_rng_use ... ok
test sema::tests::random_unavailable_secure_float_is_an_unknown_member ... ok
test sema::tests::range_is_transfer_without_becoming_copy ... ok
test sema::tests::range_iteration_rejects_ownership_modifiers_and_keeps_the_bare_form ... ok
test sema::tests::recursive_array_free_enums_remain_equality_eligible ... ok
test sema::tests::recursive_result_shapes_remain_single_consumer_without_nontermination ... ok
test sema::tests::repeated_generic_evidence_intersects_callable_contract_metadata ... ok
test sema::tests::reserved_type_names_are_rejected ... ok
test sema::tests::retained_access_help_names_the_conflicting_access_kind ... ok
test sema::tests::rng_clone_safety_covers_associated_operator_and_specialized_trait_routes ... ok
test sema::tests::rng_clone_safety_defers_obligations_through_generic_enum_payloads ... ok
test sema::tests::rng_clone_safety_from_method_generics_bind_the_actual_source ... ok
test sema::tests::rng_clone_safety_ignores_handle_payloads_and_ambiguous_nominal_fallbacks ... ok
test sema::tests::rng_clone_safety_is_enforced_when_try_selects_a_from_impl ... ok
test sema::tests::rng_clone_safety_method_inference_preserves_general_diagnostics ... ok
test sema::tests::rng_clone_safety_operator_inference_preserves_general_diagnostics ... ok
test sema::tests::rng_clone_safety_operator_method_generics_bind_the_actual_rhs ... ok
test sema::tests::rng_clone_safety_seeds_inherent_associated_method_class_type_arguments ... ok
test sema::tests::rng_clone_safety_terminates_for_expanding_recursive_generics ... ok
test sema::tests::rng_clone_safety_terminates_for_recursive_generic_enums ... ok
test sema::tests::rng_clone_safety_trait_contracts_cover_direct_and_bound_dispatch ... ok
test sema::tests::rng_clone_safety_trait_method_generics_wait_for_call_inference ... ok
test sema::tests::root_match_bindings_are_catch_alls_in_statements_and_expressions ... ok
test sema::tests::round_and_divmod_builtin_overloads_preserve_exact_static_types ... ok
test sema::tests::s1_frontend_collection_capacity_calls_report_missing_types_arity_members_and_values ... ok
test sema::tests::s1_frontend_match_guard_and_sort_reverse_errors_keep_specific_diagnostics ... ok
test sema::tests::s1_frontend_module_constant_failures_distinguish_collisions_order_unknowns_and_types ... ok
test sema::tests::s1_sema_collection_algorithms_pin_types_equality_and_lambda_key_orderability ... ok
test sema::tests::s1_sema_fifth_contextual_literals_lambdas_and_variants_keep_exact_errors ... ok
test sema::tests::s1_sema_fifth_custom_compound_operator_retains_the_target_access ... ok
test sema::tests::s1_sema_fifth_entry_module_rules_and_constant_plan_are_observable ... ok
test sema::tests::s1_sema_fifth_member_values_methods_and_missing_fields_stay_specific ... ok
test sema::tests::s1_sema_final_match_expression_or_patterns_preserve_result_types ... ok
test sema::tests::s1_sema_final_nested_or_patterns_keep_exact_errors ... ok
test sema::tests::s1_sema_final_task_specializations_preserve_matching_type_arguments ... ok
test sema::tests::s1_sema_fourth_collection_methods_pin_element_key_collection_and_capacity_types ... ok
test sema::tests::s1_sema_fourth_duplicate_ffi_items_report_the_prior_declaration_kind ... ok
test sema::tests::s1_sema_fourth_expected_builtin_enum_arity_and_len_receiver_stay_specific ... ok
test sema::tests::s1_sema_fourth_match_statements_and_expressions_pin_shape_diagnostics ... ok
test sema::tests::s1_sema_fstring_specs_report_syntax_and_interpolated_type_failures ... ok
test sema::tests::s1_sema_match_guards_and_or_patterns_pin_commit_binding_and_coverage_errors ... ok
test sema::tests::s1_sema_module_constants_reject_self_reentry_rebinding_mutation_and_moves ... ok
test sema::tests::s1_sema_sixth_bytes_conversion_pins_shared_input_and_result_type ... ok
test sema::tests::s1_sema_sixth_or_pattern_subsumption_remains_observable ... ok
test sema::tests::s1_sema_sixth_shared_collection_field_move_offers_the_exact_copy_fix ... ok
test sema::tests::s1_sema_type_pattern_unification_rejects_callable_kind_and_capture_mismatches ... ok
test sema::tests::s1_sema_typed_power_and_shift_diagnostics_preserve_exact_operand_contracts ... ok
test sema::tests::sema_helper_edges_cover_copy_defaults_literal_patterns_and_module_members ... ok
test sema::tests::sema_render_and_builtin_enum_hint_helpers_cover_remaining_paths ... ok
test sema::tests::sema_type_helper_suite_covers_default_args_patterns_and_classifiers ... ok
test sema::tests::shared_local_alias_rebinding_has_capability_aware_guidance ... ok
test sema::tests::shared_match_aliases_keep_source_provenance_until_last_use ... ok
test sema::tests::shared_parameter_capture_is_rejected_with_clone_or_own_guidance ... ok
test sema::tests::shared_self_projection_mutations_and_mutable_borrow_then_consume_are_actionable ... ok
test sema::tests::slice_base_is_retained_through_both_endpoint_expressions ... ok
test sema::tests::slice_walkers_cover_defaults_lambdas_and_nested_expression_positions ... ok
test sema::tests::source_derived_generic_closure_types_preserve_matching_and_clone_safety ... ok
test sema::tests::spawn_callable_resolution_covers_module_and_associated_targets ... ok
test sema::tests::structured_wait_helpers_cover_valid_and_error_paths ... ok
test sema::tests::task_boundaries_accept_structurally_transferable_values_and_results ... ok
test sema::tests::task_boundaries_derive_transfer_for_both_select_outcome_payload_categories ... ok
test sema::tests::task_boundary_diagnostics_explain_the_exact_nested_non_transfer_reason ... ok
test sema::tests::task_capture_materializes_copy_snapshots_but_not_noncopy_shared_views ... ok
test sema::tests::task_closure_targets_forward_owned_arguments_and_reject_mut_writeback ... ok
test sema::tests::task_closure_targets_preserve_consuming_types_and_reject_nontransfer_captures ... ok
test sema::tests::task_group_stack_override_checks_type_literal_bounds_and_target_arguments ... ok
test sema::tests::task_group_start_moves_a_transfer_closure_target_once ... ok
test sema::tests::task_observation_duplication_ignores_phantom_type_arguments ... ok
test sema::tests::task_repeatability_is_derived_through_every_symbolic_copy_wrapper ... ok
test sema::tests::task_result_observation_rights_follow_repeatability ... ok
test sema::tests::task_target_explicit_specialization_and_contextual_defaults_are_concrete ... ok
test sema::tests::task_target_specialization_accepts_nested_and_grouped_type_arguments ... ok
test sema::tests::task_transfer_checks_use_the_concrete_generic_specialization ... ok
test sema::tests::task_transfer_is_compiler_derived_and_not_a_user_trait_escape_hatch ... ok
test sema::tests::top_level_type_and_trait_helpers_cover_display_and_copy_paths ... ok
test sema::tests::trait_equality_contracts_reject_concrete_arrays_and_strengthening_impls ... ok
test sema::tests::trait_method_generics_defer_array_equality_until_call_inference ... ok
test sema::tests::transfer_coinduction_checks_changing_recursive_specializations ... ok
test sema::tests::transfer_diagnostics_preserve_dict_result_and_generic_witnesses ... ok
test sema::tests::transfer_recursion_does_not_skip_a_third_changing_specialization ... ok
test sema::tests::transfer_uses_stored_components_not_phantom_type_arguments ... ok
test sema::tests::try_consumes_each_possible_conditional_result_source ... ok
test sema::tests::tuple_equality_and_inequality_are_structural_and_non_consuming ... ok
test sema::tests::tuple_equality_requires_the_same_static_tuple_type ... ok
test sema::tests::tuple_loop_targets_and_match_patterns_are_structural ... ok
test sema::tests::tuple_ordering_rejects_all_four_operators_with_the_teaching_diagnostic ... ok
test sema::tests::tuple_pattern_unions_preserve_nested_bool_and_enum_exhaustiveness ... ok
test sema::tests::tuple_patterns_report_scrutinee_kind_and_expression_exhaustiveness ... ok
test sema::tests::tuple_type_helpers_preserve_generic_matching_and_recursive_storage_semantics ... ok
test sema::tests::tuples_destructure_recursively_and_consume_the_whole_non_copy_source ... ok
test sema::tests::tuples_type_contextual_none_indexing_and_recursive_copyability ... ok
test sema::tests::type_copy_and_display_helpers_cover_builtin_module_and_generic_paths ... ok
test sema::tests::type_pattern_and_collection_helpers_cover_recursive_and_error_paths ... ok
test sema::tests::typed_select_consumes_each_nonrepeatable_task_and_rejects_visible_duplicates ... ok
test sema::tests::typed_select_infers_source_categories_and_builtin_outcome_payloads ... ok
test sema::tests::typed_select_names_are_reserved_builtins ... ok
test sema::tests::typed_select_rejects_invalid_call_shapes_and_inconsistent_sources ... ok
test sema::tests::typed_select_rejects_non_cloneable_results_and_accepts_inline_task_rights ... ok
test sema::tests::user_defined_rng_class_does_not_acquire_random_module_semantics ... ok
test sema::tests::vec_algorithm_methods_enforce_arity_capability_returns_mutability_and_orderability ... ok
test sema::tests::vec_algorithm_methods_infer_callback_results_and_accept_existing_order_surface ... ok
test sema::tests::vec_callbacks_preserve_repeatable_closure_types_and_diagnose_invalid_values ... ok
test sema::tests::vec_filter_requires_clone_safe_retained_elements ... ok
test sema::tests::vec_literal_consumes_non_copy_elements_only_once ... ok
test sema::tests::vec_slices_require_structurally_clone_safe_elements ... ok
test sema::tests::written_function_types_preserve_nonshared_capabilities_and_reject_mismatches ... ok
test tests::additional_categorized_examples_run_with_expected_output ... ok
test tests::additional_categorized_examples_type_check ... ok
test tests::additional_module_examples_run_with_expected_output ... ok
test tests::async_file_io_keeps_the_scheduler_running_while_a_fifo_read_waits ... ok
test tests::bounded_queue_blocks_second_put_until_capacity_frees ... ok
test tests::broad_scratch_corpus_checks_analysis_and_mir_lowering_do_not_panic ... ok
test tests::broad_scratch_corpus_runtime_paths_do_not_panic ... ok
test tests::cancellation_wakes_queue_wait_tasks_promptly ... ok
test tests::cancellation_wakes_sleep_tasks_promptly ... ok
test tests::categorized_examples_run_with_expected_output ... ok
test tests::categorized_examples_type_check ... ok
test tests::control_flow_example_runs ... ok
test tests::corpus_case_timeout_reports_the_operation_and_path ... ok
test tests::corpus_case_timeout_scales_for_coverage_and_hosted_ci ... ok
test tests::explicit_mir_runtime_runs_the_point_milestone ... ok
test tests::exported_bindings_preserve_public_opaque_handle_identity_and_privacy ... ok
test tests::exported_callable_types_are_qualified_in_imported_analysis_hovers ... ok
test tests::hosted_ci_timing_policy_preserves_local_limits_and_scales_runner_limits ... ok
test tests::imported_function_return_types_keep_members_visible_across_modules ... ok
test tests::imported_nested_closures_preserve_qualified_capture_types_on_both_runtimes ... ok
test tests::imported_rng_clone_obligations_and_qualified_wrapper_identity_survive_namespaces ... ok
test tests::imported_same_leaf_class_identity_survives_mir_and_direct_lowering ... ok
test tests::imported_tuple_signatures_qualify_each_element_across_modules ... ok
test tests::lib_helper_paths_cover_relative_paths_missing_reads_and_import_qualification ... ok
test tests::lightweight_tasks_scale_to_thousands_of_waiting_tasks ... ok
test tests::maintained_example_tree_public_paths_do_not_panic ... ok
test tests::maintained_hello_world_example_runs ... ok
test tests::manifest_authorized_path_run_uses_the_trusted_ffi_runtime_route ... ok
test tests::mir_lowering_creates_blocks_for_control_flow ... ok
test tests::mir_runtime_reports_recursion_limit_before_overflowing_the_host_stack ... ok
test tests::mir_runtime_runs_class_methods_example ... ok
test tests::mir_runtime_runs_enum_match_example ... ok
test tests::mir_runtime_runs_queue_get_timeout_example_natively ... ok
test tests::mir_runtime_runs_queue_put_timeout_example_natively ... ok
test tests::mir_runtime_runs_queues_example_natively ... ok
test tests::mir_runtime_runs_send_result_example_natively ... ok
test tests::mir_runtime_runs_task_group_cancel_example_natively ... ok
test tests::mir_runtime_runs_task_group_queue_sum_example_natively ... ok
test tests::mir_runtime_runs_task_group_start_soon_example_natively ... ok
test tests::mir_runtime_runs_try_example_natively ... ok
test tests::mir_runtime_runs_with_example_natively ... ok
test tests::mir_runtime_still_supports_medium_recursion_below_the_limit ... ok
test tests::module_constant_plan_is_dependency_first_import_ordered_and_diamond_safe ... ok
test tests::module_constant_plan_reports_an_entry_missing_from_the_loader_cache ... ok
test tests::module_example_runs_with_expected_output ... ok
test tests::module_loader_helper_functions_cover_namespace_and_export_paths ... ok
test tests::module_loader_package_qualification_ignores_paths_outside_graph_sources ... ok
test tests::module_loader_rejects_symlinked_import_that_escapes_root_without_manifest ... ok
test tests::module_loader_reports_import_resolution_and_export_errors ... ok
test tests::mutable_top_level_binding_cannot_be_module_storage_beside_main ... ok
test tests::omitted_none_return_type_is_allowed ... ok
test tests::parses_the_point_milestone ... ok
test tests::path_with_source_mir_lowering_resolves_local_module_imports ... ok
test tests::path_wrapper_functions_cover_success_and_loader_error_paths ... ok
test tests::public_path_entry_and_dependency_update_facades_preserve_results ... ok
test tests::public_run_path_executes_file_io_example_with_path_context ... ok
test tests::public_run_path_executes_unix_and_tls_example_with_path_context ... ok
test tests::public_run_path_runs_queues_example_natively ... ok
test tests::public_run_path_runs_try_example_natively ... ok
test tests::public_run_path_runs_with_example_natively ... ok
test tests::public_sha256_hex_is_lowercase_and_preserves_leading_zeroes ... ok
test tests::qualified_inherent_associated_methods_use_class_type_arguments_for_clone_safety ... ok
test tests::runs_the_point_milestone ... ok
test tests::runtime_call_writeback_and_cleanup_surface_runs_consistently_through_public_and_explicit_mir_paths ... ok
test tests::runtime_corpus_exclusions_are_explicit_not_filename_heuristics ... ok
test tests::runtime_member_surface_matrix_runs_consistently_through_public_and_explicit_mir_paths ... ok
test tests::runtime_wrapper_matrix_preserves_sinks_args_entries_and_manifest_authorized_ffi ... ok
test tests::script_mode_mutable_locals_coexist_with_module_constants ... ok
test tests::serialized_mir_runner_executes_point_example ... ok
test tests::serialized_mir_runner_reports_invalid_embedded_mir ... ok
test tests::source_only_public_apis_reject_unmanifested_ffi ... ok
test tests::top_level_script_plain_and_compound_reassignment_share_the_mutable_local ... ok
test tests::top_level_scripts_run_without_main ... ok
test tests::type_checks_the_point_milestone ... ok

test result: ok. 1885 passed; 0 failed; 0 ignored; 0 measured; 0 filtered out; finished in 540.90s

     Running tests/coverage_runtime_errors.rs (target/llvm-cov-target/debug/deps/coverage_runtime_errors-8a69e90c721b829b)

running 4 tests
test path_with_source_public_wrappers_cover_success_and_error_paths ... ok
test runtime_error_surface_covers_public_run_and_explicit_mir_failures ... ok
test runtime_errors_unwind_with_resource_cleanups ... ok
test task_group_queue_iteration_surfaces_a_delayed_sibling_failure ... ok

test result: ok. 4 passed; 0 failed; 0 ignored; 0 measured; 0 filtered out; finished in 0.08s

     Running tests/coverage_surface.rs (target/llvm-cov-target/debug/deps/coverage_surface-a662b57389e8dc56)

running 16 tests
test adr0038_public_entrypoints_preserve_views_closure_loans_and_backend_lowering ... ok
test broad_surface_source_covers_public_compiler_entrypoints ... ok
test imported_main_function_is_not_treated_as_the_local_entrypoint ... ok
test json_semantics_public_analysis_exposes_canonical_enum_identity_and_variant_payloads ... ok
test json_semantics_public_entrypoints_preserve_nested_noncopy_moves_across_value_contexts ... ok
test maintained_example_subset_runs_via_public_entrypoints_and_direct_codegen ... ok
test manifest_authorized_ffi_lowering_exposes_exact_extern_mir_to_backends ... ok
test native_runtime_abi_accepts_valid_embedded_buffers_and_returns_main_code ... ok
test path_surface_covers_modules_analysis_completion_and_direct_codegen ... ok
test public_from_imports_cover_builtin_module_export_resolution ... ok
test public_mir_callable_values_cover_specialization_defaults_and_dynamic_task_targets ... ok
test public_mir_lowering_preserves_contextual_floats_operators_and_consuming_match_updates ... ok
test public_native_codegen_rejects_invalid_mir_surface ... ok
test public_serialized_mir_api_runs_safe_payloads_and_rejects_forged_ffi ... ok
test public_stdout_sink_wrappers_capture_source_path_and_path_override_output ... ok
test public_surface_covers_escape_diagnostics_argument_counts_and_builtin_member_metadata ... ok

test result: ok. 16 passed; 0 failed; 0 ignored; 0 measured; 0 filtered out; finished in 8.71s

     Running tests/ffi_frontend.rs (target/llvm-cov-target/debug/deps/ffi_frontend-272e5e1ba195e554)

running 12 tests
test extern_c_declarations_preserve_their_bodyless_public_ast_contract ... ok
test ffi_keywords_and_reserved_syntax_have_stable_frontend_diagnostics ... ok
test opted_in_package_analysis_exposes_ffi_completions_hovers_and_definitions ... ok
test process_symbol_api_resolves_system_functions_and_teaches_lookup_failures ... ok
test public_ffi_engine_preserves_values_views_handles_and_signature_metadata ... ok
test public_ffi_engine_reports_boundary_failures_without_invoking_invalid_calls ... ok
test public_from_import_preserves_extern_call_and_handle_identity_contracts ... ok
test public_module_exports_preserve_function_and_tuple_callable_contracts ... ok
test public_path_check_pins_extern_results_and_reachable_aggregate_rejections ... ok
test public_path_check_preserves_canonical_imported_opaque_handle_identity ... ok
test public_path_check_preserves_opaque_and_callable_equality_diagnostics ... ok
test public_program_metadata_retrieves_the_checked_consuming_closure ... ok

test result: ok. 12 passed; 0 failed; 0 ignored; 0 measured; 0 filtered out; finished in 0.05s

     Running tests/fixtures.rs (target/llvm-cov-target/debug/deps/fixtures-593102f74616957f)

running 9 tests
test check_fail_fixtures_match_expected_diagnostics ... ok
test check_pass_fixtures_type_check ... ok
test check_path_fail_fixtures_match_expected_diagnostics ... ok
test check_path_pass_fixtures_type_check_with_imports ... ok
test parse_fail_fixtures_match_expected_diagnostics ... ok
test parse_pass_fixtures_parse ... ok
test python_migration_hint_fixtures_match_expected_messages_and_codes ... ok
test run_fail_fixtures_match_expected_diagnostics ... ok
test run_pass_fixtures_match_expected_stdout ... ok

test result: ok. 9 passed; 0 failed; 0 ignored; 0 measured; 0 filtered out; finished in 4.08s

     Running tests/io_network.rs (target/llvm-cov-target/debug/deps/io_network-03c4ee2f63229c5f)

running 7 tests
test advanced_io_and_network_modules_run_through_public_api ... ok
test advanced_io_and_network_surface_type_checks_from_path_context ... ok
test builtin_fs_and_net_modules_run_through_public_api ... ok
test builtin_io_modules_type_check_from_path_context ... ok
test negative_tcp_read_exact_count_reports_runtime_contract_through_public_api ... ok
test unix_and_tls_modules_run_through_public_api ... ok
test zero_sized_udp_reads_return_typed_invalid_input_without_waiting ... ok

test result: ok. 7 passed; 0 failed; 0 ignored; 0 measured; 0 filtered out; finished in 0.23s

     Running tests/mir_backtraces.rs (target/llvm-cov-target/debug/deps/mir_backtraces-544a1336248acf5c)

running 7 tests
test body_trap_captures_active_frames_before_task_group_cleanup ... ok
test cleanup_primary_trap_captures_cleanup_function_and_active_caller_once ... ok
test imported_call_and_cross_module_task_frames_keep_their_own_paths ... ok
test nested_synchronous_trap_records_and_renders_the_aura_call_chain_once ... ok
test nested_task_failure_keeps_youngest_first_typed_ancestry_exactly_once ... ok
test recursion_depth_rejection_does_not_add_the_unentered_callee_frame ... ok
test spawned_child_trap_records_and_renders_task_entry_and_spawn_ancestry ... ok

test result: ok. 7 passed; 0 failed; 0 ignored; 0 measured; 0 filtered out; finished in 0.08s

     Running tests/mir_timer_error_carriers.rs (target/llvm-cov-target/debug/deps/mir_timer_error_carriers-83bc77fbcf3eab1e)

running 3 tests
test mir_network_timer_conversion_errors_stay_inside_the_io_result_carrier ... ok
test mir_no_carrier_timer_failures_are_explicit_au4001_traps ... ok
test mir_supervisor_timer_conversion_uses_each_declared_process_carrier ... ok

test result: ok. 3 passed; 0 failed; 0 ignored; 0 measured; 0 filtered out; finished in 0.09s

     Running tests/modules.rs (target/llvm-cov-target/debug/deps/modules-47407a82462f3fc1)

running 20 tests
test builtin_module_and_member_aliases_resolve ... ok
test calling_private_method_from_another_module_fails ... ok
test dotted_import_binds_module_namespace ... ok
test dotted_import_supports_enum_variants_and_qualified_match_patterns ... ok
test dotted_import_supports_namespace_qualified_type_annotations ... ok
test dotted_import_supports_public_classes_and_methods ... ok
test from_import_aliases_mix_with_direct_entries_and_preserve_nominal_identity ... ok
test from_import_runs_public_function_across_modules ... ok
test import_aliases_preserve_visibility_and_reject_module_scope_collisions ... ok
test imported_public_function_can_call_public_sibling_function ... ok
test imported_public_function_can_construct_public_class_and_call_method ... ok
test imported_trait_impls_apply_across_module_boundaries ... ok
test importing_private_top_level_function_fails ... ok
test metrics_int64_overflow_fails_at_runtime_without_exposing_a_wider_value ... ok
test module_alias_binds_complete_namespace_without_path_root ... ok
test namespace_imports_inside_imported_modules_resolve_in_function_bodies ... ok
test namespace_imports_inside_imported_modules_resolve_in_their_own_scope ... ok
test nested_package_module_can_be_checked_and_analyzed_directly ... ok
test spawned_module_functions_and_associated_methods_run_across_modules ... ok
test transitive_reexported_imports_run ... ok

test result: ok. 20 passed; 0 failed; 0 ignored; 0 measured; 0 filtered out; finished in 0.16s

     Running tests/native_runtime_ffi.rs (target/llvm-cov-target/debug/deps/native_runtime_ffi-942ef8617c73fe80)

running 7 tests
test direct_callable_ffi_symbols_preserve_the_public_runtime_contract ... ok
test direct_ffi_adapter_executes_every_v0_boundary_kind_through_the_library_copy ... ok
test direct_random_ffi_symbols_preserve_the_public_runtime_contract ... ok
test direct_runtime_exported_array_kernels_cover_int64_float32_and_float64 ... ok
test direct_runtime_exported_array_symbols_execute_typed_kernels_through_the_library_copy ... ok
test direct_runtime_exported_ffi_symbols_execute_through_the_library_copy ... ok
test direct_runtime_resource_ffi_symbols_execute_through_the_library_copy ... ok

test result: ok. 7 passed; 0 failed; 0 ignored; 0 measured; 0 filtered out; finished in 0.04s

     Running tests/packages.rs (target/llvm-cov-target/debug/deps/packages-dc6acd60b81a724c)

running 21 tests
test git_dependencies_default_to_main_and_use_the_lockfile_pinned_revision ... ok
test git_dependencies_support_explicit_branch_selection ... ok
test git_dependencies_support_explicit_tag_selection ... ok
test git_dependency_manifest_rejects_dash_prefixed_source_values ... ok
test git_dependency_manifest_rejects_invalid_branch_and_tag_selectors ... ok
test git_dependency_manifest_rejects_invalid_revisions ... ok
test git_dependency_manifest_rejects_mutually_exclusive_source_fields ... ok
test lockfiles_reject_unsupported_versions ... ok
test manifest_packages_reject_symlink_imports_that_escape_the_source_root ... ok
test manifest_rooted_src_package_resolves_local_and_path_dependencies_and_writes_lockfile ... ok
test manifests_reject_excessive_dependency_counts ... ok
test manifests_reject_invalid_package_versions ... ok
test package_dependency_module_constants_initialize_once_before_entry ... ok
test package_manifest_rejects_hyphenated_package_names_that_cannot_be_imported ... ok
test package_manifest_rejects_invalid_package_names ... ok
test package_manifest_rejects_unknown_editions ... ok
test transitive_path_dependencies_resolve_through_the_package_graph ... ok
test update_git_dependencies_refreshes_targeted_and_all_branch_dependencies ... ok
test version_only_dependencies_report_clear_unsupported_error ... ok
test workspace_member_packages_resolve_dependencies_and_write_workspace_lockfile ... ok
test workspace_members_normalize_dot_prefixes_and_trailing_slashes ... ok

test result: ok. 21 passed; 0 failed; 0 ignored; 0 measured; 0 filtered out; finished in 1.24s

     Running tests/process.rs (target/llvm-cov-target/debug/deps/process-665085c5d78ddc4e)

running 5 tests
test builtin_process_module_runs_through_public_api ... ok
test builtin_process_module_type_checks_from_path_context ... ok
test grouped_process_close_terminates_descendants ... ok
test supervisor_duplicate_name_does_not_leave_unmanaged_child_running ... ok
test zero_sized_process_pipe_read_returns_typed_invalid_input_without_consuming ... ok

test result: ok. 5 passed; 0 failed; 0 ignored; 0 measured; 0 filtered out; finished in 0.24s

     Running tests/scheduler_model.rs (target/llvm-cov-target/debug/deps/scheduler_model-97f643866ae9a3b6)

running 5 tests
test bounded_queue_scheduler_model_has_no_loss_duplication_or_deadlock ... ok
test multiple_and_duplicate_notifications_choose_one_winner_and_clean_all_tokens ... ok
test spurious_readiness_rearms_without_spinning_or_stranding_a_racing_edge ... ok
test stale_notification_cannot_wake_a_later_wait_epoch ... ok
test wait_registration_model_has_no_lost_wake_in_any_registration_interleaving ... ok

test result: ok. 5 passed; 0 failed; 0 ignored; 0 measured; 0 filtered out; finished in 0.00s

     Running tests/semantic_interface.rs (target/llvm-cov-target/debug/deps/semantic_interface-87a2ccae725ef399)

running 2 tests
test maintained_protocol_docs_track_the_compiler_owned_schema ... ok
test the_current_language_surface_has_a_compiler_owned_semantic_interface_schema ... ok

test result: ok. 2 passed; 0 failed; 0 ignored; 0 measured; 0 filtered out; finished in 0.00s

Filename                      Regions    Missed Regions     Cover   Functions  Missed Functions  Executed       Lines      Missed Lines     Cover    Branches   Missed Branches     Cover
-----------------------------------------------------------------------------------------------------------------------------------------------------------------------------------------
analysis.rs                      8934               213    97.62%         362                 0   100.00%        6145                81    98.68%           0                 0         -
ast.rs                            199                21    89.45%          15                 0   100.00%         130                 0   100.00%           0                 0         -
builtin_modules.rs               2976                 1    99.97%         122                 0   100.00%        2061                 1    99.95%           0                 0         -
bytes_codec.rs                    450                12    97.33%          33                 0   100.00%         280                 1    99.64%           0                 0         -
call.rs                          1922                 0   100.00%          51                 0   100.00%        1445                 0   100.00%           0                 0         -
diag.rs                           423                 1    99.76%          35                 0   100.00%         350                 1    99.71%           0                 0         -
ffi.rs                            957                15    98.43%          53                 0   100.00%         722                12    98.34%           0                 0         -
integer.rs                        986                 7    99.29%          74                 0   100.00%         629                 0   100.00%           0                 0         -
json_codec.rs                    1200                74    93.83%          83                 0   100.00%         771                 5    99.35%           0                 0         -
lexer.rs                         1810                14    99.23%          36                 0   100.00%        1153                 4    99.65%           0                 0         -
lib.rs                           2019                43    97.87%         145                 0   100.00%        1394                15    98.92%           0                 0         -
mir.rs                          19345               739    96.18%         818                50    93.89%       13157               497    96.22%           0                 0         -
mir_runtime.rs                  14574              1347    90.76%         547                16    97.07%        8824               469    94.68%           0                 0         -
native_codegen.rs               27516              1680    93.89%         397                25    93.70%       15421               672    95.64%           0                 0         -
native_runtime.rs               14285               849    94.06%        1402                34    97.57%        9773               344    96.48%           0                 0         -
package.rs                       2233                94    95.79%         120                 0   100.00%        1649                75    95.45%           0                 0         -
parser.rs                        5147               250    95.14%         150                 0   100.00%        3153                31    99.02%           0                 0         -
randomness.rs                     167                 4    97.60%          19                 0   100.00%         109                 0   100.00%           0                 0         -
runtime_config.rs                 198                 0   100.00%          13                 0   100.00%         125                 0   100.00%           0                 0         -
runtime_reactor.rs               1973                63    96.81%         100                 0   100.00%         933                26    97.21%           0                 0         -
runtime_value.rs                16705              1034    93.81%        1231                30    97.56%       12064               516    95.72%           0                 0         -
sema.rs                         33911              1720    94.93%        1174                39    96.68%       25023              1135    95.46%           0                 0         -
-----------------------------------------------------------------------------------------------------------------------------------------------------------------------------------------
TOTAL                          157930              8181    94.82%        6980               194    97.22%      105311              3885    96.31%           0                 0         -

> aura-monorepo@0.3.3 coverage:lsp:check
> npm --prefix tools/aura-language-server run coverage:check


> aura-language-server@0.3.3 coverage:check
> c8 --check-coverage --lines 100 --branches 100 --functions 100 --statements 100 --reporter=text --reporter=text-summary node --test ./test/*.test.js

TAP version 13
# Subtest: compiler bridge helper conversions cover diagnostics, symbols, and definition ranges
ok 1 - compiler bridge helper conversions cover diagnostics, symbols, and definition ranges
  ---
  duration_ms: 1.957959
  ...
# Subtest: compiler bridge defaults metadata omitted by older compatible records
ok 2 - compiler bridge defaults metadata omitted by older compatible records
  ---
  duration_ms: 0.231583
  ...
# Subtest: compiler bridge preserves populated assertion operand metadata without rewriting it
ok 3 - compiler bridge preserves populated assertion operand metadata without rewriting it
  ---
  duration_ms: 0.074291
  ...
# Subtest: compiler bridge preserves populated runtime frame metadata without rewriting it
ok 4 - compiler bridge preserves populated runtime frame metadata without rewriting it
  ---
  duration_ms: 0.101167
  ...
# Subtest: compiler bridge resolves compiler commands across env, cargo, binaries, and fallback
ok 5 - compiler bridge resolves compiler commands across env, cargo, binaries, and fallback
  ---
  duration_ms: 3.042583
  ...
# Subtest: compiler bridge uri and command helpers handle direct utility cases
ok 6 - compiler bridge uri and command helpers handle direct utility cases
  ---
  duration_ms: 54.468625
  ...
# [aura-lsp] compiler analysis unavailable; using recovery analysis: node:internal/modules/cjs/loader:1228
#   throw err;
#   ^
# Error: Cannot find module '/Users/johnolafenwa/source2/Aurora/tools/aura-language-server/lsp'
#     at Function._resolveFilename (node:internal/modules/cjs/loader:1225:15)
#     at Function._load (node:internal/modules/cjs/loader:1055:27)
#     at TracingChannel.traceSync (node:diagnostics_channel:322:14)
#     at wrapModuleLoad (node:internal/modules/cjs/loader:220:24)
#     at Function.executeUserEntryPoint [as runMain] (node:internal/modules/run_main:170:5)
#     at node:internal/main/run_main_module:36:49 {
#   code: 'MODULE_NOT_FOUND',
#   requireStack: []
# }
# Node.js v22.14.0
# [aura-lsp] compiler completion unavailable; using recovery analysis: node:internal/modules/cjs/loader:1228
#   throw err;
#   ^
# Error: Cannot find module '/Users/johnolafenwa/source2/Aurora/tools/aura-language-server/lsp'
#     at Function._resolveFilename (node:internal/modules/cjs/loader:1225:15)
#     at Function._load (node:internal/modules/cjs/loader:1055:27)
#     at TracingChannel.traceSync (node:diagnostics_channel:322:14)
#     at wrapModuleLoad (node:internal/modules/cjs/loader:220:24)
#     at Function.executeUserEntryPoint [as runMain] (node:internal/modules/run_main:170:5)
#     at node:internal/main/run_main_module:36:49 {
#   code: 'MODULE_NOT_FOUND',
#   requireStack: []
# }
# Node.js v22.14.0
# [aura-lsp] compiler analysis unavailable; using recovery analysis: invalid Aura compiler response: Unexpected token 'o', "not json" is not valid JSON
# Subtest: compiler bridge returns null when compiler output fails or is not valid JSON
ok 7 - compiler bridge returns null when compiler output fails or is not valid JSON
  ---
  duration_ms: 365.0105
  ...
# Subtest: compiler bridge reuses one persistent compiler process
ok 8 - compiler bridge reuses one persistent compiler process
  ---
  duration_ms: 303.537458
  ...
# Subtest: persistent compiler service sends and accepts the current semantic schema
ok 9 - persistent compiler service sends and accepts the current semantic schema
  ---
  duration_ms: 29.822167
  ...
# Subtest: persistent compiler service rejects and disposes a mismatched semantic schema
ok 10 - persistent compiler service rejects and disposes a mismatched semantic schema
  ---
  duration_ms: 26.081041
  ...
# Subtest: persistent compiler service treats a missing semantic schema as incompatible
ok 11 - persistent compiler service treats a missing semantic schema as incompatible
  ---
  duration_ms: 23.988208
  ...
# [aura-lsp] compiler analysis unavailable; using recovery analysis: Aura compiler semantic schema mismatch: received `1`; expected `6`
# Subtest: compiler schema mismatch invalidates cached function-type metadata
ok 12 - compiler schema mismatch invalidates cached function-type metadata
  ---
  duration_ms: 293.274583
  ...
# Subtest: persistent compiler service handles errors, cancellation, and closed requests
ok 13 - persistent compiler service handles errors, cancellation, and closed requests
  ---
  duration_ms: 28.01125
  ...
# Subtest: persistent compiler service enforces timeout and response-size limits
ok 14 - persistent compiler service enforces timeout and response-size limits
  ---
  duration_ms: 35.581875
  ...
# Subtest: persistent compiler service reports spawn and empty-stderr exit failures
ok 15 - persistent compiler service reports spawn and empty-stderr exit failures
  ---
  duration_ms: 22.108959
  ...
# Subtest: compiler bridge accepts non-file URIs when using the compiler subprocess helpers
ok 16 - compiler bridge accepts non-file URIs when using the compiler subprocess helpers
  ---
  duration_ms: 319.698458
  ...
# Subtest: runCommand reports exit status when stderr is empty
ok 17 - runCommand reports exit status when stderr is empty
  ---
  duration_ms: 29.905375
  ...
# Subtest: compiler bridge returns machine-readable analysis for a real example
ok 18 - compiler bridge returns machine-readable analysis for a real example
  ---
  duration_ms: 60.547125
  ...
# Subtest: compiler bridge exposes extern C symbols, hover, definitions, and completions
ok 19 - compiler bridge exposes extern C symbols, hover, definitions, and completions
  ---
  duration_ms: 14.112375
  ...
# Subtest: compiler bridge analyzes and completes inside continued delimiters
ok 20 - compiler bridge analyzes and completes inside continued delimiters
  ---
  duration_ms: 9.629708
  ...
# Subtest: compiler bridge recovers member completion when an earlier line owns the open delimiter
ok 21 - compiler bridge recovers member completion when an earlier line owns the open delimiter
  ---
  duration_ms: 9.199916
  ...
# Subtest: compiler bridge maps mismatched delimiter diagnostics to the opening delimiter
ok 22 - compiler bridge maps mismatched delimiter diagnostics to the opening delimiter
  ---
  duration_ms: 4.511125
  ...
# Subtest: compiler bridge keeps unclosed-delimiter EOF ranges inside a document without a final newline
ok 23 - compiler bridge keeps unclosed-delimiter EOF ranges inside a document without a final newline
  ---
  duration_ms: 4.035166
  ...
# Subtest: compiler bridge preserves assert operand occurrences and keyword completion
ok 24 - compiler bridge preserves assert operand occurrences and keyword completion
  ---
  duration_ms: 8.662958
  ...
# Subtest: compiler bridge exposes yield_now completion and hover metadata
ok 25 - compiler bridge exposes yield_now completion and hover metadata
  ---
  duration_ms: 8.588
  ...
# Subtest: compiler bridge exposes guarded TaskGroup stack override completion and hover
ok 26 - compiler bridge exposes guarded TaskGroup stack override completion and hover
  ---
  duration_ms: 10.482666
  ...
# Subtest: compiler bridge exposes invalid assert diagnostics at the keyword
ok 27 - compiler bridge exposes invalid assert diagnostics at the keyword
  ---
  duration_ms: 5.517917
  ...
# Subtest: compiler bridge preserves len and str builtin calls
ok 28 - compiler bridge preserves len and str builtin calls
  ---
  duration_ms: 7.204709
  ...
# Subtest: compiler bridge exposes all public length members as int64
ok 29 - compiler bridge exposes all public length members as int64
  ---
  duration_ms: 8.598667
  ...
# Subtest: compiler bridge preserves enumerate and zip loop operands
ok 30 - compiler bridge preserves enumerate and zip loop operands
  ---
  duration_ms: 8.263
  ...
# Subtest: compiler bridge preserves membership and comparison chain operands
ok 31 - compiler bridge preserves membership and comparison chain operands
  ---
  duration_ms: 7.558
  ...
# Subtest: compiler bridge preserves conditional operands and bool diagnostics
ok 32 - compiler bridge preserves conditional operands and bool diagnostics
  ---
  duration_ms: 7.374458
  ...
# Subtest: compiler bridge preserves real ownership provenance, help, and safe edits
ok 33 - compiler bridge preserves real ownership provenance, help, and safe edits
  ---
  duration_ms: 5.425375
  ...
# Subtest: compiler bridge preserves nested Transfer diagnostics and provenance
ok 34 - compiler bridge preserves nested Transfer diagnostics and provenance
  ---
  duration_ms: 5.668083
  ...
# Subtest: compiler bridge preserves single-consumer duplication diagnostics
ok 35 - compiler bridge preserves single-consumer duplication diagnostics
  ---
  duration_ms: 6.719208
  ...
# Subtest: compiler bridge preserves single-consumer Task alias provenance
ok 36 - compiler bridge preserves single-consumer Task alias provenance
  ---
  duration_ms: 5.46175
  ...
# Subtest: compiler bridge teaches conditional task consumption and Queue Transfer
ok 37 - compiler bridge teaches conditional task consumption and Queue Transfer
  ---
  duration_ms: 13.140917
  ...
# Subtest: compiler bridge preserves Queue and Range iteration carve-out diagnostics
ok 38 - compiler bridge preserves Queue and Range iteration carve-out diagnostics
  ---
  duration_ms: 12.566542
  ...
# Subtest: compiler bridge returns member completions from the compiler
ok 39 - compiler bridge returns member completions from the compiler
  ---
  duration_ms: 6.988375
  ...
# Subtest: compiler bridge preserves the integer true-division teaching diagnostic
ok 40 - compiler bridge preserves the integer true-division teaching diagnostic
  ---
  duration_ms: 6.614833
  ...
# Subtest: compiler bridge accepts chained comparisons
ok 41 - compiler bridge accepts chained comparisons
  ---
  duration_ms: 7.096583
  ...
# Subtest: compiler bridge preserves indexed non-copy ownership diagnostic codes
ok 42 - compiler bridge preserves indexed non-copy ownership diagnostic codes
  ---
  duration_ms: 6.549917
  ...
# Subtest: compiler bridge propagates clone-safety-aware indexed read guidance
ok 43 - compiler bridge propagates clone-safety-aware indexed read guidance
  ---
  duration_ms: 8.105625
  ...
# Subtest: compiler bridge reports typed self with the receiver-forms diagnostic
ok 44 - compiler bridge reports typed self with the receiver-forms diagnostic
  ---
  duration_ms: 4.219167
  ...
# Subtest: compiler bridge preserves canonical receiver contracts in hover and completion
ok 45 - compiler bridge preserves canonical receiver contracts in hover and completion
  ---
  duration_ms: 10.275875
  ...
# Subtest: compiler bridge preserves ordinary parameter ownership in hover and diagnostics
ok 46 - compiler bridge preserves ordinary parameter ownership in hover and diagnostics
  ---
  duration_ms: 8.271792
  ...
# Subtest: compiler bridge exposes capture-free function values and rejects method values
ok 47 - compiler bridge exposes capture-free function values and rejects method values
  ---
  duration_ms: 12.234083
  ...
# Subtest: compiler bridge completes to_float for every integer type
ok 48 - compiler bridge completes to_float for every integer type
  ---
  duration_ms: 29.936833
  ...
# Subtest: compiler bridge exposes the complete math module function surface
ok 49 - compiler bridge exposes the complete math module function surface
  ---
  duration_ms: 13.522083
  ...
# Subtest: compiler bridge exposes the complete Duration surface and operator precedence
ok 50 - compiler bridge exposes the complete Duration surface and operator precedence
  ---
  duration_ms: 21.282792
  ...
# Subtest: compiler bridge understands trait symbols and trait method completions
ok 51 - compiler bridge understands trait symbols and trait method completions
  ---
  duration_ms: 9.2385
  ...
# Subtest: compiler bridge resolves local module imports for analysis and completions
ok 52 - compiler bridge resolves local module imports for analysis and completions
  ---
  duration_ms: 9.789792
  ...
# Subtest: compiler bridge exposes module constants through symbols hover definitions and completions
ok 53 - compiler bridge exposes module constants through symbols hover definitions and completions
  ---
  duration_ms: 16.699708
  ...
# Subtest: compiler bridge explains module constants that read top-level script locals
ok 54 - compiler bridge explains module constants that read top-level script locals
  ---
  duration_ms: 5.3675
  ...
# Subtest: compiler bridge preserves import aliases in hover, definitions, and completions
ok 55 - compiler bridge preserves import aliases in hover, definitions, and completions
  ---
  duration_ms: 25.422375
  ...
# Subtest: compiler bridge preserves definitions for namespace-imported symbols
ok 56 - compiler bridge preserves definitions for namespace-imported symbols
  ---
  duration_ms: 8.874667
  ...
# Subtest: compiler bridge records enum variant occurrences in match patterns
ok 57 - compiler bridge records enum variant occurrences in match patterns
  ---
  duration_ms: 6.476625
  ...
# Subtest: compiler bridge scopes or-pattern bindings through guards and arm bodies
ok 58 - compiler bridge scopes or-pattern bindings through guards and arm bodies
  ---
  duration_ms: 6.673875
  ...
# Subtest: compiler bridge preserves complete owned enum payload signatures
ok 59 - compiler bridge preserves complete owned enum payload signatures
  ---
  duration_ms: 19.631084
  ...
# Subtest: compiler bridge includes imported trait methods in completions
ok 60 - compiler bridge includes imported trait methods in completions
  ---
  duration_ms: 15.299375
  ...
# Subtest: compiler bridge preserves cross-file definitions for imported function, field, and trait method uses
ok 61 - compiler bridge preserves cross-file definitions for imported function, field, and trait method uses
  ---
  duration_ms: 12.2085
  ...
# Subtest: compiler bridge analyzes and completes manifest-rooted path dependencies
ok 62 - compiler bridge analyzes and completes manifest-rooted path dependencies
  ---
  duration_ms: 16.75325
  ...
# Subtest: compiler bridge analyzes and completes manifest-rooted git dependencies
ok 63 - compiler bridge analyzes and completes manifest-rooted git dependencies
  ---
  duration_ms: 206.175917
  ...
# Subtest: compiler bridge maps cross-file definitions to file URIs
ok 64 - compiler bridge maps cross-file definitions to file URIs
  ---
  duration_ms: 0.145417
  ...
# Subtest: compiler bridge includes list collection members in completions
ok 65 - compiler bridge includes list collection members in completions
  ---
  duration_ms: 9.462917
  ...
# Subtest: compiler bridge exposes list algorithm hover contracts
ok 66 - compiler bridge exposes list algorithm hover contracts
  ---
  duration_ms: 7.302667
  ...
# Subtest: compiler bridge includes str and dict builtin members in completions
ok 67 - compiler bridge includes str and dict builtin members in completions
  ---
  duration_ms: 10.828959
  ...
# Subtest: compiler bridge exposes typed select inference, hover, and outcome completions
ok 68 - compiler bridge exposes typed select inference, hover, and outcome completions
  ---
  duration_ms: 13.274083
  ...
# Subtest: compiler bridge preserves typed select diagnostic codes and guidance
ok 69 - compiler bridge preserves typed select diagnostic codes and guidance
  ---
  duration_ms: 8.551041
  ...
# Subtest: compiler bridge withholds typed select inference for rejected keyword arguments
ok 70 - compiler bridge withholds typed select inference for rejected keyword arguments
  ---
  duration_ms: 5.463166
  ...
# Subtest: compiler bridge preserves typed select builtin redefinition diagnostics
ok 71 - compiler bridge preserves typed select builtin redefinition diagnostics
  ---
  duration_ms: 5.974541
  ...
# Subtest: compiler bridge exposes canonical set members and tuple-shaped dict items
ok 72 - compiler bridge exposes canonical set members and tuple-shaped dict items
  ---
  duration_ms: 12.193083
  ...
# Subtest: compiler bridge exposes collection with_capacity constructors
ok 73 - compiler bridge exposes collection with_capacity constructors
  ---
  duration_ms: 12.841334
  ...
# Subtest: compiler bridge includes builtin io/fs/net module and resource members
ok 74 - compiler bridge includes builtin io/fs/net module and resource members
  ---
  duration_ms: 57.474458
  ...
# Subtest: compiler bridge includes builtin process module and resource members
ok 75 - compiler bridge includes builtin process module and resource members
  ---
  duration_ms: 22.011458
  ...
# Subtest: compiler bridge exposes control-plane module completions
ok 76 - compiler bridge exposes control-plane module completions
  ---
  duration_ms: 31.189125
  ...
# Subtest: compiler bridge exposes the recursive json.Value contract
ok 77 - compiler bridge exposes the recursive json.Value contract
  ---
  duration_ms: 22.087541
  ...
# Subtest: compiler bridge analyzes indexed member chains and f-string indexed lookups
ok 78 - compiler bridge analyzes indexed member chains and f-string indexed lookups
  ---
  duration_ms: 7.827083
  ...
# Subtest: compiler bridge analyzes single-quoted strings nested in f-string interpolations
ok 79 - compiler bridge analyzes single-quoted strings nested in f-string interpolations
  ---
  duration_ms: 6.741292
  ...
# Subtest: compiler bridge analyzes exact string forms and typed format specifications
ok 80 - compiler bridge analyzes exact string forms and typed format specifications
  ---
  duration_ms: 8.005292
  ...
# Subtest: compiler bridge recovers completions and symbols for dangling-dot EOF buffers
ok 81 - compiler bridge recovers completions and symbols for dangling-dot EOF buffers
  ---
  duration_ms: 10.59525
  ...
# Subtest: compiler bridge preserves member completion inside a call with an unrelated diagnostic
ok 82 - compiler bridge preserves member completion inside a call with an unrelated diagnostic
  ---
  duration_ms: 7.693334
  ...
# Subtest: compiler bridge exposes one random.Rng constructor and its stateful members
ok 83 - compiler bridge exposes one random.Rng constructor and its stateful members
  ---
  duration_ms: 14.717208
  ...
# Subtest: compiler bridge exposes the canonical bytes module, errors, and str conversions
ok 84 - compiler bridge exposes the canonical bytes module, errors, and str conversions
  ---
  duration_ms: 20.876917
  ...
# Subtest: compiler bridge recovers imported completions and symbols when a buffer contains multiple dangling dots
ok 85 - compiler bridge recovers imported completions and symbols when a buffer contains multiple dangling dots
  ---
  duration_ms: 15.242708
  ...
# Subtest: compiler bridge exposes tuple return, index, destructuring, loop, and pattern analysis
ok 86 - compiler bridge exposes tuple return, index, destructuring, loop, and pattern analysis
  ---
  duration_ms: 7.743875
  ...
# Subtest: compiler bridge maps non-copy tuple index diagnostics
ok 87 - compiler bridge maps non-copy tuple index diagnostics
  ---
  duration_ms: 5.869625
  ...
# Subtest: compiler bridge exposes structural tuple equality and ordering diagnostics
ok 88 - compiler bridge exposes structural tuple equality and ordering diagnostics
  ---
  duration_ms: 8.944416
  ...
# Subtest: compiler bridge exposes contextual lambda scope, hover, definitions, and completions
ok 89 - compiler bridge exposes contextual lambda scope, hover, definitions, and completions
  ---
  duration_ms: 9.116292
  ...
# Subtest: compiler bridge exposes ADR-0038 view provenance and returned-view contracts
ok 90 - compiler bridge exposes ADR-0038 view provenance and returned-view contracts
  ---
  duration_ms: 18.777291
  ...
# Subtest: compiler bridge completes capture boundaries and resolves bounded returned-view methods
ok 91 - compiler bridge completes capture boundaries and resolves bounded returned-view methods
  ---
  duration_ms: 28.344959
  ...
# Subtest: compiler bridge exposes progressively scoped comprehension intelligence
ok 92 - compiler bridge exposes progressively scoped comprehension intelligence
  ---
  duration_ms: 21.328709
  ...
# Subtest: compiler bridge preserves owned slice result types, endpoint intelligence, and diagnostics
ok 93 - compiler bridge preserves owned slice result types, endpoint intelligence, and diagnostics
  ---
  duration_ms: 14.886542
  ...
# [aura-lsp] compiler completion unavailable; using recovery analysis: error[AU1101]: expected an iterable expression after `in` in comprehension
#  --> /private/var/folders/v9/fdd3rcn92b16ngnbyc64fw3w0000gn/T/aura-lsp-incomplete-comprehension-EqPmQE/iterable.au:2:34
#   |
# 2 |     result = [value for value in ]
#   |                                  ^
# [aura-lsp] compiler completion unavailable; using recovery analysis: error[AU1101]: expected a filter expression after `if` in comprehension
#  --> /private/var/folders/v9/fdd3rcn92b16ngnbyc64fw3w0000gn/T/aura-lsp-incomplete-comprehension-EqPmQE/filter.au:2:44
#   |
# 2 |     result = [value for value in values if ]
#   |                                            ^
# Subtest: compiler bridge preserves incomplete comprehension diagnostics without stale intelligence
ok 94 - compiler bridge preserves incomplete comprehension diagnostics without stale intelligence
  ---
  duration_ms: 5.278542
  ...
# Subtest: compiler bridge preserves closure capture ownership diagnostics and guidance
ok 95 - compiler bridge preserves closure capture ownership diagnostics and guidance
  ---
  duration_ms: 7.69825
  ...
# Subtest: compiler bridge exposes the global numeric Array surface and result types
ok 96 - compiler bridge exposes the global numeric Array surface and result types
  ---
  duration_ms: 15.4645
  ...
# Subtest: document state cache re-analyzes unchanged versions after invalidation
ok 97 - document state cache re-analyzes unchanged versions after invalidation
  ---
  duration_ms: 0.619458
  ...
# Subtest: document state cache drops closed documents
ok 98 - document state cache drops closed documents
  ---
  duration_ms: 0.200042
  ...
# Subtest: validateOpenDocuments revalidates every open document
ok 99 - validateOpenDocuments revalidates every open document
  ---
  duration_ms: 0.443292
  ...
# Subtest: document state cache deduplicates in-flight analysis for the same version
ok 100 - document state cache deduplicates in-flight analysis for the same version
  ---
  duration_ms: 0.099667
  ...
# Subtest: older analysis cannot overwrite a newer document version
ok 101 - older analysis cannot overwrite a newer document version
  ---
  duration_ms: 0.105916
  ...
# Subtest: dependency invalidation touches only a changed document and its dependents
ok 102 - dependency invalidation touches only a changed document and its dependents
  ---
  duration_ms: 0.193458
  ...
# Subtest: failed analysis is evicted without deleting a newer in-flight version
ok 103 - failed analysis is evicted without deleting a newer in-flight version
  ---
  duration_ms: 0.349125
  ...
# Subtest: dependency invalidation terminates when dependencies form a cycle
ok 104 - dependency invalidation terminates when dependencies form a cycle
  ---
  duration_ms: 0.103208
  ...
# Subtest: recovery analysis only recovers declaration structure
ok 105 - recovery analysis only recovers declaration structure
  ---
  duration_ms: 1.193208
  ...
# Subtest: recovery completion exposes keywords builtins and declarations but no member semantics
ok 106 - recovery completion exposes keywords builtins and declarations but no member semantics
  ---
  duration_ms: 0.798166
  ...
# Subtest: recovery hover and definition resolve only recovered declarations
ok 107 - recovery hover and definition resolve only recovered declarations
  ---
  duration_ms: 0.348667
  ...
# Subtest: recovery document symbols tolerate empty and nested declarations
ok 108 - recovery document symbols tolerate empty and nested declarations
  ---
  duration_ms: 0.098084
  ...
# Subtest: recovery preserves extern C declarations while the compiler is unavailable
ok 109 - recovery preserves extern C declarations while the compiler is unavailable
  ---
  duration_ms: 0.183792
  ...
# Subtest: recovery locates an extern declaration named C after the ABI string
ok 110 - recovery locates an extern declaration named C after the ABI string
  ---
  duration_ms: 0.105917
  ...
# Subtest: uri helper preserves UNC and local file paths
ok 111 - uri helper preserves UNC and local file paths
  ---
  duration_ms: 0.584958
  ...
1..111
# tests 111
# suites 0
# pass 111
# fail 0
# cancelled 0
# skipped 0
# todo 0
# duration_ms 2758.200583
--------------------|---------|----------|---------|---------|-------------------
File                | % Stmts | % Branch | % Funcs | % Lines | Uncovered Line #s 
--------------------|---------|----------|---------|---------|-------------------
All files           |     100 |      100 |     100 |     100 |                   
 compiler_bridge.js |     100 |      100 |     100 |     100 |                   
 document_state.js  |     100 |      100 |     100 |     100 |                   
 recovery.js        |     100 |      100 |     100 |     100 |                   
 uri.js             |     100 |      100 |     100 |     100 |                   
--------------------|---------|----------|---------|---------|-------------------

=============================== Coverage summary ===============================
Statements   : 100% ( 944/944 )
Branches     : 100% ( 254/254 )
Functions    : 100% ( 49/49 )
Lines        : 100% ( 944/944 )
================================================================================

> aura-monorepo@0.3.3 check:reference
> bash scripts/check-reference.sh

Build-derived LLM documentation is current.
...........
----------------------------------------------------------------------
Ran 11 tests in 0.005s

OK
docs/manual/numeric-arrays.md:247:signed zero, arithmetic modes and first-trap indices. SIMD does not introduce
Phase 7.3 docs claim an unratified SIMD implementation detail
